Fecha;Jugador;Cofre
2026-07-08 22:28:48;   mauro;level 25 crypt
2026-07-08 22:28:49;   mauro;level 20 crypt
2026-07-08 22:28:49;   mauro;level 30 epic crypt
2026-07-08 22:28:50;   lordriel;level 25 crypt
2026-07-08 22:28:51;   mauro;level 25 crypt
2026-07-08 22:28:52;   lordriel;level 25 crypt
2026-07-08 22:28:52;   lordriel;level 25 crypt
2026-07-08 22:28:53;   turbiybiczu;level 15 crypt
2026-07-08 22:28:54;   turbiybiczu;level 10 crypt
2026-07-08 22:28:55;   turbiybiczu;level 20 crypt
2026-07-08 22:28:55;   turbiybiczu;level 15 crypt
2026-07-08 22:28:56;   asturi;level 20 citadel
2026-07-08 22:28:57;   asturi;level 20 citadel
2026-07-08 22:28:58;   asturi;level 20 citadel
2026-07-08 22:28:59;   asturi;level 20 citadel
2026-07-08 22:29:00;   turbiybiczu;level 20 crypt
2026-07-08 22:29:00;   turbiybiczu;level 15 crypt
2026-07-08 22:29:01;   directhor;mercenary exchange
2026-07-08 22:29:02;   lan;level 20 crypt
2026-07-08 22:29:03;   lan;level 20 crypt
2026-07-08 22:29:04;   lan;level 20 crypt
2026-07-08 22:29:04;   directhor;level 25 crypt
2026-07-08 22:29:05;   directhor;level 25 crypt
2026-07-08 22:29:06;   lan;level 20 crypt
2026-07-08 22:29:06;   directhor;level 25 crypt
2026-07-08 22:29:07;   directhor;level 25 epic crypt
2026-07-08 22:29:08;   directhor;level 25 epic crypt
2026-07-08 22:29:09;   colis;level 15 crypt
2026-07-08 22:29:09;   colis;level 15 crypt
2026-07-08 22:29:10;   colis;level 15 crypt
2026-07-08 22:29:11;   colis;level 15 crypt
2026-07-08 22:29:12;   colis;level 15 crypt
2026-07-08 22:29:12;   colis;level 15 crypt
2026-07-08 22:29:13;   colis;level 15 crypt
2026-07-08 22:29:14;   asturi;level 20 citadel
2026-07-08 22:29:14;   francescaromana;level 15 crypt
2026-07-08 22:29:15;   francescaromana;level 20 crypt
2026-07-08 22:29:16;   findanel;level 15 crypt
2026-07-08 22:29:17;   findanel;level 15 crypt
2026-07-08 22:29:17;   asturi;level 20 citadel
2026-07-08 22:29:18;   findanel;level 15 crypt
2026-07-08 22:29:19;   findanel;level 15 crypt
2026-07-08 22:29:20;   findanel;level 15 crypt
2026-07-08 22:29:20;   findanel;level 15 crypt
2026-07-08 22:29:21;   findanel;level 15 crypt
2026-07-08 22:29:22;   asturi;level 20 citadel
2026-07-08 22:29:23;   malvina;level 20 crypt
2026-07-08 22:29:23;   malvina;level 25 crypt
2026-07-08 22:29:24;   durga;level 25 rare crypt
2026-07-08 22:29:25;   durga;level 25 rare crypt
2026-07-08 22:29:26;   marrar;level 25 rare crypt
2026-07-08 22:29:26;   durga;level 25 crypt
2026-07-08 22:29:27;   durga;level 15 rare crypt
2026-07-08 22:29:28;   durga;level 20 epic crypt
2026-07-08 22:29:28;   durga;level 25 crypt
2026-07-08 22:29:29;   the mighty lord;level 25 citadel
2026-07-08 22:29:30;   durga;level 20 crypt
2026-07-08 22:29:31;   the mighty lord;level 25 rare crypt
2026-07-08 22:29:31;   asturi;level 20 citadel
2026-07-08 22:29:32;   durga;level 20 crypt
2026-07-08 22:29:33;"   yime ""y";level 25 crypt
2026-07-08 22:29:34;"   yime ""y";level 25 crypt
2026-07-08 22:29:34;   asturi;level 20 citadel
2026-07-08 22:29:35;"   yime ""y";mercenary exchange
2026-07-08 22:29:36;   asturi;level 20 citadel
2026-07-08 22:29:36;   francescaromana;level 20 crypt
2026-07-08 22:29:37;   asturi;level 20 citadel
2026-07-08 22:29:38;   rufean 11;level 10 crypt
2026-07-08 22:29:39;   malorius;level 20 crypt
2026-07-08 22:29:39;   malorius;level 20 crypt
2026-07-08 22:29:40;   malorius;level 20 crypt
2026-07-08 22:29:41;   malorius;level 20 crypt
2026-07-08 22:29:42;   malorius;level 20 crypt
2026-07-08 22:29:42;   malorius;level 20 crypt
2026-07-08 22:29:43;   malorius;level 20 crypt
2026-07-08 22:29:44;   malorius;level 20 crypt
2026-07-08 22:29:45;   malorius;level 25 crypt
2026-07-08 22:29:45;   malorius;level 20 crypt
2026-07-08 22:29:46;   asturi;level 20 citadel
2026-07-08 22:29:47;   malorius;level 25 crypt
2026-07-08 22:29:47;   malorius;level 20 crypt
2026-07-08 22:29:48;   keradred;rise of the ancients event
2026-07-08 22:29:49;   keradred;rise of the ancients event
2026-07-08 22:29:50;   keradred;rise of the ancients event
2026-07-08 22:29:50;   keradred;rise of the ancients event
2026-07-08 22:29:51;   keradred;rise of the ancients event
2026-07-08 22:29:52;   keradred;rise of the ancients event
2026-07-08 22:29:53;   keradred;rise of the ancients event
2026-07-08 22:29:53;   keradred;rise of the ancients event
2026-07-08 22:29:54;   keradred;rise of the ancients event
2026-07-08 22:29:55;   keradred;rise of the ancients event
2026-07-08 22:29:56;   keradred;rise of the ancients event
2026-07-08 22:29:56;   keradred;rise of the ancients event
2026-07-08 22:29:57;   keradred;rise of the ancients event
2026-07-08 22:29:58;   asturi;level 20 citadel
2026-07-08 22:29:58;   keradred;level 25 epic crypt
2026-07-08 22:29:59;   keradred;level 25 epic crypt
2026-07-08 22:30:00;   marrar;level 25 crypt
2026-07-08 22:30:01;   marrar;level 20 crypt
2026-07-08 22:30:01;   marrar;level 20 epic crypt
2026-07-08 22:30:02;   findanel;level 15 crypt
2026-07-08 22:30:03;   marrar;level 20 crypt
2026-07-08 22:30:04;   findanel;level 15 crypt
2026-07-08 22:30:04;   findanel;level 15 crypt
2026-07-08 22:30:05;   marrar;level 20 crypt
2026-07-08 22:30:06;   findanel;level 15 crypt
2026-07-08 22:30:06;   marrar;level 25 crypt
2026-07-08 22:30:07;   marrar;level 20 crypt
2026-07-08 22:30:08;   marrar;level 20 crypt
2026-07-08 22:30:09;   findanel;level 15 crypt
2026-07-08 22:30:09;   marrar;level 20 crypt
2026-07-08 22:30:10;   findanel;level 15 crypt
2026-07-08 22:30:11;   findanel;level 15 crypt
2026-07-08 22:30:12;   findanel;level 15 crypt
2026-07-08 22:30:12;   findanel;level 15 crypt
2026-07-08 22:30:13;   findanel;level 15 crypt
2026-07-08 22:30:14;   alma;arena
2026-07-08 22:30:14;   ulises el floreros;level 20 crypt
2026-07-08 22:30:15;   ulises el floreros;level 20 crypt
2026-07-08 22:30:16;   ulises el floreros;level 20 crypt
2026-07-08 22:30:17;   alma;level 20 epic crypt
2026-07-08 22:30:17;   manuelhh;level 15 crypt
2026-07-08 22:30:18;   ulises el floreros;level 17 heroic monster
2026-07-08 22:30:19;   manuelhh;level 20 crypt
2026-07-08 22:30:20;   manuelhh;level 15 crypt
2026-07-08 22:30:20;   ulises el floreros;level 22 heroic monster
2026-07-08 22:30:21;   manuelhh;level 20 epic crypt
2026-07-08 22:30:22;   ulises el floreros;level 15 citadel
2026-07-08 22:30:23;   manuelhh;level 25 crypt
2026-07-08 22:30:23;   ulises el floreros;level 20 citadel
2026-07-08 22:30:24;   ulises el floreros;level 20 rare crypt
2026-07-08 22:30:25;   ulises el floreros;level 15 rare crypt
2026-07-08 22:30:25;   durga;clan wealth
2026-07-08 22:30:26;   durga;clan wealth
2026-07-08 22:30:27;   durga;clan wealth
2026-07-08 22:30:28;   durga;clan wealth
2026-07-08 22:30:28;   francescaromana;level 20 crypt
2026-07-08 22:30:29;   rafail;level 20 crypt
2026-07-08 22:30:30;   rafail;level 20 crypt
2026-07-08 22:30:31;   kezuru es;mercenary exchange
2026-07-08 22:30:31;   biin;level 25 crypt
2026-07-08 22:30:32;   biin;level 25 crypt
2026-07-08 22:30:33;   biin;level 10 crypt
2026-07-08 22:30:33;   biin;level 10 crypt
2026-07-08 22:30:34;   biin;level 15 epic crypt
2026-07-08 22:30:35;   biin;level 15 crypt
2026-07-08 22:30:36;   biin;level 5 crypt
2026-07-08 22:30:36;   biin;level 5 crypt
2026-07-08 22:30:37;   biin;level 25 crypt
2026-07-08 22:30:38;   biin;level 15 crypt
2026-07-08 22:30:39;   biin;level 10 crypt
2026-07-08 22:30:39;   biin;level 10 crypt
2026-07-08 22:30:40;   biin;level 25 epic crypt
2026-07-08 22:30:41;   boy name;rise of the ancients event
2026-07-08 22:30:42;   sisu;rise of the ancients event
2026-07-08 22:30:42;   sisu;rise of the ancients event
2026-07-08 22:30:43;   sisu;rise of the ancients event
2026-07-08 22:30:44;   sisu;rise of the ancients event
2026-07-08 22:30:45;   astralsito;rise of the ancients event
2026-07-08 22:30:45;   astralsito;rise of the ancients event
2026-07-08 22:30:46;   astralsito;rise of the ancients event
2026-07-08 22:30:47;   astralsito;rise of the ancients event
2026-07-08 22:30:48;   sisu;rise of the ancients event
2026-07-08 22:30:48;   lan;rise of the ancients event
2026-07-08 22:30:49;   lan;rise of the ancients event
2026-07-08 22:30:50;   lan;rise of the ancients event
2026-07-08 22:30:50;   lan;rise of the ancients event
2026-07-08 22:30:51;   rafail;rise of the ancients event
2026-07-08 22:30:52;   rafail;rise of the ancients event
2026-07-08 22:30:53;   rafail;rise of the ancients event
2026-07-08 22:30:53;   rafail;rise of the ancients event
2026-07-08 22:30:54;   rafail;rise of the ancients event
2026-07-08 22:30:55;   kishura;rise of the ancients event
2026-07-08 22:30:56;   kishura;rise of the ancients event
2026-07-08 22:30:56;   kishura;rise of the ancients event
2026-07-08 22:30:57;   kishura;rise of the ancients event
2026-07-08 22:30:58;   nemean;rise of the ancients event
2026-07-08 22:30:58;   nemean;rise of the ancients event
2026-07-08 22:30:59;   nemean;rise of the ancients event
2026-07-08 22:31:00;   nemean;rise of the ancients event
2026-07-08 22:31:01;   jhanau kong;rise of the ancients event
2026-07-08 22:31:01;   jhanau kong;rise of the ancients event
2026-07-08 22:31:02;   jhanau kong;rise of the ancients event
2026-07-08 22:31:03;   jhanau kong;rise of the ancients event
2026-07-08 22:31:04;   jhanau kong;rise of the ancients event
2026-07-08 22:31:04;   jhanau kong;rise of the ancients event
2026-07-08 22:31:05;   jhanau kong;rise of the ancients event
2026-07-08 22:31:06;   jhanau kong;rise of the ancients event
2026-07-08 22:31:07;   lan;rise of the ancients event
2026-07-08 22:31:07;   nemean;rise of the ancients event
2026-07-08 22:31:08;   boy oh boy;rise of the ancients event
2026-07-08 22:31:09;   boy oh boy;rise of the ancients event
2026-07-08 22:31:09;   boy oh boy;rise of the ancients event
2026-07-08 22:31:10;   boy oh boy;rise of the ancients event
2026-07-08 22:31:11;   berrygoblina;rise of the ancients event
2026-07-08 22:31:12;   berrygoblina;rise of the ancients event
2026-07-08 22:31:12;   berrygoblina;rise of the ancients event
2026-07-08 22:31:13;   berrygoblina;rise of the ancients event
2026-07-08 22:31:14;   berrygoblina;rise of the ancients event
2026-07-08 22:31:15;   boy oh boy;rise of the ancients event
2026-07-08 22:31:15;   purple rain;rise of the ancients event
2026-07-08 22:31:16;   purple rain;rise of the ancients event
2026-07-08 22:31:17;   purple rain;rise of the ancients event
2026-07-08 22:31:18;   purple rain;rise of the ancients event
2026-07-08 22:31:18;   purple rain;rise of the ancients event
2026-07-08 22:31:19;   purple rain;rise of the ancients event
2026-07-08 22:31:20;   purple rain;rise of the ancients event
2026-07-08 22:31:21;   purple rain;rise of the ancients event
2026-07-08 22:31:21;   purple rain;rise of the ancients event
2026-07-08 22:31:22;   purple rain;rise of the ancients event
2026-07-08 22:31:23;   purple rain;rise of the ancients event
2026-07-08 22:31:24;   purple rain;rise of the ancients event
2026-07-08 22:31:24;   purple rain;rise of the ancients event
2026-07-08 22:31:25;   sisusk;rise of the ancients event
2026-07-08 22:31:26;   sisusk;rise of the ancients event
2026-07-08 22:31:26;   sisusk;rise of the ancients event
2026-07-08 22:31:27;   sisusk;rise of the ancients event
2026-07-08 22:31:28;   sisusk;rise of the ancients event
2026-07-08 22:31:29;   kishura;rise of the ancients event
2026-07-08 22:31:29;   sisusk;rise of the ancients event
2026-07-08 22:31:30;   sisusk;rise of the ancients event
2026-07-08 22:31:31;   sisusk;rise of the ancients event
2026-07-08 22:31:32;   sisusk;rise of the ancients event
2026-07-08 22:31:32;   sisusk;rise of the ancients event
2026-07-08 22:31:33;   sisusk;rise of the ancients event
2026-07-08 22:31:34;   sisusk;rise of the ancients event
2026-07-08 22:31:34;   sisusk;rise of the ancients event
2026-07-08 22:31:35;   berrygoblina;rise of the ancients event
2026-07-08 22:31:36;   berrygoblina;rise of the ancients event
2026-07-08 22:31:37;   berrygoblina;rise of the ancients event
2026-07-08 22:31:37;   berrygoblina;rise of the ancients event
2026-07-08 22:31:38;   berrygoblina;rise of the ancients event
2026-07-08 22:31:39;   berrygoblina;rise of the ancients event
2026-07-08 22:31:40;   berrygoblina;rise of the ancients event
2026-07-08 22:31:40;   berrygoblina;rise of the ancients event
2026-07-08 22:31:41;   nemean;rise of the ancients event
2026-07-08 22:31:42;   nemean;rise of the ancients event
2026-07-08 22:31:43;   nemean;rise of the ancients event
2026-07-08 22:31:43;   nemean;rise of the ancients event
2026-07-08 22:31:44;   nemean;rise of the ancients event
2026-07-08 22:31:45;   nemean;rise of the ancients event
2026-07-08 22:31:46;   nemean;rise of the ancients event
2026-07-08 22:31:46;   nemean;rise of the ancients event
2026-07-08 22:31:47;   sisu;rise of the ancients event
2026-07-08 22:31:48;   sisu;rise of the ancients event
2026-07-08 22:31:49;   sisu;rise of the ancients event
2026-07-08 22:31:49;   sisu;rise of the ancients event
2026-07-08 22:31:50;   sisu;rise of the ancients event
2026-07-08 22:31:51;   sisu;rise of the ancients event
2026-07-08 22:31:51;   sisu;rise of the ancients event
2026-07-08 22:31:52;   sisu;rise of the ancients event
2026-07-08 22:31:53;   nimona;rise of the ancients event
2026-07-08 22:31:54;   nimona;rise of the ancients event
2026-07-08 22:31:54;   nimona;rise of the ancients event
2026-07-08 22:31:55;   nimona;rise of the ancients event
2026-07-08 22:31:56;   nimona;rise of the ancients event
2026-07-08 22:31:57;   biin;rise of the ancients event
2026-07-08 22:31:57;   biin;rise of the ancients event
2026-07-08 22:31:58;   biin;rise of the ancients event
2026-07-08 22:31:59;   biin;rise of the ancients event
2026-07-08 22:32:00;   lagar;rise of the ancients event
2026-07-08 22:32:00;   lagar;rise of the ancients event
2026-07-08 22:32:01;   lagar;rise of the ancients event
2026-07-08 22:32:02;   lagar;rise of the ancients event
2026-07-08 22:32:02;   lagar;rise of the ancients event
2026-07-08 22:32:03;   rafail;rise of the ancients event
2026-07-08 22:32:04;   rafail;rise of the ancients event
2026-07-08 22:32:05;   rafail;rise of the ancients event
2026-07-08 22:32:05;   rafail;rise of the ancients event
2026-07-08 22:32:06;   rafail;rise of the ancients event
2026-07-08 22:32:07;   rafail;rise of the ancients event
2026-07-08 22:32:08;   rafail;rise of the ancients event
2026-07-08 22:32:08;   rafail;rise of the ancients event
2026-07-08 22:32:09;   nimona;rise of the ancients event
2026-07-08 22:32:10;   nimona;rise of the ancients event
2026-07-08 22:32:11;   nimona;rise of the ancients event
2026-07-08 22:32:11;   nimona;rise of the ancients event
2026-07-08 22:32:12;   nimona;rise of the ancients event
2026-07-08 22:32:13;   nimona;rise of the ancients event
2026-07-08 22:32:13;   nimona;rise of the ancients event
2026-07-08 22:32:14;   nimona;rise of the ancients event
2026-07-08 22:32:15;   biin;level 25 rare crypt
2026-07-08 22:32:16;   lagar;rise of the ancients event
2026-07-08 22:32:16;   lagar;rise of the ancients event
2026-07-08 22:32:17;   lagar;rise of the ancients event
2026-07-08 22:32:18;   lagar;rise of the ancients event
2026-07-08 22:32:19;   lagar;rise of the ancients event
2026-07-08 22:32:19;   lagar;rise of the ancients event
2026-07-08 22:32:20;   lagar;rise of the ancients event
2026-07-08 22:32:21;   lagar;rise of the ancients event
2026-07-08 22:32:22;   colis;rise of the ancients event
2026-07-08 22:32:22;   colis;rise of the ancients event
2026-07-08 22:32:23;   colis;rise of the ancients event
2026-07-08 22:32:24;   colis;rise of the ancients event
2026-07-08 22:32:25;   biin;level 25 rare crypt
2026-07-08 22:32:25;   lan;rise of the ancients event
2026-07-08 22:32:26;   lan;rise of the ancients event
2026-07-08 22:32:27;   lan;rise of the ancients event
2026-07-08 22:32:27;   lan;rise of the ancients event
2026-07-08 22:32:28;   lan;rise of the ancients event
2026-07-08 22:32:29;   lan;rise of the ancients event
2026-07-08 22:32:30;   lan;rise of the ancients event
2026-07-08 22:32:30;   lan;rise of the ancients event
2026-07-08 22:32:31;   cenicienta;rise of the ancients event
2026-07-08 22:32:32;   cenicienta;rise of the ancients event
2026-07-08 22:32:33;   cenicienta;rise of the ancients event
2026-07-08 22:32:33;   cenicienta;rise of the ancients event
2026-07-08 22:32:34;   cenicienta;rise of the ancients event
2026-07-08 22:32:35;   murod;level 5 crypt
2026-07-08 22:32:36;   murod;level 10 crypt
2026-07-08 22:32:36;   murod;level 15 crypt
2026-07-08 22:32:37;   nimona;level 20 crypt
2026-07-08 22:32:38;   burilen;rise of the ancients event
2026-07-08 22:32:38;   burilen;rise of the ancients event
2026-07-08 22:32:39;   burilen;rise of the ancients event
2026-07-08 22:32:40;   burilen;rise of the ancients event
2026-07-08 22:32:41;   burilen;rise of the ancients event
2026-07-08 22:32:41;   burilen;rise of the ancients event
2026-07-08 22:32:42;   burilen;rise of the ancients event
2026-07-08 22:32:43;   burilen;rise of the ancients event
2026-07-08 22:32:44;   cenicienta;rise of the ancients event
2026-07-08 22:32:44;   cenicienta;rise of the ancients event
2026-07-08 22:32:45;   cenicienta;rise of the ancients event
2026-07-08 22:32:46;   cenicienta;rise of the ancients event
2026-07-08 22:32:47;   cenicienta;rise of the ancients event
2026-07-08 22:32:47;   cenicienta;rise of the ancients event
2026-07-08 22:32:48;   cenicienta;rise of the ancients event
2026-07-08 22:32:49;   cenicienta;rise of the ancients event
2026-07-08 22:32:50;   lagar;epic ancient squad
2026-07-08 22:32:50;   lagar;epic ancient squad
2026-07-08 22:32:51;   lagar;epic ancient squad
2026-07-08 22:32:52;   lagar;epic ancient squad
2026-07-08 22:32:52;   lagar;epic ancient squad
2026-07-08 22:32:53;   lagar;epic ancient squad
2026-07-08 22:32:54;   lagar;epic ancient squad
2026-07-08 22:32:55;   lagar;epic ancient squad
2026-07-08 22:32:55;   lagar;epic ancient squad
2026-07-08 22:32:56;   lagar;epic ancient squad
2026-07-08 22:32:57;   lagar;epic ancient squad
2026-07-08 22:32:57;   lagar;epic ancient squad
2026-07-08 22:32:58;   lagar;epic ancient squad
2026-07-08 22:32:59;   lagar;epic ancient squad
2026-07-08 22:33:00;   lagar;epic ancient squad
2026-07-08 22:33:00;   lagar;epic ancient squad
2026-07-08 22:33:01;   lagar;epic ancient squad
2026-07-08 22:33:02;   lagar;epic ancient squad
2026-07-08 22:33:03;   lagar;epic ancient squad
2026-07-08 22:33:03;   lagar;epic ancient squad
2026-07-08 22:33:04;   lagar;epic ancient squad
2026-07-08 22:33:05;   lagar;epic ancient squad
2026-07-08 22:33:06;   lagar;epic ancient squad
2026-07-08 22:33:06;   lagar;epic ancient squad
2026-07-08 22:33:07;   lagar;epic ancient squad
2026-07-08 22:33:08;   lagar;epic ancient squad
2026-07-08 22:33:08;   lagar;epic ancient squad
2026-07-08 22:33:09;   lagar;epic ancient squad
2026-07-08 22:33:10;   lagar;epic ancient squad
2026-07-08 22:33:11;   lagar;epic ancient squad
2026-07-08 22:33:11;   lagar;epic ancient squad
2026-07-08 22:33:12;   lagar;epic ancient squad
2026-07-08 22:33:13;   lagar;epic ancient squad
2026-07-08 22:33:14;   lagar;epic ancient squad
2026-07-08 22:33:14;   lagar;epic ancient squad
2026-07-08 22:33:15;   lagar;epic ancient squad
2026-07-08 22:33:16;   lagar;epic ancient squad
2026-07-08 22:33:16;   lagar;epic ancient squad
2026-07-08 22:33:17;   lagar;epic ancient squad
2026-07-08 22:33:18;   lagar;epic ancient squad
2026-07-08 22:33:19;   lagar;epic ancient squad
2026-07-08 22:33:19;   lagar;epic ancient squad
2026-07-08 22:33:20;   lagar;epic ancient squad
2026-07-08 22:33:21;   lagar;epic ancient squad
2026-07-08 22:33:22;   lagar;epic ancient squad
2026-07-08 22:33:22;   lagar;epic ancient squad
2026-07-08 22:33:23;   lagar;epic ancient squad
2026-07-08 22:33:24;   lagar;epic ancient squad
2026-07-08 22:33:24;   lagar;epic ancient squad
2026-07-08 22:33:25;   lagar;epic ancient squad
2026-07-08 22:33:26;   lagar;epic ancient squad
2026-07-08 22:33:27;   lagar;epic ancient squad
2026-07-08 22:33:27;   lagar;epic ancient squad
2026-07-08 22:33:28;   lagar;epic ancient squad
2026-07-08 22:33:29;   lagar;epic ancient squad
2026-07-08 22:33:30;   lagar;epic ancient squad
2026-07-08 22:33:30;   lagar;epic ancient squad
2026-07-08 22:33:31;   lagar;epic ancient squad
2026-07-08 22:33:32;   lagar;epic ancient squad
2026-07-08 22:33:32;   lagar;epic ancient squad
2026-07-08 22:33:33;   lagar;epic ancient squad
2026-07-08 22:33:34;   lagar;epic ancient squad
2026-07-08 22:33:35;   lagar;epic ancient squad
2026-07-08 22:33:35;   lagar;epic ancient squad
2026-07-08 22:33:36;   lagar;epic ancient squad
2026-07-08 22:33:37;   lagar;epic ancient squad
2026-07-08 22:33:38;   lagar;epic ancient squad
2026-07-08 22:33:38;   lagar;epic ancient squad
2026-07-08 22:33:39;   lagar;epic ancient squad
2026-07-08 22:33:40;   lagar;epic ancient squad
2026-07-08 22:33:40;   lagar;epic ancient squad
2026-07-08 22:33:41;   lagar;epic ancient squad
2026-07-08 22:33:42;   lagar;epic ancient squad
2026-07-08 22:33:43;   lagar;epic ancient squad
2026-07-08 22:33:43;   lagar;epic ancient squad
2026-07-08 22:33:44;   lagar;epic ancient squad
2026-07-08 22:33:45;   lagar;epic ancient squad
2026-07-08 22:33:46;   lagar;epic ancient squad
2026-07-08 22:33:46;   lagar;epic ancient squad
2026-07-08 22:33:47;   lagar;epic ancient squad
2026-07-08 22:33:48;   lagar;epic ancient squad
2026-07-08 22:33:48;   lagar;epic ancient squad
2026-07-08 22:33:49;   lagar;epic ancient squad
2026-07-08 22:33:50;   lagar;epic ancient squad
2026-07-08 22:33:51;   lagar;epic ancient squad
2026-07-08 22:33:51;   lagar;epic ancient squad
2026-07-08 22:33:52;   lagar;epic ancient squad
2026-07-08 22:33:53;   lagar;epic ancient squad
2026-07-08 22:33:54;   lagar;epic ancient squad
2026-07-08 22:33:54;   lagar;epic ancient squad
2026-07-08 22:33:55;   lagar;epic ancient squad
2026-07-08 22:33:56;   lagar;epic ancient squad
2026-07-08 22:33:56;   lagar;epic ancient squad
2026-07-08 22:33:57;   lagar;epic ancient squad
2026-07-08 22:33:58;   lagar;epic ancient squad
2026-07-08 22:33:59;   lagar;epic ancient squad
2026-07-08 22:33:59;   lagar;epic ancient squad
2026-07-08 22:34:00;   lagar;epic ancient squad
2026-07-08 22:34:01;   lagar;epic ancient squad
2026-07-08 22:34:02;   lagar;epic ancient squad
2026-07-08 22:34:02;   lagar;epic ancient squad
2026-07-08 22:34:03;   lagar;epic ancient squad
2026-07-08 22:34:04;   lagar;epic ancient squad
2026-07-08 22:34:04;   lagar;epic ancient squad
2026-07-08 22:34:05;   lagar;epic ancient squad
2026-07-08 22:34:06;   lagar;epic ancient squad
2026-07-08 22:34:07;   lagar;epic ancient squad
2026-07-08 22:34:07;   lagar;epic ancient squad
2026-07-08 22:34:08;   lagar;epic ancient squad
2026-07-08 22:34:09;   lagar;epic ancient squad
2026-07-08 22:34:09;   lagar;epic ancient squad
2026-07-08 22:34:10;   lagar;epic ancient squad
2026-07-08 22:34:11;   lagar;epic ancient squad
2026-07-08 22:34:12;   lagar;epic ancient squad
2026-07-08 22:34:12;   lagar;epic ancient squad
2026-07-08 22:34:13;   lagar;epic ancient squad
2026-07-08 22:34:14;   lagar;epic ancient squad
2026-07-08 22:34:15;   lagar;epic ancient squad
2026-07-08 22:34:15;   lagar;epic ancient squad
2026-07-08 22:34:16;   lagar;epic ancient squad
2026-07-08 22:34:17;   lagar;epic ancient squad
2026-07-08 22:34:17;   lagar;epic ancient squad
2026-07-08 22:34:18;   lagar;epic ancient squad
2026-07-08 22:34:19;   lagar;epic ancient squad
2026-07-08 22:34:20;   lagar;epic ancient squad
2026-07-08 22:34:20;   lagar;epic ancient squad
2026-07-08 22:34:21;   lagar;epic ancient squad
2026-07-08 22:34:22;   lagar;epic ancient squad
2026-07-08 22:34:22;   lagar;epic ancient squad
2026-07-08 22:34:23;   lagar;epic ancient squad
2026-07-08 22:34:24;   lagar;epic ancient squad
2026-07-08 22:34:25;   lagar;epic ancient squad
2026-07-08 22:34:25;   lagar;epic ancient squad
2026-07-08 22:34:26;   lagar;epic ancient squad
2026-07-08 22:34:27;   lagar;epic ancient squad
2026-07-08 22:34:28;   lagar;epic ancient squad
2026-07-08 22:34:28;   lagar;epic ancient squad
2026-07-08 22:34:29;   lagar;epic ancient squad
2026-07-08 22:34:30;   lagar;epic ancient squad
2026-07-08 22:34:30;aa;e di o
2026-07-09 00:08:20;lagar;escuadrón épico de los antiguos
2026-07-09 00:08:21;lagar;escuadrón épico de los antiguos
2026-07-09 00:08:22;lagar;escuadrón épico de los antiguos
2026-07-09 00:08:22;lagar;escuadrón épico de los antiguos
2026-07-09 00:08:23;lagar;escuadrón épico de los antiguos
2026-07-09 00:08:24;lagar;escuadrón épico de los antiguos
2026-07-09 00:08:25;lagar;escuadrón épico de los antiguos
2026-07-09 00:08:25;lagar;escuadrón épico de los antiguos
2026-07-09 00:08:26;lagar;escuadrón épico de los antiguos
2026-07-09 00:08:27;lagar;escuadrón épico de los antiguos
2026-07-09 00:08:28;lagar;escuadrón épico de los antiguos
2026-07-09 00:08:28;lagar;escuadrón épico de los antiguos
2026-07-09 00:08:29;lagar;escuadrón épico de los antiguos
2026-07-09 00:08:30;lagar;escuadrón épico de los antiguos
2026-07-09 00:08:31;lagar;escuadrón épico de los antiguos
2026-07-09 00:08:31;lagar;escuadrón épico de los antiguos
2026-07-09 00:08:32;lagar;escuadrón épico de los antiguos
2026-07-09 00:08:33;lagar;escuadrón épico de los antiguos
2026-07-09 00:08:34;lagar;escuadrón épico de los antiguos
2026-07-09 00:08:34;lagar;escuadrón épico de los antiguos
2026-07-09 00:08:35;lagar;escuadrón épico de los antiguos
2026-07-09 00:08:36;lagar;escuadrón épico de los antiguos
2026-07-09 00:08:36;lagar;escuadrón épico de los antiguos
2026-07-09 00:08:37;lagar;escuadrón épico de los antiguos
2026-07-09 00:08:38;lagar;escuadrón épico de los antiguos
2026-07-09 00:08:39;lagar;escuadrón épico de los antiguos
2026-07-09 00:08:40;lagar;escuadrón épico de los antiguos
2026-07-09 00:08:40;lagar;escuadrón épico de los antiguos
2026-07-09 00:08:41;lagar;escuadrón épico de los antiguos
2026-07-09 00:08:42;lagar;escuadrón épico de los antiguos
2026-07-09 00:08:43;lagar;escuadrón épico de los antiguos
2026-07-09 00:08:43;lagar;escuadrón épico de los antiguos
2026-07-09 00:08:44;lagar;escuadrón épico de los antiguos
2026-07-09 00:08:45;lagar;escuadrón épico de los antiguos
2026-07-09 00:08:46;lagar;escuadrón épico de los antiguos
2026-07-09 00:08:46;lagar;escuadrón épico de los antiguos
2026-07-09 00:08:47;lagar;escuadrón épico de los antiguos
2026-07-09 00:08:48;lagar;escuadrón épico de los antiguos
2026-07-09 00:08:48;lagar;escuadrón épico de los antiguos
2026-07-09 00:08:49;lagar;escuadrón épico de los antiguos
2026-07-09 00:08:50;lagar;escuadrón épico de los antiguos
2026-07-09 00:08:51;lagar;escuadrón épico de los antiguos
2026-07-09 00:08:51;lagar;escuadrón épico de los antiguos
2026-07-09 00:08:52;lagar;escuadrón épico de los antiguos
2026-07-09 00:08:53;lagar;escuadrón épico de los antiguos
2026-07-09 00:08:54;lagar;escuadrón épico de los antiguos
2026-07-09 00:08:54;lagar;escuadrón épico de los antiguos
2026-07-09 00:08:55;lagar;escuadrón épico de los antiguos
2026-07-09 00:08:56;lagar;escuadrón épico de los antiguos
2026-07-09 00:08:57;lagar;escuadrón épico de los antiguos
2026-07-09 00:08:57;lagar;escuadrón épico de los antiguos
2026-07-09 00:08:58;lagar;escuadrón épico de los antiguos
2026-07-09 00:08:59;lagar;escuadrón épico de los antiguos
2026-07-09 00:09:00;lagar;escuadrón épico de los antiguos
2026-07-09 00:09:00;lagar;escuadrón épico de los antiguos
2026-07-09 00:09:01;lagar;escuadrón épico de los antiguos
2026-07-09 00:09:02;lagar;escuadrón épico de los antiguos
2026-07-09 00:09:02;lagar;escuadrón épico de los antiguos
2026-07-09 00:09:03;lagar;escuadrón épico de los antiguos
2026-07-09 00:09:04;lagar;escuadrón épico de los antiguos
2026-07-09 00:09:05;lagar;escuadrón épico de los antiguos
2026-07-09 00:09:05;lagar;escuadrón épico de los antiguos
2026-07-09 00:09:06;lagar;escuadrón épico de los antiguos
2026-07-09 00:09:07;lagar;escuadrón épico de los antiguos
2026-07-09 00:09:08;lagar;escuadrón épico de los antiguos
2026-07-09 00:09:08;lagar;escuadrón épico de los antiguos
2026-07-09 00:09:09;lagar;escuadrón épico de los antiguos
2026-07-09 00:09:10;lagar;escuadrón épico de los antiguos
2026-07-09 00:09:11;lagar;escuadrón épico de los antiguos
2026-07-09 00:09:11;lagar;escuadrón épico de los antiguos
2026-07-09 00:09:12;lagar;escuadrón épico de los antiguos
2026-07-09 00:09:13;lagar;escuadrón épico de los antiguos
2026-07-09 00:09:13;lagar;escuadrón épico de los antiguos
2026-07-09 00:09:14;lagar;escuadrón épico de los antiguos
2026-07-09 00:09:15;lagar;escuadrón épico de los antiguos
2026-07-09 00:09:16;lagar;escuadrón épico de los antiguos
2026-07-09 00:09:16;lagar;escuadrón épico de los antiguos
2026-07-09 00:09:17;lagar;escuadrón épico de los antiguos
2026-07-09 00:09:18;lagar;escuadrón épico de los antiguos
2026-07-09 00:09:19;lagar;escuadrón épico de los antiguos
2026-07-09 00:09:19;lagar;escuadrón épico de los antiguos
2026-07-09 00:09:20;lagar;escuadrón épico de los antiguos
2026-07-09 00:09:21;lagar;escuadrón épico de los antiguos
2026-07-09 00:09:22;lagar;escuadrón épico de los antiguos
2026-07-09 00:09:22;lagar;escuadrón épico de los antiguos
2026-07-09 00:09:23;lagar;escuadrón épico de los antiguos
2026-07-09 00:09:24;lagar;escuadrón épico de los antiguos
2026-07-09 00:09:25;lagar;escuadrón épico de los antiguos
2026-07-09 00:09:25;lagar;escuadrón épico de los antiguos
2026-07-09 00:09:26;lagar;escuadrón épico de los antiguos
2026-07-09 00:09:27;lagar;escuadrón épico de los antiguos
2026-07-09 00:09:28;lagar;escuadrón épico de los antiguos
2026-07-09 00:09:28;lagar;escuadrón épico de los antiguos
2026-07-09 00:09:29;lagar;escuadrón épico de los antiguos
2026-07-09 00:09:30;lagar;escuadrón épico de los antiguos
2026-07-09 00:09:31;lagar;escuadrón épico de los antiguos
2026-07-09 00:09:31;lagar;escuadrón épico de los antiguos
2026-07-09 00:09:32;lagar;escuadrón épico de los antiguos
2026-07-09 00:09:33;lagar;escuadrón épico de los antiguos
2026-07-09 00:09:34;lagar;escuadrón épico de los antiguos
2026-07-09 00:09:34;lagar;escuadrón épico de los antiguos
2026-07-09 00:09:35;lagar;escuadrón épico de los antiguos
2026-07-09 00:09:36;lagar;escuadrón épico de los antiguos
2026-07-09 00:09:37;lagar;escuadrón épico de los antiguos
2026-07-09 00:09:37;lagar;escuadrón épico de los antiguos
2026-07-09 00:09:38;lagar;escuadrón épico de los antiguos
2026-07-09 00:09:39;lagar;escuadrón épico de los antiguos
2026-07-09 00:09:39;lagar;escuadrón épico de los antiguos
2026-07-09 00:09:40;lagar;escuadrón épico de los antiguos
2026-07-09 00:09:41;lagar;escuadrón épico de los antiguos
2026-07-09 00:09:42;lagar;escuadrón épico de los antiguos
2026-07-09 00:09:42;lagar;escuadrón épico de los antiguos
2026-07-09 00:09:43;lagar;escuadrón épico de los antiguos
2026-07-09 00:09:44;lagar;escuadrón épico de los antiguos
2026-07-09 00:09:45;lagar;escuadrón épico de los antiguos
2026-07-09 00:09:45;lagar;escuadrón épico de los antiguos
2026-07-09 00:09:46;lagar;escuadrón épico de los antiguos
2026-07-09 00:09:47;lagar;escuadrón épico de los antiguos
2026-07-09 00:09:48;lagar;escuadrón épico de los antiguos
2026-07-09 00:09:48;lagar;escuadrón épico de los antiguos
2026-07-09 00:09:49;lagar;escuadrón épico de los antiguos
2026-07-09 00:09:50;lagar;escuadrón épico de los antiguos
2026-07-09 00:09:50;lagar;escuadrón épico de los antiguos
2026-07-09 00:09:51;lagar;escuadrón épico de los antiguos
2026-07-09 00:09:52;lagar;escuadrón épico de los antiguos
2026-07-09 00:09:53;lagar;escuadrón épico de los antiguos
2026-07-09 00:09:53;lagar;escuadrón épico de los antiguos
2026-07-09 00:09:54;lagar;escuadrón épico de los antiguos
2026-07-09 00:09:55;lagar;escuadrón épico de los antiguos
2026-07-09 00:09:56;lagar;escuadrón épico de los antiguos
2026-07-09 00:09:56;lagar;escuadrón épico de los antiguos
2026-07-09 00:09:57;lagar;escuadrón épico de los antiguos
2026-07-09 00:09:58;lagar;escuadrón épico de los antiguos
2026-07-09 00:09:59;lagar;escuadrón épico de los antiguos
2026-07-09 00:09:59;lagar;escuadrón épico de los antiguos
2026-07-09 00:10:00;lagar;escuadrón épico de los antiguos
2026-07-09 00:10:01;lagar;escuadrón épico de los antiguos
2026-07-09 00:10:01;lagar;escuadrón épico de los antiguos
2026-07-09 00:10:02;lagar;escuadrón épico de los antiguos
2026-07-09 00:10:03;lagar;escuadrón épico de los antiguos
2026-07-09 00:10:04;lagar;escuadrón épico de los antiguos
2026-07-09 00:10:04;lagar;escuadrón épico de los antiguos
2026-07-09 00:10:05;lagar;escuadrón épico de los antiguos
2026-07-09 00:10:06;lagar;escuadrón épico de los antiguos
2026-07-09 00:10:07;lagar;escuadrón épico de los antiguos
2026-07-09 00:10:07;lagar;escuadrón épico de los antiguos
2026-07-09 00:10:08;lagar;escuadrón épico de los antiguos
2026-07-09 00:10:09;lagar;escuadrón épico de los antiguos
2026-07-09 00:10:10;lagar;escuadrón épico de los antiguos
2026-07-09 00:10:10;lagar;escuadrón épico de los antiguos
2026-07-09 00:10:11;lagar;escuadrón épico de los antiguos
2026-07-09 00:10:12;lagar;escuadrón épico de los antiguos
2026-07-09 00:10:13;lagar;escuadrón épico de los antiguos
2026-07-09 00:10:13;lagar;escuadrón épico de los antiguos
2026-07-09 00:10:14;lagar;escuadrón épico de los antiguos
2026-07-09 00:10:15;lagar;escuadrón épico de los antiguos
2026-07-09 00:10:15;lagar;escuadrón épico de los antiguos
2026-07-09 00:10:16;lagar;escuadrón épico de los antiguos
2026-07-09 00:10:17;lagar;escuadrón épico de los antiguos
2026-07-09 00:10:18;lagar;escuadrón épico de los antiguos
2026-07-09 00:10:18;lagar;escuadrón épico de los antiguos
2026-07-09 00:10:19;lagar;escuadrón épico de los antiguos
2026-07-09 00:10:20;lagar;escuadrón épico de los antiguos
2026-07-09 00:10:20;lagar;escuadrón épico de los antiguos
2026-07-09 00:10:21;lagar;escuadrón épico de los antiguos
2026-07-09 00:10:22;lagar;escuadrón épico de los antiguos
2026-07-09 00:10:23;lagar;escuadrón épico de los antiguos
2026-07-09 00:10:23;lagar;escuadrón épico de los antiguos
2026-07-09 00:10:24;lagar;escuadrón épico de los antiguos
2026-07-09 00:10:25;lagar;escuadrón épico de los antiguos
2026-07-09 00:10:26;lagar;escuadrón épico de los antiguos
2026-07-09 00:10:26;lagar;escuadrón épico de los antiguos
2026-07-09 00:10:27;lagar;escuadrón épico de los antiguos
2026-07-09 00:10:28;lagar;escuadrón épico de los antiguos
2026-07-09 00:10:29;lagar;escuadrón épico de los antiguos
2026-07-09 00:10:29;lagar;escuadrón épico de los antiguos
2026-07-09 00:10:30;lagar;escuadrón épico de los antiguos
2026-07-09 00:10:31;lagar;escuadrón épico de los antiguos
2026-07-09 00:10:31;lagar;escuadrón épico de los antiguos
2026-07-09 00:10:32;lagar;escuadrón épico de los antiguos
2026-07-09 00:10:33;lagar;escuadrón épico de los antiguos
2026-07-09 00:10:34;lagar;escuadrón épico de los antiguos
2026-07-09 00:10:34;lagar;escuadrón épico de los antiguos
2026-07-09 00:10:35;lagar;escuadrón épico de los antiguos
2026-07-09 00:10:36;lagar;escuadrón épico de los antiguos
2026-07-09 00:10:37;lagar;escuadrón épico de los antiguos
2026-07-09 00:10:37;lagar;escuadrón épico de los antiguos
2026-07-09 00:10:38;lagar;escuadrón épico de los antiguos
2026-07-09 00:10:39;lagar;escuadrón épico de los antiguos
2026-07-09 00:10:39;lagar;escuadrón épico de los antiguos
2026-07-09 00:10:40;lagar;escuadrón épico de los antiguos
2026-07-09 00:10:41;lagar;escuadrón épico de los antiguos
2026-07-09 00:10:42;lagar;escuadrón épico de los antiguos
2026-07-09 00:10:42;lagar;escuadrón épico de los antiguos
2026-07-09 00:10:43;lagar;escuadrón épico de los antiguos
2026-07-09 00:10:44;lagar;escuadrón épico de los antiguos
2026-07-09 00:10:45;lagar;escuadrón épico de los antiguos
2026-07-09 00:10:45;lagar;escuadrón épico de los antiguos
2026-07-09 00:10:46;lagar;escuadrón épico de los antiguos
2026-07-09 00:10:47;lagar;escuadrón épico de los antiguos
2026-07-09 00:10:47;lagar;escuadrón épico de los antiguos
2026-07-09 00:10:48;lagar;escuadrón épico de los antiguos
2026-07-09 00:10:49;lagar;escuadrón épico de los antiguos
2026-07-09 00:10:50;lagar;escuadrón épico de los antiguos
2026-07-09 00:10:50;lagar;escuadrón épico de los antiguos
2026-07-09 00:10:51;lagar;escuadrón épico de los antiguos
2026-07-09 00:10:52;lagar;escuadrón épico de los antiguos
2026-07-09 00:10:53;lagar;escuadrón épico de los antiguos
2026-07-09 00:10:53;lagar;escuadrón épico de los antiguos
2026-07-09 00:10:54;lagar;escuadrón épico de los antiguos
2026-07-09 00:10:55;lagar;escuadrón épico de los antiguos
2026-07-09 00:10:56;lagar;escuadrón épico de los antiguos
2026-07-09 00:10:56;lagar;escuadrón épico de los antiguos
2026-07-09 00:10:57;lagar;escuadrón épico de los antiguos
2026-07-09 00:10:58;lagar;escuadrón épico de los antiguos
2026-07-09 00:10:59;lagar;escuadrón épico de los antiguos
2026-07-09 00:10:59;lagar;escuadrón épico de los antiguos
2026-07-09 00:11:00;lagar;escuadrón épico de los antiguos
2026-07-09 00:11:01;lagar;escuadrón épico de los antiguos
2026-07-09 00:11:02;lagar;escuadrón épico de los antiguos
2026-07-09 00:11:02;lagar;escuadrón épico de los antiguos
2026-07-09 00:11:03;lagar;escuadrón épico de los antiguos
2026-07-09 00:11:04;lagar;escuadrón épico de los antiguos
2026-07-09 00:11:05;lagar;escuadrón épico de los antiguos
2026-07-09 00:11:05;lagar;escuadrón épico de los antiguos
2026-07-09 00:11:06;lagar;escuadrón épico de los antiguos
2026-07-09 00:11:07;lagar;escuadrón épico de los antiguos
2026-07-09 00:11:07;lagar;escuadrón épico de los antiguos
2026-07-09 00:11:08;lagar;escuadrón épico de los antiguos
2026-07-09 00:11:09;lagar;escuadrón épico de los antiguos
2026-07-09 00:11:10;lagar;escuadrón épico de los antiguos
2026-07-09 00:11:10;lagar;escuadrón épico de los antiguos
2026-07-09 00:11:11;lagar;escuadrón épico de los antiguos
2026-07-09 00:11:12;lagar;escuadrón épico de los antiguos
2026-07-09 00:11:13;lagar;escuadrón épico de los antiguos
2026-07-09 00:11:13;lagar;escuadrón épico de los antiguos
2026-07-09 00:11:14;lagar;escuadrón épico de los antiguos
2026-07-09 00:11:15;lagar;escuadrón épico de los antiguos
2026-07-09 00:11:15;lagar;escuadrón épico de los antiguos
2026-07-09 00:11:16;lagar;escuadrón épico de los antiguos
2026-07-09 00:11:17;lagar;escuadrón épico de los antiguos
2026-07-09 00:11:18;lagar;escuadrón épico de los antiguos
2026-07-09 00:11:18;lagar;escuadrón épico de los antiguos
2026-07-09 00:11:19;lagar;escuadrón épico de los antiguos
2026-07-09 00:11:20;lagar;escuadrón épico de los antiguos
2026-07-09 00:11:21;lagar;escuadrón épico de los antiguos
2026-07-09 00:11:21;lagar;escuadrón épico de los antiguos
2026-07-09 00:11:22;lagar;escuadrón épico de los antiguos
2026-07-09 00:11:23;lagar;escuadrón épico de los antiguos
2026-07-09 00:11:24;lagar;escuadrón épico de los antiguos
2026-07-09 00:11:24;lagar;escuadrón épico de los antiguos
2026-07-09 00:11:25;lagar;escuadrón épico de los antiguos
2026-07-09 00:11:26;lagar;escuadrón épico de los antiguos
2026-07-09 00:11:26;lagar;escuadrón épico de los antiguos
2026-07-09 00:11:27;lagar;escuadrón épico de los antiguos
2026-07-09 00:11:28;lagar;escuadrón épico de los antiguos
2026-07-09 00:11:29;lagar;escuadrón épico de los antiguos
2026-07-09 00:11:29;lagar;escuadrón épico de los antiguos
2026-07-09 00:11:30;lagar;escuadrón épico de los antiguos
2026-07-09 00:11:31;lagar;escuadrón épico de los antiguos
2026-07-09 00:11:32;lagar;escuadrón épico de los antiguos
2026-07-09 00:11:32;lagar;escuadrón épico de los antiguos
2026-07-09 00:11:33;lagar;escuadrón épico de los antiguos
2026-07-09 00:11:34;lagar;escuadrón épico de los antiguos
2026-07-09 00:11:35;lagar;escuadrón épico de los antiguos
2026-07-09 00:11:35;lagar;escuadrón épico de los antiguos
2026-07-09 00:11:36;lagar;escuadrón épico de los antiguos
2026-07-09 00:11:37;lagar;escuadrón épico de los antiguos
2026-07-09 00:11:38;lagar;escuadrón épico de los antiguos
2026-07-09 00:11:38;lagar;escuadrón épico de los antiguos
2026-07-09 00:11:39;lagar;escuadrón épico de los antiguos
2026-07-09 00:11:40;lagar;escuadrón épico de los antiguos
2026-07-09 00:11:40;lagar;escuadrón épico de los antiguos
2026-07-09 00:11:41;lagar;escuadrón épico de los antiguos
2026-07-09 00:11:42;lagar;escuadrón épico de los antiguos
2026-07-09 00:11:43;lagar;escuadrón épico de los antiguos
2026-07-09 00:11:43;lagar;escuadrón épico de los antiguos
2026-07-09 00:11:44;lagar;escuadrón épico de los antiguos
2026-07-09 00:11:45;lagar;escuadrón épico de los antiguos
2026-07-09 00:11:45;lagar;escuadrón épico de los antiguos
2026-07-09 00:11:46;lagar;escuadrón épico de los antiguos
2026-07-09 00:11:47;lagar;escuadrón épico de los antiguos
2026-07-09 00:11:48;lagar;escuadrón épico de los antiguos
2026-07-09 00:11:48;lagar;escuadrón épico de los antiguos
2026-07-09 00:11:49;lagar;escuadrón épico de los antiguos
2026-07-09 00:11:50;lagar;escuadrón épico de los antiguos
2026-07-09 00:11:51;lagar;escuadrón épico de los antiguos
2026-07-09 00:11:51;lagar;escuadrón épico de los antiguos
2026-07-09 00:11:52;lagar;escuadrón épico de los antiguos
2026-07-09 00:11:53;lagar;escuadrón épico de los antiguos
2026-07-09 00:11:54;lagar;escuadrón épico de los antiguos
2026-07-09 00:11:54;lagar;escuadrón épico de los antiguos
2026-07-09 00:11:55;lagar;escuadrón épico de los antiguos
2026-07-09 00:11:56;lagar;escuadrón épico de los antiguos
2026-07-09 00:11:57;lagar;escuadrón épico de los antiguos
2026-07-09 00:11:57;lagar;escuadrón épico de los antiguos
2026-07-09 00:11:58;lagar;escuadrón épico de los antiguos
2026-07-09 00:11:59;lagar;escuadrón épico de los antiguos
2026-07-09 00:11:59;lagar;escuadrón épico de los antiguos
2026-07-09 00:12:00;lagar;escuadrón épico de los antiguos
2026-07-09 00:12:01;lagar;escuadrón épico de los antiguos
2026-07-09 00:12:02;lagar;escuadrón épico de los antiguos
2026-07-09 00:12:02;lagar;escuadrón épico de los antiguos
2026-07-09 00:12:03;lagar;escuadrón épico de los antiguos
2026-07-09 00:12:04;lagar;escuadrón épico de los antiguos
2026-07-09 00:12:05;lagar;escuadrón épico de los antiguos
2026-07-09 00:12:05;lagar;escuadrón épico de los antiguos
2026-07-09 00:12:06;lagar;escuadrón épico de los antiguos
2026-07-09 00:12:07;lagar;escuadrón épico de los antiguos
2026-07-09 00:12:08;lagar;escuadrón épico de los antiguos
2026-07-09 00:12:08;lagar;escuadrón épico de los antiguos
2026-07-09 00:12:09;lagar;escuadrón épico de los antiguos
2026-07-09 00:12:10;lagar;escuadrón épico de los antiguos
2026-07-09 00:12:10;lagar;escuadrón épico de los antiguos
2026-07-09 00:12:11;lagar;escuadrón épico de los antiguos
2026-07-09 00:12:12;lagar;escuadrón épico de los antiguos
2026-07-09 00:12:13;lagar;escuadrón épico de los antiguos
2026-07-09 00:12:13;lagar;escuadrón épico de los antiguos
2026-07-09 00:12:14;lagar;escuadrón épico de los antiguos
2026-07-09 00:12:15;lagar;escuadrón épico de los antiguos
2026-07-09 00:12:16;lagar;escuadrón épico de los antiguos
2026-07-09 00:12:16;lagar;escuadrón épico de los antiguos
2026-07-09 00:12:17;lagar;escuadrón épico de los antiguos
2026-07-09 00:12:18;lagar;escuadrón épico de los antiguos
2026-07-09 00:12:18;lagar;escuadrón épico de los antiguos
2026-07-09 00:12:19;lagar;escuadrón épico de los antiguos
2026-07-09 00:12:20;lagar;escuadrón épico de los antiguos
2026-07-09 00:12:21;lagar;escuadrón épico de los antiguos
2026-07-09 00:12:21;lagar;escuadrón épico de los antiguos
2026-07-09 00:12:22;lagar;escuadrón épico de los antiguos
2026-07-09 00:12:23;lagar;escuadrón épico de los antiguos
2026-07-09 00:12:24;lagar;escuadrón épico de los antiguos
2026-07-09 00:12:24;lagar;escuadrón épico de los antiguos
2026-07-09 00:12:25;lagar;escuadrón épico de los antiguos
2026-07-09 00:12:26;lagar;escuadrón épico de los antiguos
2026-07-09 00:12:27;lagar;escuadrón épico de los antiguos
2026-07-09 00:12:27;lagar;escuadrón épico de los antiguos
2026-07-09 00:12:28;lagar;escuadrón épico de los antiguos
2026-07-09 00:12:29;lagar;escuadrón épico de los antiguos
2026-07-09 00:12:30;lagar;escuadrón épico de los antiguos
2026-07-09 00:12:30;lagar;escuadrón épico de los antiguos
2026-07-09 00:12:31;lagar;escuadrón épico de los antiguos
2026-07-09 00:12:32;lagar;escuadrón épico de los antiguos
2026-07-09 00:12:32;lagar;escuadrón épico de los antiguos
2026-07-09 00:12:33;lagar;escuadrón épico de los antiguos
2026-07-09 00:12:34;lagar;escuadrón épico de los antiguos
2026-07-09 00:12:35;lagar;escuadrón épico de los antiguos
2026-07-09 00:12:35;lagar;escuadrón épico de los antiguos
2026-07-09 00:12:36;lagar;escuadrón épico de los antiguos
2026-07-09 00:12:37;lagar;escuadrón épico de los antiguos
2026-07-09 00:12:38;lagar;escuadrón épico de los antiguos
2026-07-09 00:12:38;lagar;escuadrón épico de los antiguos
2026-07-09 00:12:39;lagar;escuadrón épico de los antiguos
2026-07-09 00:12:40;lagar;escuadrón épico de los antiguos
2026-07-09 00:12:40;lagar;escuadrón épico de los antiguos
2026-07-09 00:12:41;lagar;escuadrón épico de los antiguos
2026-07-09 00:12:42;lagar;escuadrón épico de los antiguos
2026-07-09 00:12:43;lagar;escuadrón épico de los antiguos
2026-07-09 00:12:43;lagar;escuadrón épico de los antiguos
2026-07-09 00:12:44;lagar;escuadrón épico de los antiguos
2026-07-09 00:12:45;lagar;escuadrón épico de los antiguos
2026-07-09 00:12:46;lagar;escuadrón épico de los antiguos
2026-07-09 00:12:46;lagar;escuadrón épico de los antiguos
2026-07-09 00:12:47;lagar;escuadrón épico de los antiguos
2026-07-09 00:12:48;lagar;escuadrón épico de los antiguos
2026-07-09 00:12:49;lagar;escuadrón épico de los antiguos
2026-07-09 00:12:49;lagar;escuadrón épico de los antiguos
2026-07-09 00:12:50;lagar;escuadrón épico de los antiguos
2026-07-09 00:12:51;lagar;escuadrón épico de los antiguos
2026-07-09 00:12:51;lagar;escuadrón épico de los antiguos
2026-07-09 00:12:52;lagar;escuadrón épico de los antiguos
2026-07-09 00:12:53;lagar;escuadrón épico de los antiguos
2026-07-09 00:12:54;lagar;escuadrón épico de los antiguos
2026-07-09 00:12:54;lagar;escuadrón épico de los antiguos
2026-07-09 00:12:55;lagar;escuadrón épico de los antiguos
2026-07-09 00:12:56;lagar;escuadrón épico de los antiguos
2026-07-09 00:12:57;lagar;escuadrón épico de los antiguos
2026-07-09 00:12:57;lagar;escuadrón épico de los antiguos
2026-07-09 00:12:58;lagar;escuadrón épico de los antiguos
2026-07-09 00:12:59;lagar;escuadrón épico de los antiguos
2026-07-09 00:13:00;alma;"evento ""ascenso de los antiguos"""
2026-07-09 00:13:00;alma;"evento ""ascenso de los antiguos"""
2026-07-09 00:13:01;alma;"evento ""ascenso de los antiguos"""
2026-07-09 00:13:02;alma;"evento ""ascenso de los antiguos"""
2026-07-09 00:13:03;alma;"evento ""ascenso de los antiguos"""
2026-07-09 00:13:03;alma;"evento ""ascenso de los antiguos"""
2026-07-09 00:13:04;alma;"evento ""ascenso de los antiguos"""
2026-07-09 00:13:05;alma;"evento ""ascenso de los antiguos"""
2026-07-09 00:13:05;zero;"evento ""ascenso de los antiguos"""
2026-07-09 00:13:06;zero;"evento ""ascenso de los antiguos"""
2026-07-09 00:13:07;zero;"evento ""ascenso de los antiguos"""
2026-07-09 00:13:08;zero;"evento ""ascenso de los antiguos"""
2026-07-09 00:13:08;zero;"evento ""ascenso de los antiguos"""
2026-07-09 00:13:09;zero;"evento ""ascenso de los antiguos"""
2026-07-09 00:13:10;zero;"evento ""ascenso de los antiguos"""
2026-07-09 00:13:11;zero;"evento ""ascenso de los antiguos"""
2026-07-09 00:13:11;zero;"evento ""ascenso de los antiguos"""
2026-07-09 00:13:12;zero;"evento ""ascenso de los antiguos"""
2026-07-09 00:13:13;zero;"evento ""ascenso de los antiguos"""
2026-07-09 00:13:13;zero;"evento ""ascenso de los antiguos"""
2026-07-09 00:13:14;zero;"evento ""ascenso de los antiguos"""
2026-07-09 00:13:15;nimona;cripta de nivel 20
2026-07-09 00:13:16;nimona;cripta de nivel 20
2026-07-09 00:13:16;nimona;cripta de nivel 20
2026-07-09 00:13:17;murod;cripta de nivel 25
2026-07-09 00:13:18;nimona;cripta de nivel 25
2026-07-09 00:13:19;rufean;cripta de nivel 10
2026-07-09 00:13:19;nimona;cripta rara de nivel 20
2026-07-09 00:13:20;nimona;cripta rara de nivel 20
2026-07-09 00:13:21;nimona;cripta rara de nivel 20
2026-07-09 00:13:22;nimona;cripta rara de nivel 20
2026-07-09 00:13:22;nimona;cripta rara de nivel 20
2026-07-09 00:13:23;cheska;cripta de nivel 20
2026-07-09 00:13:24;ben xander;cripta de nivel 25
2026-07-09 00:13:24;ben xander;cripta de nivel 25
2026-07-09 00:13:25;ben xander;cripta de nivel 25
2026-07-09 00:13:26;ben xander;cripta de nivel 25
2026-07-09 00:13:27;sath;cripta de nivel 15
2026-07-09 00:13:27;nemean;cripta de nivel 20
2026-07-09 00:13:28;nemean;cripta de nivel 20
2026-07-09 00:13:29;sath;cripta de nivel 20
2026-07-09 00:13:30;lorven;cripta de nivel 25
2026-07-09 00:13:30;sath;cripta de nivel 25
2026-07-09 00:13:31;sath;cripta de nivel 20
2026-07-09 00:13:32;nemean;cripta de nivel 20
2026-07-09 00:13:33;lorven;cripta de nivel 25
2026-07-09 00:13:33;nemean;cripta de nivel 20
2026-07-09 00:13:34;lorven;cripta de nivel 25
2026-07-09 00:13:35;nemean;cripta de nivel 20
2026-07-09 00:13:35;nemean;cripta épica de nivel 20
2026-07-09 00:13:36;nemean;cripta épica de nivel 20
2026-07-09 00:13:37;nemean;cripta épica de nivel 20
2026-07-09 00:13:38;nemean;cripta épica de nivel 20
2026-07-09 00:13:38;ares;cripta épica de nivel 15
2026-07-09 00:13:39;nemean;cripta épica de nivel 20
2026-07-09 00:13:40;ares;cripta de nivel 10
2026-07-09 00:13:41;ares;cripta de nivel 15
2026-07-09 00:13:41;ares;cripta de nivel 20
2026-07-09 00:13:42;ares;cripta épica de nivel 30
2026-07-09 00:13:43;ares;cripta de nivel 15
2026-07-09 00:13:43;ares;cripta de nivel 20
2026-07-09 00:13:44;ares;cripta de nivel 15
2026-07-09 00:13:45;ares;cripta de nivel 15
2026-07-09 00:13:46;ares;cripta de nivel 25
2026-07-09 00:13:46;ares;cripta de nivel 25
2026-07-09 00:13:47;ladywolf;cripta de nivel 20
2026-07-09 00:13:48;ares;cripta de nivel 25
2026-07-09 00:13:49;ladywolf;cripta de nivel 20
2026-07-09 00:13:49;ares;ciudadela de nivel 25
2026-07-09 00:13:50;maakosky;cripta de nivel 20
2026-07-09 00:13:51;maakosky;cripta de nivel 20
2026-07-09 00:13:52;maakosky;cripta de nivel 20
2026-07-09 00:13:52;ares;ciudadela de nivel 20
2026-07-09 00:13:53;ares;ciudadela de nivel 15
2026-07-09 00:13:54;ladywolf;cripta de nivel 20
2026-07-09 00:13:54;maakosky;cripta de nivel 20
2026-07-09 00:13:55;maakosky;cripta de nivel 20
2026-07-09 00:13:56;maakosky;cripta de nivel 20
2026-07-09 00:13:57;maakosky;cripta de nivel 20
2026-07-09 00:13:57;maakosky;cripta de nivel 20
2026-07-09 00:13:58;maakosky;cripta de nivel 20
2026-07-09 00:13:59;maakosky;cripta de nivel 20
2026-07-09 00:14:00;burilen;cripta de nivel 20
2026-07-09 00:14:00;burilen;cripta de nivel 25
2026-07-09 00:14:01;burilen;cripta de nivel 20
2026-07-09 00:14:02;burilen;cripta de nivel 20
2026-07-09 00:14:02;burilen;cripta de nivel 25
2026-07-09 00:14:03;soule1970;cripta de nivel 25
2026-07-09 00:14:04;soule1970;cripta de nivel 20
2026-07-09 00:14:05;soule1970;cripta de nivel 10
2026-07-09 00:14:05;soule1970;cripta de nivel 5
2026-07-09 00:14:06;soule1970;cripta de nivel 5
2026-07-09 00:14:07;devildog;cripta de nivel 15
2026-07-09 00:14:08;kezuru es;cripta épica de nivel 25
2026-07-09 00:14:08;devildog;cripta de nivel 15
2026-07-09 00:14:09;soule1970;cripta de nivel 5
2026-07-09 00:14:10;soule1970;cripta de nivel 15
2026-07-09 00:14:10;soule1970;cripta de nivel 5
2026-07-09 00:14:11;kezuru es;cripta rara de nivel 30
2026-07-09 00:14:12;soule1970;cripta de nivel 5
2026-07-09 00:14:13;soule1970;cripta de nivel 5
2026-07-09 00:14:13;soule1970;cripta de nivel 20
2026-07-09 00:14:14;soule1970;cripta de nivel 5
2026-07-09 00:14:15;saberflame;"evento ""ascenso de los antiguos"""
2026-07-09 00:14:16;saberflame;"evento ""ascenso de los antiguos"""
2026-07-09 00:14:16;saberflame;"evento ""ascenso de los antiguos"""
2026-07-09 00:14:17;saberflame;"evento ""ascenso de los antiguos"""
2026-07-09 00:14:18;saberflame;"evento ""ascenso de los antiguos"""
2026-07-09 00:14:19;soule1970;cripta de nivel 5
2026-07-09 00:14:19;soule1970;cripta de nivel 10
2026-07-09 00:14:20;soule1970;cripta de nivel 20
2026-07-09 00:14:21;soule1970;cripta de nivel 10
2026-07-09 00:14:22;saberflame;"evento ""ascenso de los antiguos"""
2026-07-09 00:14:22;saberflame;"evento ""ascenso de los antiguos"""
2026-07-09 00:14:23;saberflame;"evento ""ascenso de los antiguos"""
2026-07-09 00:14:24;saberflame;"evento ""ascenso de los antiguos"""
2026-07-09 00:14:24;saberflame;"evento ""ascenso de los antiguos"""
2026-07-09 00:14:25;saberflame;"evento ""ascenso de los antiguos"""
2026-07-09 00:14:26;saberflame;"evento ""ascenso de los antiguos"""
2026-07-09 00:14:27;saberflame;"evento ""ascenso de los antiguos"""
2026-07-09 00:14:27;directhor;"evento ""ascenso de los antiguos"""
2026-07-09 00:14:28;directhor;"evento ""ascenso de los antiguos"""
2026-07-09 00:14:29;directhor;"evento ""ascenso de los antiguos"""
2026-07-09 00:14:30;directhor;"evento ""ascenso de los antiguos"""
2026-07-09 00:14:30;directhor;"evento ""ascenso de los antiguos"""
2026-07-09 00:14:31;durga;"evento ""ascenso de los antiguos"""
2026-07-09 00:14:32;durga;"evento ""ascenso de los antiguos"""
2026-07-09 00:14:33;durga;"evento ""ascenso de los antiguos"""
2026-07-09 00:14:33;durga;"evento ""ascenso de los antiguos"""
2026-07-09 00:14:34;murod;"evento ""ascenso de los antiguos"""
2026-07-09 00:14:35;murod;"evento ""ascenso de los antiguos"""
2026-07-09 00:14:35;murod;"evento ""ascenso de los antiguos"""
2026-07-09 00:14:36;murod;"evento ""ascenso de los antiguos"""
2026-07-09 00:14:37;durga;"evento ""ascenso de los antiguos"""
2026-07-09 00:14:38;directhor;"evento ""ascenso de los antiguos"""
2026-07-09 00:14:38;directhor;"evento ""ascenso de los antiguos"""
2026-07-09 00:14:39;directhor;"evento ""ascenso de los antiguos"""
2026-07-09 00:14:40;directhor;"evento ""ascenso de los antiguos"""
2026-07-09 00:14:41;directhor;"evento ""ascenso de los antiguos"""
2026-07-09 00:14:41;directhor;"evento ""ascenso de los antiguos"""
2026-07-09 00:14:42;directhor;"evento ""ascenso de los antiguos"""
2026-07-09 00:14:43;directhor;"evento ""ascenso de los antiguos"""
2026-07-09 00:14:44;kezuru es;cripta rara de nivel 20
2026-07-09 00:14:44;turbiybiczu;"evento ""ascenso de los antiguos"""
2026-07-09 00:14:45;turbiybiczu;"evento ""ascenso de los antiguos"""
2026-07-09 00:14:46;turbiybiczu;"evento ""ascenso de los antiguos"""
2026-07-09 00:14:47;turbiybiczu;"evento ""ascenso de los antiguos"""
2026-07-09 00:14:47;turbiybiczu;"evento ""ascenso de los antiguos"""
2026-07-09 00:14:48;turbiybiczu;"evento ""ascenso de los antiguos"""
2026-07-09 00:14:49;turbiybiczu;"evento ""ascenso de los antiguos"""
2026-07-09 00:14:50;turbiybiczu;"evento ""ascenso de los antiguos"""
2026-07-09 00:14:50;kezuru es;cripta épica de nivel 20
2026-07-09 00:14:51;durga;"evento ""ascenso de los antiguos"""
2026-07-09 00:14:52;durga;"evento ""ascenso de los antiguos"""
2026-07-09 00:14:53;durga;"evento ""ascenso de los antiguos"""
2026-07-09 00:14:53;durga;"evento ""ascenso de los antiguos"""
2026-07-09 00:14:54;durga;"evento ""ascenso de los antiguos"""
2026-07-09 00:14:55;durga;"evento ""ascenso de los antiguos"""
2026-07-09 00:14:56;durga;"evento ""ascenso de los antiguos"""
2026-07-09 00:14:56;durga;"evento ""ascenso de los antiguos"""
2026-07-09 00:14:57;murod;"evento ""ascenso de los antiguos"""
2026-07-09 00:14:58;kezuru es;cripta épica de nivel 25
2026-07-09 00:14:59;shahzeb khanzada;"evento ""ascenso de los antiguos"""
2026-07-09 00:14:59;shahzeb khanzada;"evento ""ascenso de los antiguos"""
2026-07-09 00:15:00;shahzeb khanzada;"evento ""ascenso de los antiguos"""
2026-07-09 00:15:01;shahzeb khanzada;"evento ""ascenso de los antiguos"""
2026-07-09 00:15:01;kezuru es;cripta épica de nivel 25
2026-07-09 00:15:02;kezuru es;cripta de nivel 25
2026-07-09 00:15:03;kezuru es;cripta épica de nivel 25
2026-07-09 00:15:04;kezuru es;cripta épica de nivel 25
2026-07-09 00:15:04;lau;cripta épica de nivel 25
2026-07-09 00:15:05;kezuru es;cripta de nivel 25
2026-07-09 00:15:06;kezuru es;cripta épica de nivel 25
2026-07-09 00:15:07;kezuru es;cripta épica de nivel 25
2026-07-09 00:15:07;kezuru es;cripta de nivel 25
2026-07-09 00:15:08;kezuru es;cripta épica de nivel 20
2026-07-09 00:15:09;the lion;"evento ""ascenso de los antiguos"""
2026-07-09 00:15:09;the lion;"evento ""ascenso de los antiguos"""
2026-07-09 00:15:10;the lion;"evento ""ascenso de los antiguos"""
2026-07-09 00:15:11;the lion;"evento ""ascenso de los antiguos"""
2026-07-09 00:15:12;ganian wala;"evento ""ascenso de los antiguos"""
2026-07-09 00:15:12;ganian wala;"evento ""ascenso de los antiguos"""
2026-07-09 00:15:13;ganian wala;"evento ""ascenso de los antiguos"""
2026-07-09 00:15:14;ganian wala;"evento ""ascenso de los antiguos"""
2026-07-09 00:15:15;ganian wala;"evento ""ascenso de los antiguos"""
2026-07-09 00:15:15;kezuru es;cripta épica de nivel 20
2026-07-09 00:15:16;kezuru es;cripta épica de nivel 25
2026-07-09 00:15:17;kezuru es;cripta rara de nivel 30
2026-07-09 00:15:18;kezuru es;escuadrón épico de los antiguos
2026-07-09 00:15:18;kezuru es;escuadrón épico de los antiguos
2026-07-09 00:15:19;kezuru es;escuadrón épico de los antiguos
2026-07-09 00:15:20;kezuru es;escuadrón épico de los antiguos
2026-07-09 00:15:20;kezuru es;escuadrón épico de los antiguos
2026-07-09 00:15:21;kezuru es;escuadrón épico de los antiguos
2026-07-09 00:15:22;kezuru es;escuadrón épico de los antiguos
2026-07-09 00:15:23;kezuru es;escuadrón épico de los antiguos
2026-07-09 00:15:23;kezuru es;escuadrón épico de los antiguos
2026-07-09 00:15:24;kezuru es;escuadrón épico de los antiguos
2026-07-09 00:15:25;kezuru es;escuadrón épico de los antiguos
2026-07-09 00:15:26;kezuru es;escuadrón épico de los antiguos
2026-07-09 00:15:26;kezuru es;escuadrón épico de los antiguos
2026-07-09 00:15:27;kezuru es;escuadrón épico de los antiguos
2026-07-09 00:15:28;kezuru es;escuadrón épico de los antiguos
2026-07-09 00:15:29;kezuru es;escuadrón épico de los antiguos
2026-07-09 00:15:29;kezuru es;escuadrón épico de los antiguos
2026-07-09 00:15:30;kezuru es;escuadrón épico de los antiguos
2026-07-09 00:15:31;kezuru es;escuadrón épico de los antiguos
2026-07-09 00:15:32;kezuru es;escuadrón épico de los antiguos
2026-07-09 00:15:32;kezuru es;escuadrón épico de los antiguos
2026-07-09 00:15:33;kezuru es;escuadrón épico de los antiguos
2026-07-09 00:15:34;kezuru es;escuadrón épico de los antiguos
2026-07-09 00:15:34;kezuru es;escuadrón épico de los antiguos
2026-07-09 00:15:35;kezuru es;escuadrón épico de los antiguos
2026-07-09 00:15:36;kezuru es;escuadrón épico de los antiguos
2026-07-09 00:15:37;kezuru es;escuadrón épico de los antiguos
2026-07-09 00:15:37;kezuru es;escuadrón épico de los antiguos
2026-07-09 00:15:38;kezuru es;escuadrón épico de los antiguos
2026-07-09 00:15:39;kezuru es;escuadrón épico de los antiguos
2026-07-09 00:15:40;kezuru es;escuadrón épico de los antiguos
2026-07-09 00:15:40;kezuru es;escuadrón épico de los antiguos
2026-07-09 00:15:41;kezuru es;escuadrón épico de los antiguos
2026-07-09 00:15:42;kezuru es;escuadrón épico de los antiguos
2026-07-09 00:15:42;kezuru es;escuadrón épico de los antiguos
2026-07-09 00:15:43;kezuru es;escuadrón épico de los antiguos
2026-07-09 00:15:44;kezuru es;escuadrón épico de los antiguos
2026-07-09 00:15:45;kezuru es;escuadrón épico de los antiguos
2026-07-09 00:15:45;kezuru es;escuadrón épico de los antiguos
2026-07-09 00:15:46;kezuru es;escuadrón épico de los antiguos
2026-07-09 00:15:47;kezuru es;escuadrón épico de los antiguos
2026-07-09 00:15:48;kezuru es;escuadrón épico de los antiguos
2026-07-09 00:15:48;kezuru es;escuadrón épico de los antiguos
2026-07-09 00:15:49;kezuru es;escuadrón épico de los antiguos
2026-07-09 00:15:50;kezuru es;escuadrón épico de los antiguos
2026-07-09 00:15:51;kezuru es;escuadrón épico de los antiguos
2026-07-09 00:15:51;kezuru es;escuadrón épico de los antiguos
2026-07-09 00:15:52;kezuru es;escuadrón épico de los antiguos
2026-07-09 00:15:53;kezuru es;escuadrón épico de los antiguos
2026-07-09 00:15:54;kezuru es;escuadrón épico de los antiguos
2026-07-09 00:15:54;kezuru es;escuadrón épico de los antiguos
2026-07-09 00:15:55;kezuru es;escuadrón épico de los antiguos
2026-07-09 00:15:56;kezuru es;escuadrón épico de los antiguos
2026-07-09 00:15:57;kezuru es;escuadrón épico de los antiguos
2026-07-09 00:15:57;kezuru es;escuadrón épico de los antiguos
2026-07-09 00:15:58;kezuru es;escuadrón épico de los antiguos
2026-07-09 00:15:59;kezuru es;escuadrón épico de los antiguos
2026-07-09 00:16:00;kezuru es;escuadrón épico de los antiguos
2026-07-09 00:16:00;kezuru es;escuadrón épico de los antiguos
2026-07-09 00:16:01;kezuru es;escuadrón épico de los antiguos
2026-07-09 00:16:02;kezuru es;escuadrón épico de los antiguos
2026-07-09 00:16:03;kezuru es;escuadrón épico de los antiguos
2026-07-09 00:16:03;kezuru es;escuadrón épico de los antiguos
2026-07-09 00:16:04;kezuru es;escuadrón épico de los antiguos
2026-07-09 00:16:05;kezuru es;escuadrón épico de los antiguos
2026-07-09 00:16:05;kezuru es;escuadrón épico de los antiguos
2026-07-09 00:16:06;kezuru es;escuadrón épico de los antiguos
2026-07-09 00:16:07;kezuru es;escuadrón épico de los antiguos
2026-07-09 00:16:08;kezuru es;escuadrón épico de los antiguos
2026-07-09 00:16:08;kezuru es;escuadrón épico de los antiguos
2026-07-09 00:16:09;kezuru es;escuadrón épico de los antiguos
2026-07-09 00:16:10;kezuru es;escuadrón épico de los antiguos
2026-07-09 00:16:11;kezuru es;escuadrón épico de los antiguos
2026-07-09 00:16:11;kezuru es;escuadrón épico de los antiguos
2026-07-09 00:16:12;kezuru es;escuadrón épico de los antiguos
2026-07-09 00:16:13;kezuru es;escuadrón épico de los antiguos
2026-07-09 00:16:14;kezuru es;escuadrón épico de los antiguos
2026-07-09 00:16:14;kezuru es;escuadrón épico de los antiguos
2026-07-09 00:16:15;kezuru es;escuadrón épico de los antiguos
2026-07-09 00:16:16;kezuru es;escuadrón épico de los antiguos
2026-07-09 00:16:17;kezuru es;escuadrón épico de los antiguos
2026-07-09 00:16:17;kezuru es;escuadrón épico de los antiguos
2026-07-09 00:16:18;kezuru es;escuadrón épico de los antiguos
2026-07-09 00:16:19;kezuru es;escuadrón épico de los antiguos
2026-07-09 00:16:19;kezuru es;escuadrón épico de los antiguos
2026-07-09 00:16:20;kezuru es;escuadrón épico de los antiguos
2026-07-09 00:16:21;kezuru es;escuadrón épico de los antiguos
2026-07-09 00:16:22;kezuru es;escuadrón épico de los antiguos
2026-07-09 00:16:22;kezuru es;escuadrón épico de los antiguos
2026-07-09 00:16:23;kezuru es;escuadrón épico de los antiguos
2026-07-09 00:16:24;kezuru es;escuadrón épico de los antiguos
2026-07-09 00:16:25;kezuru es;escuadrón épico de los antiguos
2026-07-09 00:16:25;kezuru es;escuadrón épico de los antiguos
2026-07-09 00:16:26;kezuru es;escuadrón épico de los antiguos
2026-07-09 00:16:27;kezuru es;escuadrón épico de los antiguos
2026-07-09 00:16:28;kezuru es;escuadrón épico de los antiguos
2026-07-09 00:16:28;kezuru es;escuadrón épico de los antiguos
2026-07-09 00:16:29;kezuru es;escuadrón épico de los antiguos
2026-07-09 00:16:30;kezuru es;escuadrón épico de los antiguos
2026-07-09 00:16:31;kezuru es;escuadrón épico de los antiguos
2026-07-09 00:16:31;kezuru es;escuadrón épico de los antiguos
2026-07-09 00:16:32;kezuru es;escuadrón épico de los antiguos
2026-07-09 00:16:33;kezuru es;escuadrón épico de los antiguos
2026-07-09 00:16:33;kezuru es;escuadrón épico de los antiguos
2026-07-09 00:16:34;kezuru es;escuadrón épico de los antiguos
2026-07-09 00:16:35;kezuru es;escuadrón épico de los antiguos
2026-07-09 00:16:36;kezuru es;escuadrón épico de los antiguos
2026-07-09 00:16:36;kezuru es;escuadrón épico de los antiguos
2026-07-09 00:16:37;kezuru es;escuadrón épico de los antiguos
2026-07-09 00:16:38;kezuru es;escuadrón épico de los antiguos
2026-07-09 00:16:39;kezuru es;escuadrón épico de los antiguos
2026-07-09 00:16:39;kezuru es;escuadrón épico de los antiguos
2026-07-09 00:16:40;kezuru es;escuadrón épico de los antiguos
2026-07-09 00:16:41;kezuru es;escuadrón épico de los antiguos
2026-07-09 00:16:42;kezuru es;escuadrón épico de los antiguos
2026-07-09 00:16:42;kezuru es;escuadrón épico de los antiguos
2026-07-09 00:16:43;kezuru es;escuadrón épico de los antiguos
2026-07-09 00:16:44;kezuru es;escuadrón épico de los antiguos
2026-07-09 00:16:45;kezuru es;escuadrón épico de los antiguos
2026-07-09 00:16:45;kezuru es;escuadrón épico de los antiguos
2026-07-09 00:16:46;kezuru es;escuadrón épico de los antiguos
2026-07-09 00:16:47;kezuru es;escuadrón épico de los antiguos
2026-07-09 00:16:48;kezuru es;escuadrón épico de los antiguos
2026-07-09 00:16:48;kezuru es;escuadrón épico de los antiguos
2026-07-09 00:16:49;kezuru es;escuadrón épico de los antiguos
2026-07-09 00:16:50;kezuru es;escuadrón épico de los antiguos
2026-07-09 00:16:50;kezuru es;escuadrón épico de los antiguos
2026-07-09 00:16:51;kezuru es;escuadrón épico de los antiguos
2026-07-09 00:16:52;kezuru es;escuadrón épico de los antiguos
2026-07-09 00:16:53;kezuru es;escuadrón épico de los antiguos
2026-07-09 00:16:53;kezuru es;escuadrón épico de los antiguos
2026-07-09 00:16:54;kezuru es;escuadrón épico de los antiguos
2026-07-09 00:16:55;kezuru es;escuadrón épico de los antiguos
2026-07-09 00:16:56;kezuru es;escuadrón épico de los antiguos
2026-07-09 00:16:56;kezuru es;escuadrón épico de los antiguos
2026-07-09 00:16:57;kezuru es;escuadrón épico de los antiguos
2026-07-09 00:16:58;kezuru es;escuadrón épico de los antiguos
2026-07-09 00:16:59;kezuru es;escuadrón épico de los antiguos
2026-07-09 00:16:59;kezuru es;escuadrón épico de los antiguos
2026-07-09 00:17:00;kezuru es;escuadrón épico de los antiguos
2026-07-09 00:17:01;kezuru es;escuadrón épico de los antiguos
2026-07-09 00:17:02;kezuru es;escuadrón épico de los antiguos
2026-07-09 00:17:02;kezuru es;escuadrón épico de los antiguos
2026-07-09 00:17:03;kezuru es;escuadrón épico de los antiguos
2026-07-09 00:17:04;kezuru es;escuadrón épico de los antiguos
2026-07-09 00:17:04;kezuru es;escuadrón épico de los antiguos
2026-07-09 00:17:05;kezuru es;escuadrón épico de los antiguos
2026-07-09 00:17:06;kezuru es;escuadrón épico de los antiguos
2026-07-09 00:17:07;kezuru es;escuadrón épico de los antiguos
2026-07-09 00:17:07;kezuru es;escuadrón épico de los antiguos
2026-07-09 00:17:08;kezuru es;escuadrón épico de los antiguos
2026-07-09 00:17:09;kezuru es;escuadrón épico de los antiguos
2026-07-09 00:17:10;kezuru es;escuadrón épico de los antiguos
2026-07-09 00:17:10;kezuru es;escuadrón épico de los antiguos
2026-07-09 00:17:11;kezuru es;escuadrón épico de los antiguos
2026-07-09 00:17:12;kezuru es;escuadrón épico de los antiguos
2026-07-09 00:17:13;kezuru es;escuadrón épico de los antiguos
2026-07-09 00:17:13;kezuru es;escuadrón épico de los antiguos
2026-07-09 00:17:14;kezuru es;escuadrón épico de los antiguos
2026-07-09 00:17:15;kezuru es;escuadrón épico de los antiguos
2026-07-09 00:17:15;kezuru es;escuadrón épico de los antiguos
2026-07-09 00:17:16;kezuru es;escuadrón épico de los antiguos
2026-07-09 00:17:17;kezuru es;escuadrón épico de los antiguos
2026-07-09 00:17:18;kezuru es;escuadrón épico de los antiguos
2026-07-09 00:17:18;kezuru es;escuadrón épico de los antiguos
2026-07-09 00:17:19;kezuru es;escuadrón épico de los antiguos
2026-07-09 00:17:20;kezuru es;escuadrón épico de los antiguos
2026-07-09 00:17:21;kezuru es;escuadrón épico de los antiguos
2026-07-09 00:17:21;kezuru es;escuadrón épico de los antiguos
2026-07-09 00:17:22;kezuru es;escuadrón épico de los antiguos
2026-07-09 00:17:23;kezuru es;escuadrón épico de los antiguos
2026-07-09 00:17:24;kezuru es;escuadrón épico de los antiguos
2026-07-09 00:17:24;kezuru es;escuadrón épico de los antiguos
2026-07-09 00:17:25;kezuru es;escuadrón épico de los antiguos
2026-07-09 00:17:26;kezuru es;escuadrón épico de los antiguos
2026-07-09 00:17:27;kezuru es;escuadrón épico de los antiguos
2026-07-09 00:17:27;kezuru es;escuadrón épico de los antiguos
2026-07-09 00:17:28;kezuru es;escuadrón épico de los antiguos
2026-07-09 00:17:29;kezuru es;escuadrón épico de los antiguos
2026-07-09 00:17:29;kezuru es;escuadrón épico de los antiguos
2026-07-09 00:17:30;kezuru es;escuadrón épico de los antiguos
2026-07-09 00:17:31;kezuru es;escuadrón épico de los antiguos
2026-07-09 00:17:32;kezuru es;escuadrón épico de los antiguos
2026-07-09 00:17:32;kezuru es;escuadrón épico de los antiguos
2026-07-09 00:17:33;kezuru es;escuadrón épico de los antiguos
2026-07-09 00:17:34;kezuru es;escuadrón épico de los antiguos
2026-07-09 00:17:35;kezuru es;escuadrón épico de los antiguos
2026-07-09 00:17:35;kezuru es;escuadrón épico de los antiguos
2026-07-09 00:17:36;kezuru es;escuadrón épico de los antiguos
2026-07-09 00:17:37;kezuru es;escuadrón épico de los antiguos
2026-07-09 00:17:38;kezuru es;escuadrón épico de los antiguos
2026-07-09 00:17:38;kezuru es;escuadrón épico de los antiguos
2026-07-09 00:17:39;kezuru es;escuadrón épico de los antiguos
2026-07-09 00:17:40;kezuru es;escuadrón épico de los antiguos
2026-07-09 00:17:40;kezuru es;escuadrón épico de los antiguos
2026-07-09 00:17:41;kezuru es;escuadrón épico de los antiguos
2026-07-09 00:17:42;kezuru es;escuadrón épico de los antiguos
2026-07-09 00:17:43;kezuru es;escuadrón épico de los antiguos
2026-07-09 00:17:43;kezuru es;escuadrón épico de los antiguos
2026-07-09 00:17:44;kezuru es;escuadrón épico de los antiguos
2026-07-09 00:17:45;kezuru es;escuadrón épico de los antiguos
2026-07-09 00:17:46;kezuru es;escuadrón épico de los antiguos
2026-07-09 00:17:46;kezuru es;escuadrón épico de los antiguos
2026-07-09 00:17:47;kezuru es;escuadrón épico de los antiguos
2026-07-09 00:17:48;kezuru es;escuadrón épico de los antiguos
2026-07-09 00:17:49;kezuru es;escuadrón épico de los antiguos
2026-07-09 00:17:49;kezuru es;escuadrón épico de los antiguos
2026-07-09 00:17:50;kezuru es;escuadrón épico de los antiguos
2026-07-09 00:17:51;kezuru es;escuadrón épico de los antiguos
2026-07-09 00:17:52;kezuru es;escuadrón épico de los antiguos
2026-07-09 00:17:52;kezuru es;escuadrón épico de los antiguos
2026-07-09 00:17:53;kezuru es;escuadrón épico de los antiguos
2026-07-09 00:17:54;kezuru es;escuadrón épico de los antiguos
2026-07-09 00:17:55;kezuru es;escuadrón épico de los antiguos
2026-07-09 00:17:55;kezuru es;escuadrón épico de los antiguos
2026-07-09 00:17:56;kezuru es;escuadrón épico de los antiguos
2026-07-09 00:17:57;kezuru es;escuadrón épico de los antiguos
2026-07-09 00:17:58;kezuru es;escuadrón épico de los antiguos
2026-07-09 00:17:58;kezuru es;escuadrón épico de los antiguos
2026-07-09 00:17:59;kezuru es;escuadrón épico de los antiguos
2026-07-09 00:18:00;kezuru es;escuadrón épico de los antiguos
2026-07-09 00:18:01;kezuru es;escuadrón épico de los antiguos
2026-07-09 00:18:01;kezuru es;escuadrón épico de los antiguos
2026-07-09 00:18:02;kezuru es;escuadrón épico de los antiguos
2026-07-09 00:18:03;kezuru es;escuadrón épico de los antiguos
2026-07-09 00:18:04;kezuru es;escuadrón épico de los antiguos
2026-07-09 00:18:04;kezuru es;escuadrón épico de los antiguos
2026-07-09 00:18:05;kezuru es;escuadrón épico de los antiguos
2026-07-09 00:18:06;kezuru es;escuadrón épico de los antiguos
2026-07-09 00:18:06;kezuru es;escuadrón épico de los antiguos
2026-07-09 00:18:07;kezuru es;escuadrón épico de los antiguos
2026-07-09 00:18:08;kezuru es;escuadrón épico de los antiguos
2026-07-09 00:18:09;kezuru es;escuadrón épico de los antiguos
2026-07-09 00:18:09;kezuru es;escuadrón épico de los antiguos
2026-07-09 00:18:10;kezuru es;escuadrón épico de los antiguos
2026-07-09 00:18:11;kezuru es;escuadrón épico de los antiguos
2026-07-09 00:18:12;kezuru es;escuadrón épico de los antiguos
2026-07-09 00:18:12;kezuru es;escuadrón épico de los antiguos
2026-07-09 00:18:13;kezuru es;escuadrón épico de los antiguos
2026-07-09 00:18:14;kezuru es;escuadrón épico de los antiguos
2026-07-09 00:18:15;kezuru es;escuadrón épico de los antiguos
2026-07-09 00:18:15;kezuru es;escuadrón épico de los antiguos
2026-07-09 00:18:16;kezuru es;escuadrón épico de los antiguos
2026-07-09 00:18:17;kezuru es;escuadrón épico de los antiguos
2026-07-09 00:18:17;kezuru es;escuadrón épico de los antiguos
2026-07-09 00:18:18;kezuru es;escuadrón épico de los antiguos
2026-07-09 00:18:19;kezuru es;escuadrón épico de los antiguos
2026-07-09 00:18:20;kezuru es;escuadrón épico de los antiguos
2026-07-09 00:18:20;kezuru es;escuadrón épico de los antiguos
2026-07-09 00:18:21;kezuru es;escuadrón épico de los antiguos
2026-07-09 00:18:22;kezuru es;escuadrón épico de los antiguos
2026-07-09 00:18:23;kezuru es;escuadrón épico de los antiguos
2026-07-09 00:18:23;kezuru es;escuadrón épico de los antiguos
2026-07-09 00:18:24;kezuru es;escuadrón épico de los antiguos
2026-07-09 00:18:25;kezuru es;escuadrón épico de los antiguos
2026-07-09 00:18:26;kezuru es;escuadrón épico de los antiguos
2026-07-09 00:18:26;kezuru es;escuadrón épico de los antiguos
2026-07-09 00:18:27;kezuru es;escuadrón épico de los antiguos
2026-07-09 00:18:28;kezuru es;escuadrón épico de los antiguos
2026-07-09 00:18:29;kezuru es;escuadrón épico de los antiguos
2026-07-09 00:18:29;kezuru es;escuadrón épico de los antiguos
2026-07-09 00:18:30;kezuru es;escuadrón épico de los antiguos
2026-07-09 00:18:31;kezuru es;escuadrón épico de los antiguos
2026-07-09 00:18:32;kezuru es;escuadrón épico de los antiguos
2026-07-09 00:18:32;kezuru es;escuadrón épico de los antiguos
2026-07-09 00:18:33;kezuru es;escuadrón épico de los antiguos
2026-07-09 00:18:34;kezuru es;escuadrón épico de los antiguos
2026-07-09 00:18:35;kezuru es;escuadrón épico de los antiguos
2026-07-09 00:18:35;kezuru es;escuadrón épico de los antiguos
2026-07-09 00:18:36;kezuru es;escuadrón épico de los antiguos
2026-07-09 00:18:37;kezuru es;escuadrón épico de los antiguos
2026-07-09 00:18:38;kezuru es;escuadrón épico de los antiguos
2026-07-09 00:18:38;kezuru es;escuadrón épico de los antiguos
2026-07-09 00:18:39;kezuru es;escuadrón épico de los antiguos
2026-07-09 00:18:40;kezuru es;escuadrón épico de los antiguos
2026-07-09 00:18:41;kezuru es;escuadrón épico de los antiguos
2026-07-09 00:18:41;kezuru es;escuadrón épico de los antiguos
2026-07-09 00:18:42;kezuru es;escuadrón épico de los antiguos
2026-07-09 00:18:43;kezuru es;escuadrón épico de los antiguos
2026-07-09 00:18:44;kezuru es;escuadrón épico de los antiguos
2026-07-09 00:18:44;kezuru es;escuadrón épico de los antiguos
2026-07-09 00:18:45;kezuru es;escuadrón épico de los antiguos
2026-07-09 00:18:46;kezuru es;escuadrón épico de los antiguos
2026-07-09 00:18:47;kezuru es;escuadrón épico de los antiguos
2026-07-09 00:18:47;kezuru es;escuadrón épico de los antiguos
2026-07-09 00:18:48;kezuru es;escuadrón épico de los antiguos
2026-07-09 00:18:49;kezuru es;escuadrón épico de los antiguos
2026-07-09 00:18:50;kezuru es;escuadrón épico de los antiguos
2026-07-09 00:18:50;kezuru es;escuadrón épico de los antiguos
2026-07-09 00:18:51;kezuru es;escuadrón épico de los antiguos
2026-07-09 00:18:52;kezuru es;escuadrón épico de los antiguos
2026-07-09 00:18:52;kezuru es;escuadrón épico de los antiguos
2026-07-09 00:18:53;kezuru es;escuadrón épico de los antiguos
2026-07-09 00:18:54;kezuru es;escuadrón épico de los antiguos
2026-07-09 00:18:55;kezuru es;escuadrón épico de los antiguos
2026-07-09 00:18:55;kezuru es;escuadrón épico de los antiguos
2026-07-09 00:18:56;kezuru es;escuadrón épico de los antiguos
2026-07-09 00:18:57;kezuru es;escuadrón épico de los antiguos
2026-07-09 00:18:58;kezuru es;escuadrón épico de los antiguos
2026-07-09 00:18:58;kezuru es;escuadrón épico de los antiguos
2026-07-09 00:18:59;kezuru es;escuadrón épico de los antiguos
2026-07-09 00:19:00;kezuru es;escuadrón épico de los antiguos
2026-07-09 00:19:01;kezuru es;escuadrón épico de los antiguos
2026-07-09 00:19:01;kezuru es;escuadrón épico de los antiguos
2026-07-09 00:19:02;kezuru es;escuadrón épico de los antiguos
2026-07-09 00:19:03;kezuru es;escuadrón épico de los antiguos
2026-07-09 00:19:03;kezuru es;escuadrón épico de los antiguos
2026-07-09 00:19:04;kezuru es;escuadrón épico de los antiguos
2026-07-09 00:19:05;kezuru es;escuadrón épico de los antiguos
2026-07-09 00:19:06;kezuru es;escuadrón épico de los antiguos
2026-07-09 00:19:06;kezuru es;escuadrón épico de los antiguos
2026-07-09 00:19:07;kezuru es;escuadrón épico de los antiguos
2026-07-09 00:19:08;kezuru es;escuadrón épico de los antiguos
2026-07-09 00:19:09;kezuru es;escuadrón épico de los antiguos
2026-07-09 00:19:09;kezuru es;escuadrón épico de los antiguos
2026-07-09 00:19:10;kezuru es;escuadrón épico de los antiguos
2026-07-09 00:19:11;kezuru es;escuadrón épico de los antiguos
2026-07-09 00:19:12;kezuru es;escuadrón épico de los antiguos
2026-07-09 00:19:12;kezuru es;escuadrón épico de los antiguos
2026-07-09 00:19:13;kezuru es;escuadrón épico de los antiguos
2026-07-09 00:19:14;kezuru es;escuadrón épico de los antiguos
2026-07-09 00:19:15;kezuru es;escuadrón épico de los antiguos
2026-07-09 00:19:15;kezuru es;escuadrón épico de los antiguos
2026-07-09 00:19:16;kezuru es;escuadrón épico de los antiguos
2026-07-09 00:19:17;kezuru es;escuadrón épico de los antiguos
2026-07-09 00:19:17;kezuru es;escuadrón épico de los antiguos
2026-07-09 00:19:18;kezuru es;escuadrón épico de los antiguos
2026-07-09 00:19:19;kezuru es;escuadrón épico de los antiguos
2026-07-09 00:19:20;kezuru es;escuadrón épico de los antiguos
2026-07-09 00:19:20;kezuru es;escuadrón épico de los antiguos
2026-07-09 00:19:21;kezuru es;escuadrón épico de los antiguos
2026-07-09 00:19:22;kezuru es;escuadrón épico de los antiguos
2026-07-09 00:19:23;kezuru es;escuadrón épico de los antiguos
2026-07-09 00:19:23;kezuru es;escuadrón épico de los antiguos
2026-07-09 00:19:24;kezuru es;escuadrón épico de los antiguos
2026-07-09 00:19:25;kezuru es;escuadrón épico de los antiguos
2026-07-09 00:19:26;kezuru es;escuadrón épico de los antiguos
2026-07-09 00:19:26;kezuru es;escuadrón épico de los antiguos
2026-07-09 00:19:27;kezuru es;escuadrón épico de los antiguos
2026-07-09 00:19:28;kezuru es;escuadrón épico de los antiguos
2026-07-09 00:19:29;kezuru es;escuadrón épico de los antiguos
2026-07-09 00:19:29;kezuru es;escuadrón épico de los antiguos
2026-07-09 00:19:30;kezuru es;escuadrón épico de los antiguos
2026-07-09 00:19:31;kezuru es;escuadrón épico de los antiguos
2026-07-09 00:19:32;kezuru es;escuadrón épico de los antiguos
2026-07-09 00:19:32;kezuru es;escuadrón épico de los antiguos
2026-07-09 00:19:33;kezuru es;escuadrón épico de los antiguos
2026-07-09 00:19:34;kezuru es;escuadrón épico de los antiguos
2026-07-09 00:19:35;kezuru es;escuadrón épico de los antiguos
2026-07-09 00:19:35;kezuru es;escuadrón épico de los antiguos
2026-07-09 00:19:36;kezuru es;escuadrón épico de los antiguos
2026-07-09 00:19:37;kezuru es;escuadrón épico de los antiguos
2026-07-09 00:19:38;kezuru es;escuadrón épico de los antiguos
2026-07-09 00:19:38;kezuru es;escuadrón épico de los antiguos
2026-07-09 00:19:39;kezuru es;escuadrón épico de los antiguos
2026-07-09 00:19:40;kezuru es;escuadrón épico de los antiguos
2026-07-09 00:19:40;kezuru es;escuadrón épico de los antiguos
2026-07-09 00:19:41;kezuru es;escuadrón épico de los antiguos
2026-07-09 00:19:42;kezuru es;escuadrón épico de los antiguos
2026-07-09 00:19:43;kezuru es;escuadrón épico de los antiguos
2026-07-09 00:19:43;kezuru es;escuadrón épico de los antiguos
2026-07-09 00:19:44;kezuru es;escuadrón épico de los antiguos
2026-07-09 00:19:45;kezuru es;escuadrón épico de los antiguos
2026-07-09 00:19:46;kezuru es;escuadrón épico de los antiguos
2026-07-09 00:19:46;kezuru es;escuadrón épico de los antiguos
2026-07-09 00:19:47;kezuru es;escuadrón épico de los antiguos
2026-07-09 00:19:48;kezuru es;escuadrón épico de los antiguos
2026-07-09 00:19:49;kezuru es;escuadrón épico de los antiguos
2026-07-09 00:19:49;kezuru es;escuadrón épico de los antiguos
2026-07-09 00:19:50;kezuru es;escuadrón épico de los antiguos
2026-07-09 00:19:51;kezuru es;escuadrón épico de los antiguos
2026-07-09 00:19:52;kezuru es;escuadrón épico de los antiguos
2026-07-09 00:19:52;kezuru es;escuadrón épico de los antiguos
2026-07-09 00:19:53;kezuru es;escuadrón épico de los antiguos
2026-07-09 00:19:54;kezuru es;escuadrón épico de los antiguos
2026-07-09 00:19:54;kezuru es;escuadrón épico de los antiguos
2026-07-09 00:19:55;kezuru es;escuadrón épico de los antiguos
2026-07-09 00:19:56;kezuru es;escuadrón épico de los antiguos
2026-07-09 00:19:57;kezuru es;escuadrón épico de los antiguos
2026-07-09 00:19:57;kezuru es;escuadrón épico de los antiguos
2026-07-09 00:19:58;kezuru es;escuadrón épico de los antiguos
2026-07-09 00:19:59;kezuru es;escuadrón épico de los antiguos
2026-07-09 00:20:00;kezuru es;escuadrón épico de los antiguos
2026-07-09 00:20:00;kezuru es;escuadrón épico de los antiguos
2026-07-09 00:20:01;kezuru es;escuadrón épico de los antiguos
2026-07-09 00:20:02;kezuru es;escuadrón épico de los antiguos
2026-07-09 00:20:03;kezuru es;escuadrón épico de los antiguos
2026-07-09 00:20:03;kezuru es;escuadrón épico de los antiguos
2026-07-09 00:20:04;kezuru es;escuadrón épico de los antiguos
2026-07-09 00:20:05;kezuru es;escuadrón épico de los antiguos
2026-07-09 00:20:06;kezuru es;escuadrón épico de los antiguos
2026-07-09 00:20:06;kezuru es;escuadrón épico de los antiguos
2026-07-09 00:20:07;kezuru es;escuadrón épico de los antiguos
2026-07-09 00:20:08;kezuru es;escuadrón épico de los antiguos
2026-07-09 00:20:08;kezuru es;escuadrón épico de los antiguos
2026-07-09 00:20:09;kezuru es;escuadrón épico de los antiguos
2026-07-09 00:20:10;kezuru es;escuadrón épico de los antiguos
2026-07-09 00:20:11;kezuru es;escuadrón épico de los antiguos
2026-07-09 00:20:11;kezuru es;escuadrón épico de los antiguos
2026-07-09 00:20:12;kezuru es;escuadrón épico de los antiguos
2026-07-09 00:20:13;kezuru es;escuadrón épico de los antiguos
2026-07-09 00:20:14;kezuru es;escuadrón épico de los antiguos
2026-07-09 00:20:14;kezuru es;escuadrón épico de los antiguos
2026-07-09 00:20:15;kezuru es;escuadrón épico de los antiguos
2026-07-09 00:20:16;kezuru es;escuadrón épico de los antiguos
2026-07-09 00:20:17;kezuru es;escuadrón épico de los antiguos
2026-07-09 00:20:17;kezuru es;escuadrón épico de los antiguos
2026-07-09 00:20:18;kezuru es;escuadrón épico de los antiguos
2026-07-09 00:20:19;kezuru es;escuadrón épico de los antiguos
2026-07-09 00:20:20;kezuru es;escuadrón épico de los antiguos
2026-07-09 00:20:20;kezuru es;escuadrón épico de los antiguos
2026-07-09 00:20:21;kezuru es;escuadrón épico de los antiguos
2026-07-09 00:20:22;kezuru es;escuadrón épico de los antiguos
2026-07-09 00:20:22;kezuru es;escuadrón épico de los antiguos
2026-07-09 00:20:23;kezuru es;escuadrón épico de los antiguos
2026-07-09 00:20:24;kezuru es;escuadrón épico de los antiguos
2026-07-09 00:20:25;kezuru es;escuadrón épico de los antiguos
2026-07-09 00:20:25;kezuru es;escuadrón épico de los antiguos
2026-07-09 00:20:26;kezuru es;escuadrón épico de los antiguos
2026-07-09 00:20:27;kezuru es;escuadrón épico de los antiguos
2026-07-09 00:20:28;kezuru es;escuadrón épico de los antiguos
2026-07-09 00:20:28;kezuru es;escuadrón épico de los antiguos
2026-07-09 00:20:29;kezuru es;escuadrón épico de los antiguos
2026-07-09 00:20:30;kezuru es;escuadrón épico de los antiguos
2026-07-09 00:20:31;kezuru es;escuadrón épico de los antiguos
2026-07-09 00:20:31;kezuru es;escuadrón épico de los antiguos
2026-07-09 00:20:32;kezuru es;escuadrón épico de los antiguos
2026-07-09 00:20:33;kezuru es;escuadrón épico de los antiguos
2026-07-09 00:20:33;kezuru es;escuadrón épico de los antiguos
2026-07-09 00:20:34;kezuru es;escuadrón épico de los antiguos
2026-07-09 00:20:35;kezuru es;escuadrón épico de los antiguos
2026-07-09 00:20:36;kezuru es;escuadrón épico de los antiguos
2026-07-09 00:20:36;kezuru es;escuadrón épico de los antiguos
2026-07-09 00:20:37;kezuru es;escuadrón épico de los antiguos
2026-07-09 00:20:38;kezuru es;escuadrón épico de los antiguos
2026-07-09 00:20:39;kezuru es;escuadrón épico de los antiguos
2026-07-09 00:20:39;kezuru es;escuadrón épico de los antiguos
2026-07-09 00:20:40;kezuru es;escuadrón épico de los antiguos
2026-07-09 00:20:41;kezuru es;escuadrón épico de los antiguos
2026-07-09 00:20:42;kezuru es;escuadrón épico de los antiguos
2026-07-09 00:20:42;kezuru es;escuadrón épico de los antiguos
2026-07-09 00:20:43;kezuru es;escuadrón épico de los antiguos
2026-07-09 00:20:44;kezuru es;escuadrón épico de los antiguos
2026-07-09 00:20:44;kezuru es;escuadrón épico de los antiguos
2026-07-09 00:20:45;kezuru es;escuadrón épico de los antiguos
2026-07-09 00:20:46;kezuru es;escuadrón épico de los antiguos
2026-07-09 00:20:47;kezuru es;escuadrón épico de los antiguos
2026-07-09 00:20:47;kezuru es;escuadrón épico de los antiguos
2026-07-09 00:20:48;kezuru es;escuadrón épico de los antiguos
2026-07-09 00:20:49;kezuru es;escuadrón épico de los antiguos
2026-07-09 00:20:50;kezuru es;escuadrón épico de los antiguos
2026-07-09 00:20:50;kezuru es;escuadrón épico de los antiguos
2026-07-09 00:20:51;kezuru es;escuadrón épico de los antiguos
2026-07-09 00:20:52;kezuru es;escuadrón épico de los antiguos
2026-07-09 00:20:52;kezuru es;escuadrón épico de los antiguos
2026-07-09 00:20:53;kezuru es;escuadrón épico de los antiguos
2026-07-09 00:20:54;kezuru es;escuadrón épico de los antiguos
2026-07-09 00:20:55;kezuru es;escuadrón épico de los antiguos
2026-07-09 00:20:55;kezuru es;escuadrón épico de los antiguos
2026-07-09 00:20:56;kezuru es;escuadrón épico de los antiguos
2026-07-09 00:20:57;kezuru es;escuadrón épico de los antiguos
2026-07-09 00:20:58;kezuru es;escuadrón épico de los antiguos
2026-07-09 00:20:58;kezuru es;escuadrón épico de los antiguos
2026-07-09 00:20:59;kezuru es;escuadrón épico de los antiguos
2026-07-09 00:21:00;kezuru es;escuadrón épico de los antiguos
2026-07-09 00:21:01;kezuru es;escuadrón épico de los antiguos
2026-07-09 00:21:01;kezuru es;escuadrón épico de los antiguos
2026-07-09 00:21:02;kezuru es;escuadrón épico de los antiguos
2026-07-09 00:21:03;kezuru es;escuadrón épico de los antiguos
2026-07-09 00:21:03;kezuru es;escuadrón épico de los antiguos
2026-07-09 00:21:04;kezuru es;escuadrón épico de los antiguos
2026-07-09 00:21:05;kezuru es;escuadrón épico de los antiguos
2026-07-09 00:21:06;kezuru es;escuadrón épico de los antiguos
2026-07-09 00:21:06;kezuru es;escuadrón épico de los antiguos
2026-07-09 00:21:07;kezuru es;escuadrón épico de los antiguos
2026-07-09 00:21:08;kezuru es;escuadrón épico de los antiguos
2026-07-09 00:21:09;kezuru es;escuadrón épico de los antiguos
2026-07-09 00:21:09;kezuru es;escuadrón épico de los antiguos
2026-07-09 00:21:10;kezuru es;escuadrón épico de los antiguos
2026-07-09 00:21:11;kezuru es;escuadrón épico de los antiguos
2026-07-09 00:21:12;kezuru es;escuadrón épico de los antiguos
2026-07-09 00:21:12;kezuru es;escuadrón épico de los antiguos
2026-07-09 00:21:13;kezuru es;escuadrón épico de los antiguos
2026-07-09 00:21:14;kezuru es;escuadrón épico de los antiguos
2026-07-09 00:21:15;kezuru es;escuadrón épico de los antiguos
2026-07-09 00:21:15;kezuru es;escuadrón épico de los antiguos
2026-07-09 00:21:16;kezuru es;escuadrón épico de los antiguos
2026-07-09 00:21:17;kezuru es;escuadrón épico de los antiguos
2026-07-09 00:21:18;kezuru es;escuadrón épico de los antiguos
2026-07-09 00:21:18;kezuru es;escuadrón épico de los antiguos
2026-07-09 00:21:19;kezuru es;escuadrón épico de los antiguos
2026-07-09 00:21:20;kezuru es;escuadrón épico de los antiguos
2026-07-09 00:21:21;kezuru es;escuadrón épico de los antiguos
2026-07-09 00:21:21;kezuru es;escuadrón épico de los antiguos
2026-07-09 00:21:22;kezuru es;escuadrón épico de los antiguos
2026-07-09 00:21:23;kezuru es;escuadrón épico de los antiguos
2026-07-09 00:21:23;kezuru es;escuadrón épico de los antiguos
2026-07-09 00:21:24;kezuru es;escuadrón épico de los antiguos
2026-07-09 00:21:25;kezuru es;escuadrón épico de los antiguos
2026-07-09 00:21:26;kezuru es;escuadrón épico de los antiguos
2026-07-09 00:21:26;kezuru es;escuadrón épico de los antiguos
2026-07-09 00:21:27;kezuru es;escuadrón épico de los antiguos
2026-07-09 00:21:28;kezuru es;escuadrón épico de los antiguos
2026-07-09 00:21:29;kezuru es;escuadrón épico de los antiguos
2026-07-09 00:21:29;kezuru es;escuadrón épico de los antiguos
2026-07-09 00:21:30;kezuru es;escuadrón épico de los antiguos
2026-07-09 00:21:31;kezuru es;escuadrón épico de los antiguos
2026-07-09 00:21:31;kezuru es;escuadrón épico de los antiguos
2026-07-09 00:21:32;kezuru es;escuadrón épico de los antiguos
2026-07-09 00:21:33;kezuru es;escuadrón épico de los antiguos
2026-07-09 00:21:34;kezuru es;escuadrón épico de los antiguos
2026-07-09 00:21:34;kezuru es;escuadrón épico de los antiguos
2026-07-09 00:21:35;kezuru es;escuadrón épico de los antiguos
2026-07-09 00:21:36;kezuru es;escuadrón épico de los antiguos
2026-07-09 00:21:37;kezuru es;escuadrón épico de los antiguos
2026-07-09 00:21:37;kezuru es;escuadrón épico de los antiguos
2026-07-09 00:21:38;kezuru es;escuadrón épico de los antiguos
2026-07-09 00:21:39;kezuru es;escuadrón épico de los antiguos
2026-07-09 00:21:40;kezuru es;escuadrón épico de los antiguos
2026-07-09 00:21:40;kezuru es;escuadrón épico de los antiguos
2026-07-09 00:21:41;kezuru es;escuadrón épico de los antiguos
2026-07-09 00:21:42;kezuru es;escuadrón épico de los antiguos
2026-07-09 00:21:43;kezuru es;escuadrón épico de los antiguos
2026-07-09 00:21:43;kezuru es;escuadrón épico de los antiguos
2026-07-09 00:21:44;kezuru es;escuadrón épico de los antiguos
2026-07-09 00:21:45;kezuru es;escuadrón épico de los antiguos
2026-07-09 00:21:45;kezuru es;escuadrón épico de los antiguos
2026-07-09 00:21:46;kezuru es;escuadrón épico de los antiguos
2026-07-09 00:21:47;kezuru es;escuadrón épico de los antiguos
2026-07-09 00:21:48;kezuru es;escuadrón épico de los antiguos
2026-07-09 00:21:48;kezuru es;escuadrón épico de los antiguos
2026-07-09 00:21:49;kezuru es;escuadrón épico de los antiguos
2026-07-09 00:21:50;kezuru es;escuadrón épico de los antiguos
2026-07-09 00:21:51;kezuru es;escuadrón épico de los antiguos
2026-07-09 00:21:51;kezuru es;escuadrón épico de los antiguos
2026-07-09 00:21:52;kezuru es;escuadrón épico de los antiguos
2026-07-09 00:21:53;kezuru es;escuadrón épico de los antiguos
2026-07-09 00:21:53;kezuru es;escuadrón épico de los antiguos
2026-07-09 00:21:54;kezuru es;escuadrón épico de los antiguos
2026-07-09 00:21:55;kezuru es;escuadrón épico de los antiguos
2026-07-09 00:21:56;kezuru es;escuadrón épico de los antiguos
2026-07-09 00:21:56;kezuru es;escuadrón épico de los antiguos
2026-07-09 00:21:57;kezuru es;escuadrón épico de los antiguos
2026-07-09 00:21:58;kezuru es;escuadrón épico de los antiguos
2026-07-09 00:21:59;kezuru es;escuadrón épico de los antiguos
2026-07-09 00:21:59;kezuru es;escuadrón épico de los antiguos
2026-07-09 00:22:00;murod;cripta de nivel 10
2026-07-09 00:22:01;murod;cripta de nivel 20
2026-07-09 00:22:01;murod;cripta de nivel 10
2026-07-09 00:22:02;lau;cripta épica de nivel 25
2026-07-09 00:22:03;cheska;cripta de nivel 25
2026-07-09 00:22:04;lau;cripta de nivel 25
2026-07-09 00:22:04;burilen;cripta de nivel 25
2026-07-09 00:22:05;burilen;cripta de nivel 25
2026-07-09 00:22:06;cheska;cripta de nivel 25
2026-07-09 00:22:07;burilen;cripta de nivel 25
2026-07-09 00:22:07;lorven;"evento ""ascenso de los antiguos"""
2026-07-09 00:22:08;lorven;"evento ""ascenso de los antiguos"""
2026-07-09 00:22:09;lorven;"evento ""ascenso de los antiguos"""
2026-07-09 00:22:10;lorven;"evento ""ascenso de los antiguos"""
2026-07-09 00:22:10;lorven;"evento ""ascenso de los antiguos"""
2026-07-09 00:22:11;lorven;"evento ""ascenso de los antiguos"""
2026-07-09 00:22:12;lorven;"evento ""ascenso de los antiguos"""
2026-07-09 00:22:12;lorven;"evento ""ascenso de los antiguos"""
2026-07-09 00:22:13;lorven;"evento ""ascenso de los antiguos"""
2026-07-09 00:22:14;lorven;"evento ""ascenso de los antiguos"""
2026-07-09 00:22:15;lorven;"evento ""ascenso de los antiguos"""
2026-07-09 00:22:15;lorven;"evento ""ascenso de los antiguos"""
2026-07-09 00:22:16;lorven;"evento ""ascenso de los antiguos"""
2026-07-09 00:22:17;shahzeb khanzada;cripta de nivel 20
2026-07-09 00:22:18;cheska;cripta de nivel 20
2026-07-09 00:22:18;the lion;cripta rara de nivel 20
2026-07-09 00:22:19;asteria;cripta de nivel 25
2026-07-09 00:22:20;asteria;cripta épica de nivel 30
2026-07-09 00:22:20;asteria;cripta de nivel 25
2026-07-09 00:22:21;shahzeb khanzada;cripta de nivel 25
2026-07-09 00:22:22;ganian wala;cripta épica de nivel 25
2026-07-09 00:22:23;lorven;cripta de nivel 25
2026-07-09 00:22:23;asteria;cripta de nivel 20
2026-07-09 00:22:24;ganian wala;cripta épica de nivel 25
2026-07-09 00:22:25;milanooo;cripta de nivel 25
2026-07-09 00:22:26;milanooo;cripta rara de nivel 25
2026-07-09 00:22:26;milanooo;cripta rara de nivel 25
2026-07-09 00:22:27;ladywolf;cripta de nivel 20
2026-07-09 00:22:28;turbiybiczu;cripta de nivel 20
2026-07-09 00:22:29;ladywolf;cripta épica de nivel 15
2026-07-09 00:22:29;milanooo;cripta de nivel 25
2026-07-09 00:22:30;turbiybiczu;cripta épica de nivel 20
2026-07-09 00:22:31;turbiybiczu;cripta de nivel 15
2026-07-09 00:22:32;turbiybiczu;cripta de nivel 15
2026-07-09 00:22:32;milanooo;cripta de nivel 25
2026-07-09 00:22:33;ladywolf;ciudadela de nivel 30
2026-07-09 00:22:34;turbiybiczu;cripta de nivel 15
2026-07-09 00:22:34;asteria;cripta épica de nivel 25
2026-07-09 00:22:35;milanooo;cripta de nivel 25
2026-07-09 00:22:36;ganian wala;cripta épica de nivel 25
2026-07-09 00:22:37;ganian wala;cripta rara de nivel 25
2026-07-09 00:22:37;ganian wala;cripta rara de nivel 25
2026-07-09 00:22:38;rufean il;cripta de nivel 20
2026-07-09 00:22:39;milanooo;cripta de nivel 25
2026-07-09 00:22:40;milanooo;cripta de nivel 25
2026-07-09 00:22:40;milanooo;cripta de nivel 25
2026-07-09 00:22:41;rufean il;cripta de nivel 25
2026-07-09 00:22:42;rufean il;cripta de nivel 25
2026-07-09 00:22:43;milanooo;cripta épica de nivel 30
2026-07-09 00:22:43;rufean il;cripta de nivel 25
2026-07-09 00:22:44;milanooo;cripta épica de nivel 25
2026-07-09 00:22:45;rufean il;cripta épica de nivel 25
2026-07-09 00:22:45;rufean il;cripta épica de nivel 25
2026-07-09 00:22:46;milanooo;cripta épica de nivel 20
2026-07-09 00:22:47;rufean il;cripta épica de nivel 20
2026-07-09 00:22:48;rufean il;cripta épica de nivel 20
2026-07-09 00:22:48;milanooo;cripta épica de nivel 20
2026-07-09 00:22:49;rufean il;cripta épica de nivel 25
2026-07-09 00:22:50;milanooo;cripta épica de nivel 20
2026-07-09 00:22:51;rufean il;cripta épica de nivel 20
2026-07-09 00:22:51;rufean il;cripta épica de nivel 25
2026-07-09 00:22:52;rufean il;cripta épica de nivel 25
2026-07-09 00:22:53;rufean il;cripta épica de nivel 20
2026-07-09 00:22:54;rufean il;cripta épica de nivel 25
2026-07-09 00:22:54;rufean il;cripta épica de nivel 25
2026-07-09 00:22:55;rufean il;cripta épica de nivel 25
2026-07-09 00:22:56;rufean il;cripta épica de nivel 25
2026-07-09 00:22:56;rufean il;cripta épica de nivel 25
2026-07-09 00:22:57;mon amour;cripta de nivel 25
2026-07-09 00:22:58;mon amour;cripta de nivel 25
2026-07-09 00:22:59;rufean il;cripta épica de nivel 20
2026-07-09 00:22:59;mon amour;cripta de nivel 25
2026-07-09 00:23:00;rufean il;cripta épica de nivel 20
2026-07-09 00:23:01;rufean il;cripta épica de nivel 25
2026-07-09 00:23:02;rufean il;cripta épica de nivel 25
2026-07-09 00:23:02;rufean il;cripta épica de nivel 20
2026-07-09 00:23:03;sath;cripta de nivel 15
2026-07-09 00:23:04;sath;cripta de nivel 20
2026-07-09 00:23:05;sath;cripta de nivel 25
2026-07-09 00:23:05;sath;cripta de nivel 15
2026-07-09 00:23:06;rufean il;cripta épica de nivel 20
2026-07-09 00:23:07;biin;cripta rara de nivel 20
2026-07-09 00:23:07;biin;cripta de nivel 10
2026-07-09 00:23:08;rufean il;cripta épica de nivel 25
2026-07-09 00:23:09;rufean il;cripta épica de nivel 20
2026-07-09 00:23:10;asturi;ciudadela de nivel 20
2026-07-09 00:23:10;biin;cripta rara de nivel 20
2026-07-09 00:23:11;asturi;ciudadela de nivel 20
2026-07-09 00:23:12;carp;bolsa de mercenarios
2026-07-09 00:23:13;the mighty lord;cripta de nivel 15
2026-07-09 00:23:13;asturi;ciudadela de nivel 20
2026-07-09 00:23:14;carp;cripta de nivel 5
2026-07-09 00:23:15;carp;cripta de nivel 10
2026-07-09 00:23:16;rufean il;cripta épica de nivel 20
2026-07-09 00:23:16;asturi;ciudadela de nivel 20
2026-07-09 00:23:17;rafail;cripta de nivel 20
2026-07-09 00:23:18;rafail;cripta de nivel 15
2026-07-09 00:23:18;rafail;cripta de nivel 15
2026-07-09 00:23:19;rafail;cripta de nivel 15
2026-07-09 00:23:20;rafail;cripta de nivel 15
2026-07-09 00:23:21;rafail;cripta de nivel 20
2026-07-09 00:23:21;rafail;cripta de nivel 25
2026-07-09 00:23:22;rafail;cripta de nivel 20
2026-07-09 00:23:23;rafail;cripta de nivel 20
2026-07-09 00:23:24;alma;cripta épica de nivel 15
2026-07-09 00:23:24;alma;cripta de nivel 10
2026-07-09 00:23:25;turbiybiczu;cripta de nivel 25
2026-07-09 00:23:26;alma;cripta épica de nivel 15
2026-07-09 00:23:26;shahzeb khanzada;cripta épica de nivel 20
2026-07-09 00:23:27;rafail;cripta de nivel 20
2026-07-09 00:23:28;turbiybiczu;cripta épica de nivel 20
2026-07-09 00:23:29;rafail;cripta de nivel 25
2026-07-09 00:23:29;rafail;cripta de nivel 20
2026-07-09 00:23:30;rafail;cripta de nivel 25
2026-07-09 00:23:31;rafail;cripta de nivel 20
2026-07-09 00:23:32;rafail;cripta de nivel 20
2026-07-09 00:23:32;colis;cripta de nivel 15
2026-07-09 00:23:33;rafail;tienda de jórmungandr
2026-07-09 00:23:34;marod;cripta de nivel 10
2026-07-09 00:23:34;colis;cripta de nivel 15
2026-07-09 00:23:35;marod;cripta de nivel 10
2026-07-09 00:23:36;turbiybiczu;cripta épica de nivel 15
2026-07-09 00:23:37;marod;cripta épica de nivel 20
2026-07-09 00:23:37;marod;cripta de nivel 10
2026-07-09 00:23:38;ganian wala;ciudadela de nivel 30
2026-07-09 00:23:39;turbiybiczu;cripta de nivel 25
2026-07-09 00:23:40;colis;cripta de nivel 15
2026-07-09 00:23:40;marod;cripta de nivel 10
2026-07-09 00:23:41;marod;cripta épica de nivel 15
2026-07-09 00:23:42;turbiybiczu;cripta de nivel 25
2026-07-09 00:23:42;colis;cripta de nivel 15
2026-07-09 00:23:43;marod;cripta de nivel 20
2026-07-09 00:23:44;devildog;cripta de nivel 20
2026-07-09 00:23:45;marod;cripta rara de nivel 20
2026-07-09 00:23:46;marod;cripta de nivel 10
2026-07-09 00:23:46;yime y;tienda de jórmungandr
2026-07-09 00:23:47;yime y;tienda de jórmungandr
2026-07-09 00:23:48;yime y;tienda de jórmungandr
2026-07-09 00:23:49;yime y;tienda de jórmungandr
2026-07-09 00:23:49;yime y;tienda de jórmungandr
2026-07-09 00:23:50;marod;cripta de nivel 10
2026-07-09 00:23:51;marod;cripta de nivel 15
2026-07-09 00:23:51;asturi;cripta de nivel 20
2026-07-09 00:23:52;marod;cripta de nivel 10
2026-07-09 00:23:53;marod;cripta de nivel 15
2026-07-09 00:23:54;shahzeb khanzada;cripta de nivel 25
2026-07-09 00:23:54;alma;arena
2026-07-09 00:23:55;jodotodo;escuadrón épico de jórmungandr
2026-07-09 00:23:56;jodotodo;tienda de jórmungandr
2026-07-09 00:23:57;jodotodo;tienda de jórmungandr
2026-07-09 00:23:57;jodotodo;tienda de jórmungandr
2026-07-09 00:23:58;jodotodo;tienda de jórmungandr
2026-07-09 00:23:59;jodotodo;tienda de jórmungandr
2026-07-09 00:23:59;asturi;cripta de nivel 20
2026-07-09 00:24:00;colis;cripta de nivel 15
2026-07-09 00:24:01;biin;tienda de jórmungandr
2026-07-09 00:24:02;biin;tienda de jórmungandr
2026-07-09 00:24:02;biin;tienda de jórmungandr
2026-07-09 00:24:03;biin;tienda de jórmungandr
2026-07-09 00:24:04;biin;tienda de jórmungandr
2026-07-09 00:24:05;milanooo;tienda de jórmungandr
2026-07-09 00:24:05;milanooo;tienda de jórmungandr
2026-07-09 00:24:06;milanooo;tienda de jórmungandr
2026-07-09 00:24:07;eygenaní;escuadrón épico de jórmungandr
2026-07-09 00:24:07;shahzeb khanzada;cripta épica de nivel 20
2026-07-09 00:24:08;colis;cripta de nivel 15
2026-07-09 00:24:09;eygenaní;tienda de jórmungandr
2026-07-09 00:24:10;eygenaní;tienda de jórmungandr
2026-07-09 00:24:10;eygenaní;tienda de jórmungandr
2026-07-09 00:24:11;eygenaní;tienda de jórmungandr
2026-07-09 00:24:12;eygenaní;tienda de jórmungandr
2026-07-09 00:24:13;rafail;cripta de nivel 20
2026-07-09 00:24:13;maakosky;cripta de nivel 20
2026-07-09 00:24:14;devildog;cripta de nivel 15
2026-07-09 00:24:15;colis;cripta de nivel 15
2026-07-09 00:24:15;maakosky;cripta de nivel 20
2026-07-09 00:24:16;murod;cripta de nivel 10
2026-07-09 00:24:17;maakosky;cripta de nivel 20
2026-07-09 00:24:18;grírim;tienda de jórmungandr
2026-07-09 00:24:18;grírim;tienda de jórmungandr
2026-07-09 00:24:19;grírim;tienda de jórmungandr
2026-07-09 00:24:20;asturi;cripta de nivel 20
2026-07-09 00:24:21;murod;cripta de nivel 20
2026-07-09 00:24:21;rafail;tienda de jórmungandr
2026-07-09 00:24:22;rafail;tienda de jórmungandr
2026-07-09 00:24:23;rafail;tienda de jórmungandr
2026-07-09 00:24:24;murod;cripta de nivel 20
2026-07-09 00:24:24;durga;riqueza del clan
2026-07-09 00:24:25;durga;riqueza del clan
2026-07-09 00:24:26;durga;riqueza del clan
2026-07-09 00:24:26;durga;riqueza del clan
2026-07-09 00:24:27;shahzeb khanzada;cripta de nivel 25
2026-07-09 00:24:28;yime y;escuadrón épico de fenrir
2026-07-09 00:24:29;cheska;cripta de nivel 20
2026-07-09 00:24:29;rafail;tienda de jórmungandr
2026-07-09 00:24:30;cheska;cripta de nivel 20
2026-07-09 00:24:31;malorius;tienda de jórmungandr
2026-07-09 00:24:32;malorius;tienda de jórmungandr
2026-07-09 00:24:32;malorius;tienda de jórmungandr
2026-07-09 00:24:33;malorius;tienda de jórmungandr
2026-07-09 00:24:34;malorius;tienda de jórmungandr
2026-07-09 00:24:34;rafail;cripta de nivel 20
2026-07-09 00:24:35;cheska;cripta de nivel 20
2026-07-09 00:24:36;colis;cripta de nivel 15
2026-07-09 00:24:37;boy name;tienda de jórmungandr
2026-07-09 00:24:37;boy name;tienda de jórmungandr
2026-07-09 00:24:38;boy name;tienda de jórmungandr
2026-07-09 00:24:39;boy name;tienda de jórmungandr
2026-07-09 00:24:40;boy name;tienda de jórmungandr
2026-07-09 00:24:40;cheska;cripta de nivel 20
2026-07-09 00:24:41;shahzeb khanzada;cripta de nivel 25
2026-07-09 00:24:42;cheska;cripta de nivel 20
2026-07-09 00:24:42;rafail;cripta de nivel 20
2026-07-09 00:24:43;devildog;cripta de nivel 15
2026-07-09 00:24:44;burilen;escuadrón épico de jórmungandr
2026-07-09 00:24:45;cheska;cripta de nivel 20
2026-07-09 00:24:45;shahzeb khanzada;cripta de nivel 25
2026-07-09 00:24:46;colis;cripta de nivel 15
2026-07-09 00:24:47;ganian wala;cripta de nivel 25
2026-07-09 00:24:48;milanooo;escuadrón épico de fenrir
2026-07-09 00:24:48;ganian wala;cripta de nivel 25
2026-07-09 00:24:49;ares;cripta rara de nivel 25
2026-07-09 00:24:50;ares;cripta de nivel 25
2026-07-09 00:24:51;ares;cripta de nivel 25
2026-07-09 00:24:51;ares;cripta de nivel 25
2026-07-09 00:24:52;ares;cripta de nivel 25
2026-07-09 00:24:53;ares;cripta de nivel 25
2026-07-09 00:24:54;ganian wala;cripta de nivel 25
2026-07-09 00:24:54;ares;cripta de nivel 25
2026-07-09 00:24:55;lorven;cripta de nivel 25
2026-07-09 00:24:56;ares;cripta de nivel 25
2026-07-09 00:24:56;ares;cripta rara de nivel 20
2026-07-09 00:24:57;ares;cripta de nivel 25
2026-07-09 00:24:58;dardaen;cripta de nivel 20
2026-07-09 00:24:59;dardaen;cripta de nivel 20
2026-07-09 00:24:59;dardaen;cripta de nivel 20
2026-07-09 00:25:00;dardaen;cripta de nivel 25
2026-07-09 00:25:01;megínan;cripta rara de nivel 20
2026-07-09 00:25:02;megínan;cripta de nivel 20
2026-07-09 00:25:02;zero;cripta de nivel 20
2026-07-09 00:25:03;zero;cripta de nivel 20
2026-07-09 00:25:04;zero;cripta de nivel 25
2026-07-09 00:25:04;dardaen;cripta de nivel 25
2026-07-09 00:25:05;zero;cripta épica de nivel 20
2026-07-09 00:25:06;dardaen;cripta de nivel 25
2026-07-09 00:25:07;zero;cripta de nivel 10
2026-07-09 00:25:07;dardaen;cripta de nivel 20
2026-07-09 00:25:08;megínan;cripta de nivel 20
2026-07-09 00:25:09;malorius;cripta de nivel 20
2026-07-09 00:25:10;dardaen;cripta de nivel 25
2026-07-09 00:25:10;dardaen;cripta de nivel 25
2026-07-09 00:25:11;megínan;cripta de nivel 20
2026-07-09 00:25:12;dardaen;cripta de nivel 25
2026-07-09 00:25:12;trella;cripta de nivel 20
2026-07-09 00:25:13;malorius;cripta de nivel 20
2026-07-09 00:25:14;dardaen;cripta de nivel 25
2026-07-09 00:25:15;trella;cripta de nivel 20
2026-07-09 00:25:15;trella;cripta de nivel 20
2026-07-09 00:25:16;zero;ciudadela de nivel 25
2026-07-09 00:25:17;trella;cripta de nivel 20
2026-07-09 00:25:18;malorius;cripta de nivel 25
2026-07-09 00:25:18;trella;cripta de nivel 20
2026-07-09 00:25:19;zero;cripta rara de nivel 25
2026-07-09 00:25:20;lorven;cripta de nivel 25
2026-07-09 00:25:21;trella;cripta de nivel 20
2026-07-09 00:25:21;devildog;cripta de nivel 15
2026-07-09 00:25:22;trella;cripta de nivel 20
2026-07-09 00:25:23;trella;cripta de nivel 20
2026-07-09 00:25:23;zero;cripta épica de nivel 25
2026-07-09 00:25:24;trella;cripta de nivel 20
2026-07-09 00:25:25;zero;cripta de nivel 10
2026-07-09 00:25:26;trella;cripta de nivel 20
2026-07-09 00:25:26;trella;cripta de nivel 20
2026-07-09 00:25:27;trella;cripta de nivel 20
2026-07-09 00:25:28;trella;cripta épica de nivel 25
2026-07-09 00:25:29;trella;cripta de nivel 25
2026-07-09 00:25:29;trella;cripta de nivel 25
2026-07-09 00:25:30;devildog;cripta de nivel 15
2026-07-09 00:25:31;cheska;cripta de nivel 20
2026-07-09 00:25:31;trella;cripta épica de nivel 25
2026-07-09 00:25:32;trella;cripta de nivel 25
2026-07-09 00:25:33;trella;cripta de nivel 25
2026-07-09 00:25:34;trella;cripta de nivel 25
2026-07-09 00:25:34;trella;cripta de nivel 25
2026-07-09 00:25:35;trella;cripta de nivel 25
2026-07-09 00:25:36;trella;cripta rara de nivel 15
2026-07-09 00:25:37;cheska;cripta de nivel 20
2026-07-09 00:25:37;trella;cripta rara de nivel 15
2026-07-09 00:25:38;trella;cripta rara de nivel 25
2026-07-09 00:25:39;devildog;cripta de nivel 15
2026-07-09 00:25:40;cheska;cripta de nivel 20
2026-07-09 00:25:40;trella;cripta épica de nivel 20
2026-07-09 00:25:41;trella;cripta épica de nivel 25
2026-07-09 00:25:42;cheska;cripta de nivel 20
2026-07-09 00:25:42;alma;cripta de nivel 10
2026-07-09 00:25:43;cheska;cripta de nivel 20
2026-07-09 00:25:44;turbiybiczu;cripta de nivel 15
2026-07-09 00:25:45;devildog;cripta de nivel 20
2026-07-09 00:25:45;alma;cripta de nivel 10
2026-07-09 00:25:46;alma;cripta de nivel 10
2026-07-09 00:25:47;alma;cripta de nivel 15
2026-07-09 00:25:48;alma;cripta épica de nivel 20
2026-07-09 00:25:48;alma;cripta de nivel 15
2026-07-09 00:25:49;alma;cripta épica de nivel 20
2026-07-09 00:25:50;devildog;cripta de nivel 15
2026-07-09 00:25:51;alma;cripta de nivel 10
2026-07-09 00:25:51;malorius;cripta épica de nivel 25
2026-07-09 00:25:52;alma;tienda de jórmungandr
2026-07-09 00:25:53;«Jasmine;tienda de jórmungandr
2026-07-09 00:25:53;«Jasmine;tienda de jórmungandr
2026-07-09 00:25:54;«Jasmine;tienda de jórmungandr
2026-07-09 00:25:55;«Jasmine;tienda de jórmungandr
2026-07-09 00:25:56;«Jasmine;tienda de jórmungandr
2026-07-09 00:25:56;erreape;cripta épica de nivel 15
2026-07-09 00:25:57;jodotodo;cripta épica de nivel 20
2026-07-09 00:25:58;erreape;cripta de nivel 25
2026-07-09 00:25:59;erreape;cripta épica de nivel 15
2026-07-09 00:25:59;erreape;cripta épica de nivel 25
2026-07-09 00:26:00;erreape;cripta de nivel 20
2026-07-09 00:26:01;erreape;cripta de nivel 25
2026-07-09 00:26:01;erreape;cripta de nivel 25
2026-07-09 00:26:02;erreape;cripta de nivel 25
2026-07-09 00:26:03;erreape;cripta de nivel 25
2026-07-09 00:26:04;turbiybiczu;cripta de nivel 25
2026-07-09 00:26:04;jodotodo;escuadrón épico de jórmungandr
2026-07-09 00:26:05;erreape;cripta de nivel 25
2026-07-09 00:26:06;erreape;cripta de nivel 25
2026-07-09 00:26:07;turbiybiczu;cripta de nivel 15
2026-07-09 00:26:07;erreape;cripta de nivel 25
2026-07-09 00:26:08;erreape;cripta rara de nivel 30
2026-07-09 00:26:09;erreape;cripta épica de nivel 15
2026-07-09 00:26:10;erreape;cripta épica de nivel 30
2026-07-09 00:26:10;turbiybiczu;cripta de nivel 15
2026-07-09 00:26:11;erreape;cripta rara de nivel 25
2026-07-09 00:26:12;erreape;cripta rara de nivel 25
2026-07-09 00:26:13;burilen;cripta de nivel 25
2026-07-09 00:26:13;erreape;cripta rara de nivel 25
2026-07-09 00:26:14;burilen;cripta de nivel 20
2026-07-09 00:26:15;erreape;cripta de nivel 20
2026-07-09 00:26:16;erreape;cripta épica de nivel 20
2026-07-09 00:26:16;burilen;cripta de nivel 15
2026-07-09 00:26:17;malorius;arena
2026-07-09 00:26:18;burilen;cripta de nivel 25
2026-07-09 00:26:19;«Jasmine;escuadrón épico de fenrir
2026-07-09 00:26:19;erreape;cripta rara de nivel 25
2026-07-09 00:26:20;erreape;cripta de nivel 20
2026-07-09 00:26:21;erreape;cripta rara de nivel 25
2026-07-09 00:26:21;maakosky;cripta de nivel 20
2026-07-09 00:26:22;maakosky;cripta de nivel 20
2026-07-09 00:26:23;maakosky;cripta de nivel 20
2026-07-09 00:26:24;astralsito;cripta de nivel 15
2026-07-09 00:26:24;lordriel;escuadrón épico de jórmungandr
2026-07-09 00:26:25;astralsito;cripta de nivel 15
2026-07-09 00:26:26;sath;cripta de nivel 25
2026-07-09 00:26:27;astralsito;cripta de nivel 15
2026-07-09 00:26:27;biin;cripta de nivel 10
2026-07-09 00:26:28;astralsito;cripta de nivel 15
2026-07-09 00:26:29;astralsito;cripta de nivel 20
2026-07-09 00:26:29;astralsito;cripta de nivel 15
2026-07-09 00:26:30;astralsito;cripta de nivel 15
2026-07-09 00:26:31;biin;cripta de nivel 10
2026-07-09 00:26:32;astralsito;cripta de nivel 15
2026-07-09 00:26:32;cheska;cripta de nivel 20
2026-07-09 00:26:33;astralsito;cripta de nivel 20
2026-07-09 00:26:34;astralsito;cripta de nivel 20
2026-07-09 00:26:35;cheska;cripta de nivel 20
2026-07-09 00:26:35;cheska;cripta de nivel 20
2026-07-09 00:26:36;biin;cripta de nivel 25
2026-07-09 00:26:37;sisu;tienda de jórmungandr
2026-07-09 00:26:37;sisu;tienda de jórmungandr
2026-07-09 00:26:38;sisu;tienda de jórmungandr
2026-07-09 00:26:39;sisu;tienda de jórmungandr
2026-07-09 00:26:40;sisu;tienda de jórmungandr
2026-07-09 00:26:40;sisu;cripta de nivel 25
2026-07-09 00:26:41;sisu;cripta de nivel 20
2026-07-09 00:26:42;sisu;cripta de nivel 25
2026-07-09 00:26:43;sisu;cripta de nivel 25
2026-07-09 00:26:43;sisu;cripta de nivel 25
2026-07-09 00:26:44;maakosky;cripta de nivel 20
2026-07-09 00:26:45;sisu;cripta de nivel 20
2026-07-09 00:26:46;biin;cripta épica de nivel 20
2026-07-09 00:26:46;sisu;cripta rara de nivel 25
2026-07-09 00:26:47;sisu;cripta rara de nivel 25
2026-07-09 00:26:48;sisu;cripta épica de nivel 20
2026-07-09 00:26:48;sisu;cripta épica de nivel 20
2026-07-09 00:26:49;dardaen;tienda de jórmungandr
2026-07-09 00:26:50;dardaen;tienda de jórmungandr
2026-07-09 00:26:51;dardaen;tienda de jórmungandr
2026-07-09 00:26:51;dardaen;tienda de jórmungandr
2026-07-09 00:26:52;dardaen;tienda de jórmungandr
2026-07-09 00:26:53;biin;cripta de nivel 10
2026-07-09 00:26:54;biin;cripta épica de nivel 20
2026-07-09 00:26:54;biin;escuadrón épico de jórmungandr
2026-07-09 00:26:55;trella;tienda de jórmungandr
2026-07-09 00:26:56;trella;tienda de jórmungandr
2026-07-09 00:26:56;trella;tienda de jórmungandr
2026-07-09 00:26:57;trella;tienda de jórmungandr
2026-07-09 00:26:58;trella;tienda de jórmungandr
2026-07-09 00:26:59;asteria;tienda de jórmungandr
2026-07-09 00:26:59;biin;escuadrón épico de fenrir
2026-07-09 00:27:00;asteria;tienda de jórmungandr
2026-07-09 00:27:01;asteria;tienda de jórmungandr
2026-07-09 00:27:02;asteria;tienda de jórmungandr
2026-07-09 00:27:02;asteria;tienda de jórmungandr
2026-07-09 00:27:03;sath;tienda de jórmungandr
2026-07-09 00:27:04;sath;tienda de jórmungandr
2026-07-09 00:27:05;turbiybiczu;cripta de nivel 15
2026-07-09 00:27:05;turbiybiczu;cripta de nivel 15
2026-07-09 00:27:06;burilen;tienda de jórmungandr
2026-07-09 00:27:07;burilen;tienda de jórmungandr
2026-07-09 00:27:08;burilen;tienda de jórmungandr
2026-07-09 00:27:08;francescaromana;cripta de nivel 15
2026-07-09 00:27:09;sisuskk;cripta de nivel 25
2026-07-09 00:27:10;sisuskk;tienda de jórmungandr
2026-07-09 00:27:11;sisuskk;tienda de jórmungandr
2026-07-09 00:27:11;sisuskk;tienda de jórmungandr
2026-07-09 00:27:12;sisuskk;tienda de jórmungandr
2026-07-09 00:27:13;sisuskk;tienda de jórmungandr
2026-07-09 00:27:14;sisuskk;cripta de nivel 25
2026-07-09 00:27:14;sisuskk;cripta de nivel 20
2026-07-09 00:27:15;sisuskk;cripta de nivel 20
2026-07-09 00:27:16;devildog;cripta de nivel 15
2026-07-09 00:27:16;sisuskk;cripta de nivel 20
2026-07-09 00:27:17;sisuskk;cripta de nivel 25
2026-07-09 00:27:18;sisuskk;cripta rara de nivel 25
2026-07-09 00:27:19;asteria;cripta rara de nivel 30
2026-07-09 00:27:19;sisuskk;escuadrón épico de jórmungandr
2026-07-09 00:27:20;devildog;cripta de nivel 15
2026-07-09 00:27:21;burilen;tienda de jórmungandr
2026-07-09 00:27:22;burilen;tienda de jórmungandr
2026-07-09 00:27:22;sath;tienda de jórmungandr
2026-07-09 00:27:23;devildog;tienda de jórmungandr
2026-07-09 00:27:24;devildog;tienda de jórmungandr
2026-07-09 00:27:24;devildog;tienda de jórmungandr
2026-07-09 00:27:25;devildog;tienda de jórmungandr
2026-07-09 00:27:26;devildog;tienda de jórmungandr
2026-07-09 00:27:27;milanooo;cripta épica de nivel 20
2026-07-09 00:27:27;sisuskk;cripta rara de nivel 25
2026-07-09 00:27:28;sisuskk;cripta épica de nivel 20
2026-07-09 00:27:29;sisuskk;cripta épica de nivel 20
2026-07-09 00:27:30;milanooo;cripta épica de nivel 15
2026-07-09 00:27:30;milanooo;cripta épica de nivel 15
2026-07-09 00:27:31;devildog;cripta de nivel 15
2026-07-09 00:27:32;asteria;cripta épica de nivel 30
2026-07-09 00:27:33;asteria;cripta rara de nivel 25
2026-07-09 00:27:33;asteria;cripta rara de nivel 30
2026-07-09 00:27:34;asteria;cripta rara de nivel 25
2026-07-09 00:27:35;findanel;cripta de nivel 15
2026-07-09 00:27:35;maakosky;cripta de nivel 20
2026-07-09 00:27:36;sath;tienda de jórmungandr
2026-07-09 00:27:37;sath;tienda de jórmungandr
2026-07-09 00:27:38;ulises el floreros;tienda de jórmungandr
2026-07-09 00:27:38;kari;cripta de nivel 20
2026-07-09 00:27:39;findanel;cripta de nivel 15
2026-07-09 00:27:40;kari;cripta de nivel 20
2026-07-09 00:27:41;vasiliki;cripta de nivel 25
2026-07-09 00:27:41;findanel;cripta de nivel 15
2026-07-09 00:27:42;vasiliki;cripta de nivel 25
2026-07-09 00:27:43;vasiliki;cripta de nivel 25
2026-07-09 00:27:44;findanel;cripta de nivel 15
2026-07-09 00:27:44;asteria;cripta rara de nivel 30
2026-07-09 00:27:45;vasiliki;escuadrón épico de jórmungandr
2026-07-09 00:27:46;findanel;cripta de nivel 15
2026-07-09 00:27:47;ulises el floreros;tienda de jórmungandr
2026-07-09 00:27:47;ulises el floreros;tienda de jórmungandr
2026-07-09 00:27:48;vasiliki;tienda de jórmungandr
2026-07-09 00:27:49;vasiliki;tienda de jórmungandr
2026-07-09 00:27:50;vasiliki;tienda de jórmungandr
2026-07-09 00:27:50;vasiliki;tienda de jórmungandr
2026-07-09 00:27:51;vasiliki;tienda de jórmungandr
2026-07-09 00:27:52;maakosky;cripta de nivel 20
2026-07-09 00:27:52;findanel;cripta de nivel 15
2026-07-09 00:27:53;asteria;cripta épica de nivel 25
2026-07-09 00:27:54;devildog;cripta de nivel 15
2026-07-09 00:27:55;findanel;cripta de nivel 15
2026-07-09 00:27:55;maakosky;cripta de nivel 20
2026-07-09 00:27:56;asteria;cripta rara de nivel 25
2026-07-09 00:27:57;findanel;cripta de nivel 15
2026-07-09 00:27:58;maakosky;cripta de nivel 20
2026-07-09 00:27:58;ulises el floreros;cripta de nivel 20
2026-07-09 00:27:59;ulises el floreros;cripta épica de nivel 20
2026-07-09 00:28:00;ulises el floreros;cripta épica de nivel 20
2026-07-09 00:28:00;asteria;cripta rara de nivel 30
2026-07-09 00:28:01;maakosky;cripta de nivel 20
2026-07-09 00:28:02;findanel;cripta de nivel 15
2026-07-09 00:28:03;ulises el floreros;cripta épica de nivel 20
2026-07-09 00:28:03;kari;cripta de nivel 25
2026-07-09 00:28:04;ulises el floreros;cripta de nivel 20
2026-07-09 00:28:05;ulises el floreros;cripta de nivel 20
2026-07-09 00:28:06;kezuru es;tienda de jórmungandr
2026-07-09 00:28:06;kezuru es;tienda de jórmungandr
2026-07-09 00:28:07;kezuru es;tienda de jórmungandr
2026-07-09 00:28:08;kezuru es;tienda de jórmungandr
2026-07-09 00:28:08;kezuru es;tienda de jórmungandr
2026-07-09 00:28:09;ulises el floreros;cripta de nivel 20
2026-07-09 00:28:10;findanel;cripta de nivel 15
2026-07-09 00:28:11;maakosky;cripta de nivel 20
2026-07-09 00:28:11;asteria;cripta de nivel 25
2026-07-09 00:28:12;ulises el floreros;cripta de nivel 20
2026-07-09 00:28:13;ulises el floreros;cripta de nivel 20
2026-07-09 00:28:14;turbiybiczu;tienda de jórmungandr
2026-07-09 00:28:14;turbiybiczu;tienda de jórmungandr
2026-07-09 00:28:15;turbiybiczu;tienda de jórmungandr
2026-07-09 00:28:16;turbiybiczu;tienda de jórmungandr
2026-07-09 00:28:17;turbiybiczu;tienda de jórmungandr
2026-07-09 00:28:17;ulises el floreros;cripta de nivel 20
2026-07-09 00:28:18;asteria;cripta épica de nivel 25
2026-07-09 00:28:19;malvina;cripta de nivel 20
2026-07-09 00:28:19;maakosky;cripta épica de nivel 20
2026-07-09 00:28:20;ulises el floreros;cripta de nivel 20
2026-07-09 00:28:21;ulises el floreros;cripta de nivel 20
2026-07-09 00:28:22;ulises el floreros;cripta de nivel 20
2026-07-09 00:28:22;ulises el floreros;cripta de nivel 20
2026-07-09 00:28:23;turbiybiczu;cripta de nivel 10
2026-07-09 00:28:24;turbiybiczu;cripta de nivel 20
2026-07-09 00:28:24;ulises el floreros;cripta de nivel 20
2026-07-09 00:28:25;asteria;cripta de nivel 25
2026-07-09 00:28:26;turbiybiczu;cripta épica de nivel 20
2026-07-09 00:28:27;turbiybiczu;cripta de nivel 25
2026-07-09 00:28:27;turbiybiczu;cripta de nivel 25
2026-07-09 00:28:28;ulises el floreros;cripta de nivel 20
2026-07-09 00:28:29;turbiybiczu;cripta de nivel 15
2026-07-09 00:28:30;turbiybiczu;cripta de nivel 15
2026-07-09 00:28:30;maakosky;ciudadela de nivel 20
2026-07-09 00:28:31;turbiybiczu;cripta de nivel 15
2026-07-09 00:28:32;maakosky;ciudadela de nivel 20
2026-07-09 00:28:33;longdog;cripta de nivel 10
2026-07-09 00:28:33;longdog;cripta de nivel 10
2026-07-09 00:28:34;longdog;cripta de nivel 10
2026-07-09 00:28:35;longdog;cripta de nivel 10
2026-07-09 00:28:35;longdog;cripta rara de nivel 10
2026-07-09 00:28:36;longdog;cripta de nivel 25
2026-07-09 00:28:37;grírim;cripta rara de nivel 20
2026-07-09 00:28:38;grírim;cripta rara de nivel 20
2026-07-09 00:28:38;grírim;cripta rara de nivel 25
2026-07-09 00:28:39;maakosky;ciudadela de nivel 20
2026-07-09 00:28:40;longdog;cripta de nivel 15
2026-07-09 00:28:41;grírim;cripta rara de nivel 25
2026-07-09 00:28:41;grírim;cripta épica de nivel 25
2026-07-09 00:28:42;grírim;cripta de nivel 20
2026-07-09 00:28:43;grírim;cripta de nivel 20
2026-07-09 00:28:44;grírim;cripta de nivel 20
2026-07-09 00:28:44;grírim;cripta de nivel 25
2026-07-09 00:28:45;grírim;cripta de nivel 25
2026-07-09 00:28:46;grírim;cripta de nivel 15
2026-07-09 00:28:47;grírim;cripta de nivel 15
2026-07-09 00:28:47;grírim;cripta de nivel 15
2026-07-09 00:28:48;grírim;cripta de nivel 20
2026-07-09 00:28:49;ulises el floreros;tienda de jórmungandr
2026-07-09 00:28:50;ulises el floreros;tienda de jórmungandr
2026-07-09 00:28:50;ares;tienda de jórmungandr
2026-07-09 00:28:51;asteria;cripta épica de nivel 25
2026-07-09 00:28:52;devildog;cripta de nivel 20
2026-07-09 00:28:53;asteria;cripta de nivel 25
2026-07-09 00:28:53;asteria;cripta de nivel 25
2026-07-09 00:28:54;asteria;cripta de nivel 25
2026-07-09 00:28:55;asteria;cripta de nivel 25
2026-07-09 00:28:56;asturi;cripta de nivel 20
2026-07-09 00:28:56;grírim;cripta de nivel 15
2026-07-09 00:28:57;asturi;cripta de nivel 20
2026-07-09 00:28:58;asturi;cripta de nivel 20
2026-07-09 00:28:58;grírim;cripta de nivel 20
2026-07-09 00:28:59;asteria;cripta de nivel 25
2026-07-09 00:29:00;asturi;cripta de nivel 20
2026-07-09 00:29:01;grírim;cripta de nivel 20
2026-07-09 00:29:01;grírim;cripta de nivel 20
2026-07-09 00:29:02;grírim;cripta de nivel 20
2026-07-09 00:29:03;grírim;cripta de nivel 20
2026-07-09 00:29:04;grírim;cripta de nivel 20
2026-07-09 00:29:04;grírim;cripta de nivel 20
2026-07-09 00:29:05;marrar;escuadrón épico de fenrir
2026-07-09 00:29:06;marrar;cripta épica de nivel 25
2026-07-09 00:29:06;jhanau kong;cripta de nivel 15
2026-07-09 00:29:07;jhanau kong;cripta de nivel 15
2026-07-09 00:29:08;marod;cripta de nivel 10
2026-07-09 00:29:09;marod;cripta de nivel 10
2026-07-09 00:29:09;grírim;cripta de nivel 15
2026-07-09 00:29:10;grírim;cripta de nivel 20
2026-07-09 00:29:11;grírim;cripta de nivel 20
2026-07-09 00:29:12;marod;tienda de jórmungandr
2026-07-09 00:29:12;marod;tienda de jórmungandr
2026-07-09 00:29:13;marod;tienda de jórmungandr
2026-07-09 00:29:14;grírim;cripta de nivel 20
2026-07-09 00:29:15;grírim;cripta de nivel 20
2026-07-09 00:29:15;grírim;cripta de nivel 20
2026-07-09 00:29:16;grírim;cripta de nivel 20
2026-07-09 00:29:17;grírim;cripta de nivel 20
2026-07-09 00:29:17;kari;ciudadela de nivel 25
2026-07-09 00:29:18;grírim;cripta de nivel 20
2026-07-09 00:29:19;grírim;cripta de nivel 20
2026-07-09 00:29:20;grírim;cripta de nivel 20
2026-07-09 00:29:20;grírim;cripta rara de nivel 15
2026-07-09 00:29:21;grírim;cripta de nivel 20
2026-07-09 00:29:22;grírim;cripta de nivel 20
2026-07-09 00:29:23;grírim;cripta de nivel 20
2026-07-09 00:29:23;grírim;cripta de nivel 20
2026-07-09 00:29:24;lau;tienda de jórmungandr
2026-07-09 00:29:25;lau;tienda de jórmungandr
2026-07-09 00:29:26;lau;tienda de jórmungandr
2026-07-09 00:29:26;lau;tienda de jórmungandr
2026-07-09 00:29:27;lau;tienda de jórmungandr
2026-07-09 00:29:28;ben xander;cripta de nivel 20
2026-07-09 00:29:28;ben xander;cripta de nivel 20
2026-07-09 00:29:29;nimona;tienda de jórmungandr
2026-07-09 00:29:30;nimona;tienda de jórmungandr
2026-07-09 00:29:31;nimona;tienda de jórmungandr
2026-07-09 00:29:31;nimona;tienda de jórmungandr
2026-07-09 00:29:32;nimona;tienda de jórmungandr
2026-07-09 00:29:33;nemean;tienda de jórmungandr
2026-07-09 00:29:34;nemean;tienda de jórmungandr
2026-07-09 00:29:34;malvina;cripta de nivel 20
2026-07-09 00:29:35;malvina;cripta de nivel 20
2026-07-09 00:29:36;malvina;cripta de nivel 20
2026-07-09 00:29:36;malvina;cripta de nivel 20
2026-07-09 00:29:37;jhanau kong;cripta de nivel 10
2026-07-09 00:29:38;el loco murdock;tienda de jórmungandr
2026-07-09 00:29:39;kishura;cripta de nivel 20
2026-07-09 00:29:39;kishura;cripta de nivel 25
2026-07-09 00:29:40;devildog;cripta de nivel 15
2026-07-09 00:29:41;lappii;cripta épica de nivel 15
2026-07-09 00:29:42;kishura;cripta de nivel 20
2026-07-09 00:29:42;lappii;cripta épica de nivel 20
2026-07-09 00:29:43;marod;ciudadela de nivel 20
2026-07-09 00:29:44;lappii;cripta épica de nivel 15
2026-07-09 00:29:45;lappii;cripta épica de nivel 15
2026-07-09 00:29:45;lappii;cripta épica de nivel 20
2026-07-09 00:29:46;lappii;cripta épica de nivel 15
2026-07-09 00:29:47;lappii;cripta épica de nivel 15
2026-07-09 00:29:47;kishura;cripta de nivel 20
2026-07-09 00:29:48;lappii;cripta épica de nivel 20
2026-07-09 00:29:49;lappii;cripta épica de nivel 15
2026-07-09 00:29:50;marod;tienda de jórmungandr
2026-07-09 00:29:50;lappii;cripta épica de nivel 15
2026-07-09 00:29:51;lappii;cripta épica de nivel 15
2026-07-09 00:29:52;lappii;cripta épica de nivel 15
2026-07-09 00:29:53;berrygoblina;tienda de jórmungandr
2026-07-09 00:29:53;berrygoblina;tienda de jórmungandr
2026-07-09 00:29:54;berrygoblina;tienda de jórmungandr
2026-07-09 00:29:55;berrygoblina;tienda de jórmungandr
2026-07-09 00:29:55;berrygoblina;tienda de jórmungandr
2026-07-09 00:29:56;lappii;cripta épica de nivel 15
2026-07-09 00:29:57;kishura;cripta de nivel 20
2026-07-09 00:29:58;kishura;cripta de nivel 20
2026-07-09 00:29:58;kishura;cripta de nivel 20
2026-07-09 00:29:59;kishura;cripta de nivel 20
2026-07-09 00:30:00;sath;cripta de nivel 15
2026-07-09 00:30:01;kishura;cripta de nivel 20
2026-07-09 00:30:01;the lion;cripta de nivel 20
2026-07-09 00:30:02;kishura;cripta de nivel 20
2026-07-09 00:30:03;the lion;cripta de nivel 15
2026-07-09 00:30:03;benxander;arena
2026-07-09 00:30:04;kishura;cripta de nivel 20
2026-07-09 00:30:05;benxander;cripta de nivel 25
2026-07-09 00:30:06;durdy 7777;cripta de nivel 20
2026-07-09 00:30:06;benxander;cripta de nivel 25
2026-07-09 00:30:07;kishura;cripta de nivel 20
2026-07-09 00:30:08;benxander;cripta de nivel 25
2026-07-09 00:30:09;the lion;cripta de nivel 20
2026-07-09 00:30:09;durdy 7777;cripta de nivel 20
2026-07-09 00:30:10;durdy 7777;cripta de nivel 15
2026-07-09 00:30:11;the lion;cripta de nivel 20
2026-07-09 00:40:41;durdy 7777;cripta de nivel 15
2026-07-09 00:40:42;daidal;cripta épica de nivel 15
2026-07-09 00:40:43;the lion;cripta de nivel 20
2026-07-09 00:40:44;kishura;cripta de nivel 20
2026-07-09 00:40:44;daidal;cripta rara de nivel 20
2026-07-09 00:40:45;durdy 7777;cripta de nivel 15
2026-07-09 00:40:46;daidal;cripta de nivel 20
2026-07-09 00:40:47;daidal;cripta de nivel 20
2026-07-09 00:40:48;daidal;cripta de nivel 20
2026-07-09 00:40:48;the lion;cripta de nivel 20
2026-07-09 00:40:49;durdy 7777;cripta épica de nivel 25
2026-07-09 00:40:50;the lion;cripta épica de nivel 20
2026-07-09 00:40:51;kishura;cripta de nivel 20
2026-07-09 00:40:51;the lion;cripta de nivel 15
2026-07-09 00:40:52;kishura;cripta de nivel 20
2026-07-09 15:44:13;   adorazius;bank
2026-07-09 15:44:14;   adorazius;bank
2026-07-09 15:44:15;   daidal;level 20 crypt
2026-07-09 15:44:16;   the lion;level 20 rare crypt
2026-07-09 15:44:17;   the lion;level 20 rare crypt
2026-07-09 15:44:18;   trella;level 25 crypt
2026-07-09 15:44:18;   the lion;level 20 citadel
2026-07-09 15:44:19;   trella;level 25 crypt
2026-07-09 15:44:20;   rafail;level 20 crypt
2026-07-09 15:44:20;   the lion;level 20 citadel
2026-07-09 15:44:21;   rafail;level 20 crypt
2026-07-09 15:44:22;   the lion;level 20 citadel
2026-07-09 15:44:23;   burilen;level 25 crypt
2026-07-09 15:44:23;   rafail;level 20 crypt
2026-07-09 15:44:24;   burilen;level 25 crypt
2026-07-09 15:44:25;   rafail;level 25 crypt
2026-07-09 15:44:26;   burilen;level 25 crypt
2026-07-09 15:44:26;   the lion;level 25 citadel
2026-07-09 15:44:27;   burilen;level 25 crypt
2026-07-09 15:44:28;   the lion;jórmungandr shop
2026-07-09 15:44:28;   the lion;jórmungandr shop
2026-07-09 15:44:29;   the lion;jórmungandr shop
2026-07-09 15:44:30;   the lion;jórmungandr shop
2026-07-09 15:44:31;   the lion;jórmungandr shop
2026-07-09 15:44:31;   dagelv;epic fenrir squad
2026-07-09 15:44:32;   the lion;level 20 citadel
2026-07-09 15:44:33;   rafail;level 20 crypt
2026-07-09 15:44:34;   rafail;level 20 crypt
2026-07-09 15:44:34;   rafail;level 20 crypt
2026-07-09 15:44:35;   rafail;level 20 crypt
2026-07-09 15:44:36;   rafail;level 20 crypt
2026-07-09 15:44:36;   dagelv;jórmungandr shop
2026-07-09 15:44:37;   dagelv;jórmungandr shop
2026-07-09 15:44:38;   dagelv;jórmungandr shop
2026-07-09 15:44:39;   dagelv;jórmungandr shop
2026-07-09 15:44:39;   dagelv;jórmungandr shop
2026-07-09 15:44:40;   rafail;level 20 crypt
2026-07-09 15:44:41;   the lion;level 20 citadel
2026-07-09 15:44:41;   the lion;level 20 citadel
2026-07-09 15:44:42;   the lion;level 20 citadel
2026-07-09 15:44:43;   the lion;level 20 citadel
2026-07-09 15:44:44;   marod;level 20 rare crypt
2026-07-09 15:44:44;   the lion;level 20 citadel
2026-07-09 15:44:45;   marod;level 20 rare crypt
2026-07-09 15:44:46;   longdog;epic jórmungandr squad
2026-07-09 15:44:47;   durdy 7777;jórmungandr shop
2026-07-09 15:44:47;   durdy 7777;jórmungandr shop
2026-07-09 15:44:48;   durdy 7777;jórmungandr shop
2026-07-09 15:44:49;   durdy 7777;jórmungandr shop
2026-07-09 15:44:49;   durdy 7777;jórmungandr shop
2026-07-09 15:44:50;   jodotodo;level 20 crypt
2026-07-09 15:44:51;   jodotodo;level 25 crypt
2026-07-09 15:44:52;   jodotodo;level 25 crypt
2026-07-09 15:44:52;   jodotodo;level 25 epic crypt
2026-07-09 15:44:53;   jodotodo;level 25 crypt
2026-07-09 15:44:54;   keradred;clan wealth
2026-07-09 15:44:55;   keradred;clan wealth
2026-07-09 15:44:55;   keradred;clan wealth
2026-07-09 15:44:56;   keradred;clan wealth
2026-07-09 15:44:57;   jodotodo;level 25 crypt
2026-07-09 15:44:57;   jodotodo;level 15 crypt
2026-07-09 15:44:58;   jodotodo;level 20 epic crypt
2026-07-09 15:44:59;   jodotodo;level 25 crypt
2026-07-09 15:45:00;   jodotodo;level 10 rare crypt
2026-07-09 15:45:00;   meginan;level 10 crypt
2026-07-09 15:45:01;   ben xander;level 20 crypt
2026-07-09 15:45:02;   shahzeb khanzada;level 15 epic crypt
2026-07-09 15:45:02;   shahzeb khanzada;level 25 crypt
2026-07-09 15:45:03;   durga;jórmungandr shop
2026-07-09 15:45:04;   durga;jórmungandr shop
2026-07-09 15:45:05;   durga;jórmungandr shop
2026-07-09 15:45:05;   durga;jórmungandr shop
2026-07-09 15:45:06;   durga;jórmungandr shop
2026-07-09 15:45:07;   ben xander;jórmungandr shop
2026-07-09 15:45:08;   ben xander;jórmungandr shop
2026-07-09 15:45:08;   ben xander;jórmungandr shop
2026-07-09 15:45:09;   ben xander;jórmungandr shop
2026-07-09 15:45:10;   ben xander;level 20 epic crypt
2026-07-09 15:45:10;   boy oh boy;jórmungandr shop
2026-07-09 15:45:11;   boy oh boy;jórmungandr shop
2026-07-09 15:45:12;   boy oh boy;jórmungandr shop
2026-07-09 15:45:13;   boy oh boy;jórmungandr shop
2026-07-09 15:45:14;   boy oh boy;jórmungandr shop
2026-07-09 15:45:14;   maakosky;level 20 epic crypt
2026-07-09 15:45:15;   asturi;level 20 citadel
2026-07-09 15:45:16;   maakosky;level 20 epic crypt
2026-07-09 15:45:17;   shahzeb khanzada;level 15 crypt
2026-07-09 15:45:17;   shahzeb khanzada;level 25 crypt
2026-07-09 15:45:18;   maakosky;level 20 epic crypt
2026-07-09 15:45:19;   rafail;level 20 crypt
2026-07-09 15:45:20;   shahzeb khanzada;level 25 crypt
2026-07-09 15:45:20;   rafail;level 20 crypt
2026-07-09 15:45:21;   maakosky;level 20 epic crypt
2026-07-09 15:45:22;   rafail;level 20 crypt
2026-07-09 15:45:22;   asturi;level 20 citadel
2026-07-09 15:45:23;   maakosky;level 20 epic crypt
2026-07-09 15:45:24;   shahzeb khanzada;level 15 crypt
2026-07-09 15:45:25;   maakosky;level 20 crypt
2026-07-09 15:45:25;   rafail;level 20 crypt
2026-07-09 15:45:26;   maakosky;level 20 crypt
2026-07-09 15:45:27;   rafail;level 20 crypt
2026-07-09 15:45:28;   maakosky;level 20 crypt
2026-07-09 15:45:28;   asturi;level 20 crypt
2026-07-09 15:45:29;   shahzeb khanzada;level 20 crypt
2026-07-09 15:45:30;   rafail;level 20 crypt
2026-07-09 15:45:31;   marg;epic jórmungandr squad
2026-07-09 15:45:31;   asturi;level 20 crypt
2026-07-09 15:45:32;   maakosky;level 20 crypt
2026-07-09 15:45:33;   asturi;level 20 crypt
2026-07-09 15:45:34;   asturi;level 20 crypt
2026-07-09 15:45:34;   lan;level 25 crypt
2026-07-09 15:45:35;   lan;level 25 crypt
2026-07-09 15:45:36;   aaron;level 15 crypt
2026-07-09 15:45:37;   lan;level 25 crypt
2026-07-09 15:45:37;   lan;level 25 crypt
2026-07-09 15:45:38;   aaron;level 16 heroic monster
2026-07-09 15:45:39;   lan;level 25 crypt
2026-07-09 15:45:39;   aaron;level 20 epic crypt
2026-07-09 15:45:40;   aaron;level 20 epic crypt
2026-07-09 15:45:41;   marrar;jórmungandr shop
2026-07-09 15:45:42;   marrar;jórmungandr shop
2026-07-09 15:45:42;   marrar;jórmungandr shop
2026-07-09 15:45:43;   marrar;jórmungandr shop
2026-07-09 15:45:44;   marrar;jórmungandr shop
2026-07-09 15:45:45;   durga;level 25 crypt
2026-07-09 15:45:45;   biin;level 5 crypt
2026-07-09 15:45:46;   biin;level 25 epic crypt
2026-07-09 15:45:47;   colis;level 15 crypt
2026-07-09 15:45:48;   colis;level 15 crypt
2026-07-09 15:45:48;   colis;level 15 crypt
2026-07-09 15:45:49;   ulises el floreros;level 20 crypt
2026-07-09 15:45:50;   ulises el floreros;level 20 crypt
2026-07-09 15:45:51;   ulises el floreros;level 20 crypt
2026-07-09 15:45:51;   ulises el floreros;level 20 crypt
2026-07-09 15:45:52;   ulises el floreros;level 20 crypt
2026-07-09 15:45:53;   ulises el floreros;level 20 crypt
2026-07-09 15:45:54;     Jasmine;level 25 epic crypt
2026-07-09 15:45:54;     Jasmine;level 25 epic crypt
2026-07-09 15:45:55;     Jasmine;level 25 epic crypt
2026-07-09 15:45:56;   ulises el floreros;level 20 crypt
2026-07-09 15:45:57;     Jasmine;level 25 epic crypt
2026-07-09 15:45:58;     Jasmine;level 25 epic crypt
2026-07-09 15:45:58;   ulises el floreros;level 20 crypt
2026-07-09 15:45:59;     Jasmine;level 25 epic crypt
2026-07-09 15:46:00;     Jasmine;level 25 rare crypt
2026-07-09 15:46:01;     Jasmine;level 30 rare crypt
2026-07-09 15:46:01;     Jasmine;level 25 rare crypt
2026-07-09 15:46:02;     Jasmine;level 30 rare crypt
2026-07-09 15:46:03;   ulises el floreros;level 20 epic crypt
2026-07-09 15:46:04;     Jasmine;level 25 crypt
2026-07-09 15:46:05;     Jasmine;level 25 crypt
2026-07-09 15:46:05;     Jasmine;level 25 crypt
2026-07-09 15:46:06;     Jasmine;level 25 crypt
2026-07-09 15:46:07;     Jasmine;level 20 epic crypt
2026-07-09 15:46:08;     Jasmine;level 25 crypt
2026-07-09 15:46:09;     Jasmine;level 25 crypt
2026-07-09 15:46:09;     Jasmine;level 25 crypt
2026-07-09 15:46:10;     Jasmine;level 25 crypt
2026-07-09 15:46:11;     Jasmine;level 25 crypt
2026-07-09 15:46:12;     Jasmine;level 25 crypt
2026-07-09 15:46:12;   durga;level 25 crypt
2026-07-09 15:46:13;   durga;level 25 crypt
2026-07-09 15:46:14;   durga;level 25 rare crypt
2026-07-09 15:46:15;   durga;level 25 rare crypt
2026-07-09 15:46:15;   keradred;level 25 crypt
2026-07-09 15:46:16;   keradred;level 25 crypt
2026-07-09 15:46:17;   kishura;jórmungandr shop
2026-07-09 15:46:18;   kishura;jórmungandr shop
2026-07-09 15:46:19;   kishura;jórmungandr shop
2026-07-09 15:46:19;   kishura;jórmungandr shop
2026-07-09 15:46:20;   kishura;jórmungandr shop
2026-07-09 15:46:21;   keradred;level 25 crypt
2026-07-09 15:46:22;   durga;level 25 crypt
2026-07-09 15:46:23;   durga;level 25 crypt
2026-07-09 15:46:24;   durga;level 25 crypt
2026-07-09 15:46:24;   durga;level 25 crypt
2026-07-09 15:46:25;   keradred;level 20 crypt
2026-07-09 15:46:26;   durga;level 25 crypt
2026-07-09 15:46:27;   keradred;level 20 crypt
2026-07-09 15:46:27;   durga;level 25 crypt
2026-07-09 15:46:28;   keradred;level 20 crypt
2026-07-09 15:46:29;   keradred;level 20 crypt
2026-07-09 15:46:30;   keradred;level 20 crypt
2026-07-09 15:46:30;   keradred;level 20 crypt
2026-07-09 15:46:31;   keradred;level 20 crypt
2026-07-09 15:46:32;   malorius;level 20 epic crypt
2026-07-09 15:46:33;   malorius;level 10 crypt
2026-07-09 15:46:33;   malorius;level 20 epic crypt
2026-07-09 15:46:34;   malorius;level 15 epic crypt
2026-07-09 15:46:35;   malorius;level 20 epic crypt
2026-07-09 15:46:36;   malorius;level 20 epic crypt
2026-07-09 15:46:36;   malorius;level 20 crypt
2026-07-09 15:46:37;   malorius;level 25 crypt
2026-07-09 15:46:38;   malorius;level 25 crypt
2026-07-09 15:46:39;   malorius;level 25 crypt
2026-07-09 15:46:39;   malorius;level 25 crypt
2026-07-09 15:46:40;   malorius;level 20 crypt
2026-07-09 15:46:41;   malorius;level 25 crypt
2026-07-09 15:46:41;   turbiybiczu;level 25 crypt
2026-07-09 15:46:42;   malorius;level 25 crypt
2026-07-09 15:46:43;   trella;level 25 epic crypt
2026-07-09 15:46:44;   turbiybiczu;level 25 crypt
2026-07-09 15:46:44;   trella;level 25 epic crypt
2026-07-09 15:46:45;   malorius;level 25 crypt
2026-07-09 15:46:46;   turbiybiczu;level 20 crypt
2026-07-09 15:46:46;   turbiybiczu;level 15 crypt
2026-07-09 15:46:47;   trella;level 30 epic crypt
2026-07-09 15:46:48;   turbiybiczu;level 25 crypt
2026-07-09 15:46:49;   trella;level 25 epic crypt
2026-07-09 15:46:49;   turbiybiczu;level 15 crypt
2026-07-09 15:46:50;   trella;level 20 rare crypt
2026-07-09 15:46:51;   turbiybiczu;level 25 crypt
2026-07-09 15:46:52;   turbiybiczu;level 25 crypt
2026-07-09 15:46:52;   turbiybiczu;level 20 crypt
2026-07-09 15:46:53;   turbiybiczu;level 20 crypt
2026-07-09 15:46:54;   trella;level 25 epic crypt
2026-07-09 15:46:55;   zero;level 25 crypt
2026-07-09 15:46:55;   trella;level 20 epic crypt
2026-07-09 15:46:56;   zero;level 25 crypt
2026-07-09 15:46:57;   zero;level 25 crypt
2026-07-09 15:46:58;   trella;level 30 epic crypt
2026-07-09 15:46:58;   zero;level 25 crypt
2026-07-09 15:46:59;   zero;level 25 crypt
2026-07-09 15:47:00;   zero;level 25 crypt
2026-07-09 15:47:01;   zero;level 25 crypt
2026-07-09 15:47:01;   zero;level 25 crypt
2026-07-09 15:47:02;   zero;level 25 crypt
2026-07-09 15:47:03;   zero;level 25 crypt
2026-07-09 15:47:04;   ulises el floreros;level 20 crypt
2026-07-09 15:47:04;   ulises el floreros;level 15 epic crypt
2026-07-09 15:47:05;   ulises el floreros;level 15 epic crypt
2026-07-09 15:47:06;   ulises el floreros;level 20 crypt
2026-07-09 15:47:06;   ulises el floreros;level 20 crypt
2026-07-09 15:47:07;   zero;epic fenrir squad
2026-07-09 15:47:08;   ulises el floreros;level 20 crypt
2026-07-09 15:47:09;   ulises el floreros;level 20 crypt
2026-07-09 15:47:09;   zero;epic fenrir squad
2026-07-09 15:47:10;   zero;epic fenrir squad
2026-07-09 15:47:11;   ulises el floreros;level 20 crypt
2026-07-09 15:47:12;   ulises el floreros;level 20 crypt
2026-07-09 15:47:12;   ulises el floreros;level 20 crypt
2026-07-09 15:47:13;   murod;jórmungandr shop
2026-07-09 15:47:14;   murod;jórmungandr shop
2026-07-09 15:47:15;   murod;jórmungandr shop
2026-07-09 15:47:15;   murod;jórmungandr shop
2026-07-09 15:47:16;   murod;jórmungandr shop
2026-07-09 15:47:17;   murod;level 10 crypt
2026-07-09 15:47:17;   murod;level 20 crypt
2026-07-09 15:47:18;   murod;level 20 crypt
2026-07-09 15:47:19;   murod;level 5 crypt
2026-07-09 15:47:20;   murod;level 10 crypt
2026-07-09 15:47:20;   murod;level 5 crypt
2026-07-09 15:47:21;   alma;jórmungandr shop
2026-07-09 15:47:22;   murod;level 20 crypt
2026-07-09 15:47:23;   murod;level 25 crypt
2026-07-09 15:47:23;   murod;level 20 crypt
2026-07-09 15:47:24;   murod;level 20 crypt
2026-07-09 15:47:25;   murod;level 20 crypt
2026-07-09 15:47:25;   murod;level 20 crypt
2026-07-09 15:47:26;   murod;level 20 crypt
2026-07-09 15:47:27;   murod;level 20 crypt
2026-07-09 15:47:28;   murod;level 20 crypt
2026-07-09 15:47:28;   murod;level 15 crypt
2026-07-09 15:47:29;   murod;level 20 crypt
2026-07-09 15:47:30;   murod;level 20 crypt
2026-07-09 15:47:30;   bialex;epic jórmungandr squad
2026-07-09 15:47:31;   murod;level 20 crypt
2026-07-09 15:47:32;   murod;level 20 crypt
2026-07-09 15:47:33;   murod;level 20 crypt
2026-07-09 15:47:33;   murod;level 20 crypt
2026-07-09 15:47:34;   murod;level 20 crypt
2026-07-09 15:47:35;   murod;level 20 rare crypt
2026-07-09 15:47:36;   murod;level 20 rare crypt
2026-07-09 15:47:36;   alma;level 10 crypt
2026-07-09 15:47:37;   murod;level 20 epic crypt
2026-07-09 15:47:38;   murod;level 20 epic crypt
2026-07-09 15:47:38;   murod;level 20 epic crypt
2026-07-09 15:47:39;   murod;level 20 epic crypt
2026-07-09 15:47:40;   murod;level 20 epic crypt
2026-07-09 15:47:41;   murod;level 20 epic crypt
2026-07-09 15:47:41;   murod;level 20 epic crypt
2026-07-09 15:47:42;   alma;level 20 crypt
2026-07-09 15:47:43;   murod;level 20 epic crypt
2026-07-09 15:47:44;   the mighty lord;level 20 citadel
2026-07-09 15:47:44;   the mighty lord;level 25 epic crypt
2026-07-09 15:47:45;   the mighty lord;level 25 crypt
2026-07-09 15:47:46;   the mighty lord;level 30 rare crypt
2026-07-09 15:47:46;   the mighty lord;level 30 rare crypt
2026-07-09 15:47:47;   murod;level 20 crypt
2026-07-09 15:47:48;   the mighty lord;level 25 crypt
2026-07-09 15:47:49;   manuelhh;level 25 crypt
2026-07-09 15:47:49;   the mighty lord;level 30 rare crypt
2026-07-09 15:47:50;   manuelhh;level 15 crypt
2026-07-09 15:47:51;   the mighty lord;level 30 epic crypt
2026-07-09 15:47:52;   the mighty lord;level 25 crypt
2026-07-09 15:47:52;   mauro;level 10 crypt
2026-07-09 15:47:53;   mauro;level 10 crypt
2026-07-09 15:47:54;   mauro;level 15 crypt
2026-07-09 15:47:55;   mauro;level 25 crypt
2026-07-09 15:47:55;   mauro;level 25 epic crypt
2026-07-09 15:47:56;   mauro;level 10 crypt
2026-07-09 15:47:57;   mauro;level 25 crypt
2026-07-09 15:47:58;   mauro;level 15 crypt
2026-07-09 15:47:58;   mauro;level 10 crypt
2026-07-09 15:47:59;   mauro;level 10 crypt
2026-07-09 15:48:00;   mauro;level 20 crypt
2026-07-09 15:48:01;   biin;level 20 epic crypt
2026-07-09 15:48:01;   mauro;level 10 crypt
2026-07-09 15:48:02;   mauro;level 25 crypt
2026-07-09 15:48:03;   biin;level 15 crypt
2026-07-09 15:48:04;   soule1970;level 15 crypt
2026-07-09 15:48:04;   soule1970;level 5 crypt
2026-07-09 15:48:05;   soule1970;level 15 crypt
2026-07-09 15:48:06;   soule1970;level 5 crypt
2026-07-09 15:48:07;   soule1970;level 10 crypt
2026-07-09 15:48:07;   soule1970;level 10 crypt
2026-07-09 15:48:08;   rufean;jórmungandr shop
2026-07-09 15:48:09;   rufean;jórmungandr shop
2026-07-09 15:48:10;   rufean;jórmungandr shop
2026-07-09 15:48:10;   rufean;jórmungandr shop
2026-07-09 15:48:11;   rufean;jórmungandr shop
2026-07-09 15:48:12;   soule1970;level 10 crypt
2026-07-09 15:48:13;   soule1970;level 10 crypt
2026-07-09 15:48:13;   soule1970;level 20 crypt
2026-07-09 15:48:14;   soule1970;level 15 crypt
2026-07-09 15:48:15;   soule1970;level 10 crypt
2026-07-09 15:48:15;   soule1970;level 20 crypt
2026-07-09 15:48:16;   soule1970;level 10 crypt
2026-07-09 15:48:17;   soule1970;level 15 crypt
2026-07-09 15:48:18;   soule1970;level 5 crypt
2026-07-09 15:48:18;   soule1970;level 20 crypt
2026-07-09 15:48:19;   nimona;level 20 crypt
2026-07-09 15:48:20;   soule1970;level 25 crypt
2026-07-09 15:48:21;   nimona;level 20 crypt
2026-07-09 15:48:21;   soule1970;level 15 crypt
2026-07-09 15:48:22;   soule1970;level 5 crypt
2026-07-09 15:48:23;   nimona;level 20 crypt
2026-07-09 15:48:23;   soule1970;level 15 crypt
2026-07-09 15:48:24;   soule1970;level 5 crypt
2026-07-09 15:48:25;   soule1970;level 15 crypt
2026-07-09 15:48:26;   nimona;level 20 crypt
2026-07-09 15:48:26;   soule1970;level 5 crypt
2026-07-09 15:48:27;   soule1970;level 10 crypt
2026-07-09 15:48:28;   nimona;level 20 crypt
2026-07-09 15:48:29;   soule1970;level 25 crypt
2026-07-09 15:48:29;   soule1970;level 15 crypt
2026-07-09 15:48:30;   nimona;level 25 crypt
2026-07-09 15:48:31;   soule1970;level 10 crypt
2026-07-09 15:48:31;   rufean 11;level 25 epic crypt
2026-07-09 15:48:32;   soule1970;level 15 crypt
2026-07-09 15:48:33;   nimona;level 25 rare crypt
2026-07-09 15:48:34;   soule1970;level 10 crypt
2026-07-09 15:48:34;   soule1970;level 25 crypt
2026-07-09 15:48:35;   soule1970;level 5 crypt
2026-07-09 15:48:36;   nimona;level 25 epic crypt
2026-07-09 15:48:37;   soule1970;level 15 crypt
2026-07-09 15:48:37;   nimona;level 20 epic crypt
2026-07-09 15:48:38;   soule1970;level 20 crypt
2026-07-09 15:48:39;   soule1970;level 5 crypt
2026-07-09 15:48:39;   nimona;level 20 epic crypt
2026-07-09 15:48:40;   soule1970;level 20 crypt
2026-07-09 15:48:41;   soule1970;level 10 crypt
2026-07-09 15:48:42;   soule1970;level 5 crypt
2026-07-09 15:48:42;   soule1970;level 10 crypt
2026-07-09 15:48:43;   soule1970;level 10 crypt
2026-07-09 15:48:44;   soule1970;level 15 crypt
2026-07-09 15:48:45;   sath;level 25 crypt
2026-07-09 15:48:45;   sath;level 25 crypt
2026-07-09 15:48:46;   sath;level 25 crypt
2026-07-09 15:48:47;   biin;level 5 crypt
2026-07-09 15:48:47;   francescaromana;level 15 crypt
2026-07-09 15:48:48;   maakosky;level 20 crypt
2026-07-09 15:48:49;   maakosky;level 20 crypt
2026-07-09 15:48:50;   maakosky;level 20 crypt
2026-07-09 15:48:50;   maakosky;level 20 crypt
2026-07-09 15:48:51;   maakosky;level 20 crypt
2026-07-09 15:48:52;   biin;level 10 crypt
2026-07-09 15:48:53;   maakosky;level 20 crypt
2026-07-09 15:48:53;   biin;level 25 epic crypt
2026-07-09 15:48:54;   biin;level 10 crypt
2026-07-09 15:48:55;   maakosky;level 20 crypt
2026-07-09 15:48:55;   biin;level 25 rare crypt
2026-07-09 15:48:56;   malvina;level 15 citadel
2026-07-09 15:48:57;   malvina;level 15 citadel
2026-07-09 15:48:58;   durga;clan wealth
2026-07-09 15:48:58;   durga;clan wealth
2026-07-09 15:48:59;   durga;clan wealth
2026-07-09 15:49:00;   durga;clan wealth
2026-07-09 15:49:01;   maakosky;level 20 crypt
2026-07-09 15:49:01;   biin;level 25 crypt
2026-07-09 15:49:02;   burilen;level 20 crypt
2026-07-09 15:49:03;   burilen;level 25 crypt
2026-07-09 15:49:03;   malvina;level 15 rare crypt
2026-07-09 15:49:04;   maakosky;level 20 crypt
2026-07-09 15:49:05;   maakosky;level 20 crypt
2026-07-09 15:49:06;   maakosky;level 20 crypt
2026-07-09 15:49:06;   maakosky;level 20 crypt
2026-07-09 15:49:07;   maakosky;level 20 crypt
2026-07-09 15:49:08;   nemean;jórmungandr shop
2026-07-09 15:49:08;   nemean;jórmungandr shop
2026-07-09 15:49:09;   nemean;arena
2026-07-09 15:49:10;   nemean;level 20 crypt
2026-07-09 15:49:11;   devildog;level 15 crypt
2026-07-09 15:49:11;   nemean;level 20 crypt
2026-07-09 15:49:12;   devildog;level 15 crypt
2026-07-09 15:49:13;   nemean;level 20 crypt
2026-07-09 15:49:14;   nemean;level 20 crypt
2026-07-09 15:49:14;   nemean;jórmungandr shop
2026-07-09 15:49:15;   nemean;level 20 crypt
2026-07-09 15:49:16;   zero;jórmungandr shop
2026-07-09 15:49:16;   zero;jórmungandr shop
2026-07-09 15:49:17;   zero;jórmungandr shop
2026-07-09 15:49:18;   zero;jórmungandr shop
2026-07-09 15:49:19;   zero;jórmungandr shop
2026-07-09 15:49:19;   nemean;level 20 epic crypt
2026-07-09 15:49:20;   nemean;level 20 epic crypt
2026-07-09 15:49:21;   nemean;level 20 epic crypt
2026-07-09 15:49:22;   nemean;level 20 epic crypt
2026-07-09 15:49:22;   nemean;level 20 epic crypt
2026-07-09 15:49:23;   the mighty lord;level 30 rare crypt
2026-07-09 15:49:24;   the mighty lord;level 25 crypt
2026-07-09 15:49:24;   the mighty lord;level 25 crypt
2026-07-09 15:49:25;   the mighty lord;level 25 rare crypt
2026-07-09 15:49:26;   the mighty lord;level 25 rare crypt
2026-07-09 15:49:27;   the mighty lord;level 20 rare crypt
2026-07-09 15:49:27;   the mighty lord;level 25 crypt
2026-07-09 15:49:28;   the mighty lord;level 25 rare crypt
2026-07-09 15:49:29;   the mighty lord;level 15 epic crypt
2026-07-09 15:49:29;   the mighty lord;level 25 crypt
2026-07-09 15:49:30;   the mighty lord;level 30 rare crypt
2026-07-09 15:49:31;   the mighty lord;level 25 crypt
2026-07-09 15:49:32;   boy name;level 25 crypt
2026-07-09 15:49:32;   boy name;level 25 crypt
2026-07-09 15:49:33;   boy name;level 25 crypt
2026-07-09 15:49:34;   boy name;level 10 rare crypt
2026-07-09 15:49:35;   boy name;level 10 rare crypt
2026-07-09 15:49:35;   colis;jórmungandr shop
2026-07-09 15:49:36;   colis;jórmungandr shop
2026-07-09 15:49:37;   colis;jórmungandr shop
2026-07-09 15:49:37;   saberflame;level 25 crypt
2026-07-09 15:49:38;   saberflame;level 25 crypt
2026-07-09 15:49:39;   saberflame;level 25 crypt
2026-07-09 15:49:40;   saberflame;epic jórmungandr squad
2026-07-09 15:49:40;   marod;jórmungandr shop
2026-07-09 15:49:41;   lorven;level 20 crypt
2026-07-09 15:49:42;   lorven;level 20 crypt
2026-07-09 15:49:43;   manuelhh;jórmungandr shop
2026-07-09 15:49:43;   kari;level 25 epic crypt
2026-07-09 15:49:44;   saberflame;jórmungandr shop
2026-07-09 15:49:45;   saberflame;jórmungandr shop
2026-07-09 15:49:45;   saberflame;jórmungandr shop
2026-07-09 15:49:46;   saberflame;jórmungandr shop
2026-07-09 15:49:47;   saberflame;jórmungandr shop
2026-07-09 15:49:48;   eznudel;jórmungandr shop
2026-07-09 15:49:48;   eznudel;jórmungandr shop
2026-07-09 15:49:49;   lorven;level 20 crypt
2026-07-09 15:49:50;   ladyhawke;epic jórmungandr squad
2026-07-09 15:49:50;   eznudel;jórmungandr shop
2026-07-09 15:49:51;   eznudel;jórmungandr shop
2026-07-09 15:49:52;   eznudel;jórmungandr shop
2026-07-09 15:49:53;   directhor;level 25 crypt
2026-07-09 15:49:53;   directhor;level 25 crypt
2026-07-09 15:49:54;   directhor;level 25 crypt
2026-07-09 15:49:55;   marod;level 15 crypt
2026-07-09 15:49:56;   marod;level 20 rare crypt
2026-07-09 15:49:56;   marod;level 10 crypt
2026-07-09 15:49:57;   cheska;clash for the throne tournament
2026-07-09 15:49:58;   mon amour;clash for the throne tournament
2026-07-09 15:49:58;   erreape;clash for the throne tournament
2026-07-09 15:49:59;   lagar;clash for the throne tournament
2026-07-09 15:50:00;   adorazius;clash for the throne tournament
2026-07-09 15:50:01;   asteria;clash for the throne tournament
2026-07-09 15:50:01;   ben xander;clash for the throne tournament
2026-07-09 15:50:02;   milanooo;clash for the throne tournament
2026-07-09 15:50:03;   shahzeb khanzada;clash for the throne tournament
2026-07-09 15:50:04;   asturi;clash for the throne tournament
2026-07-09 15:50:04;   the mighty lord;clash for the throne tournament
2026-07-09 15:50:05;   daidal;clash for the throne tournament
2026-07-09 15:50:06;   cenicienta;clash for the throne tournament
2026-07-09 15:50:07;   kezuru es;clash for the throne tournament
2026-07-09 15:50:07;   caperucita roja;clash for the throne tournament
2026-07-09 15:50:08;   shahzeb khanzada;level 25 crypt
2026-07-09 15:50:09;   rufean 11;clash for the throne tournament
2026-07-09 15:50:09;   marrar;epic jórmungandr squad
2026-07-09 15:50:10;   colis;level 15 crypt
2026-07-09 15:50:11;   colis;level 15 crypt
2026-07-09 15:50:12;   durdy 7777;level 20 epic crypt
2026-07-09 15:50:12;   jhanau kong;clash for the throne tournament
2026-07-09 15:50:13;   rufean;clash for the throne tournament
2026-07-09 15:50:14;   colis;level 15 crypt
2026-07-09 15:50:14;   marod;level 25 crypt
2026-07-09 15:50:15;   durdy 7777;level 15 crypt
2026-07-09 15:50:16;   milanooo;level 25 epic crypt
2026-07-09 15:50:17;   durdy 7777;level 20 crypt
2026-07-09 15:50:17;   milanooo;level 25 crypt
2026-07-09 15:50:18;   milanooo;level 25 epic crypt
2026-07-09 15:50:19;   milanooo;level 25 crypt
2026-07-09 15:50:20;   durdy 7777;level 15 crypt
2026-07-09 15:50:20;   luppii;clash for the throne tournament
2026-07-09 15:50:21;   durdy 7777;level 20 crypt
2026-07-09 15:50:22;   milanooo;level 25 crypt
2026-07-09 15:50:23;   durdy 7777;level 15 crypt
2026-07-09 15:50:23;   durdy 7777;level 15 crypt
2026-07-09 15:50:24;   ganían wala;level 25 crypt
2026-07-09 15:50:25;   durdy 7777;level 15 crypt
2026-07-09 15:50:25;   durdy 7777;level 20 crypt
2026-07-09 15:50:26;   durdy 7777;level 20 crypt
2026-07-09 15:50:27;   luppii;level 15 citadel
2026-07-09 15:50:28;   colis;level 15 crypt
2026-07-09 15:50:28;   milanooo;level 25 crypt
2026-07-09 15:50:29;   lorven;level 20 crypt
2026-07-09 15:50:30;   milanooo;level 25 crypt
2026-07-09 15:50:30;   ganían wala;level 25 crypt
2026-07-09 15:50:31;   luppii;level 15 rare crypt
2026-07-09 15:50:32;   burilen;clash for the throne tournament
2026-07-09 15:50:33;   lorven;level 20 crypt
2026-07-09 15:50:33;   carp;level 10 crypt
2026-07-09 15:50:34;   carp;level 10 crypt
2026-07-09 15:50:35;   carp;level 10 crypt
2026-07-09 15:50:36;   gririm;clash for the throne tournament
2026-07-09 15:50:36;   maakosky;level 20 crypt
2026-07-09 15:50:37;   alma;level 20 crypt
2026-07-09 15:50:38;   alma;level 20 crypt
2026-07-09 15:50:38;   alma;level 20 crypt
2026-07-09 15:50:39;   longdog;epic jórmungandr squad
2026-07-09 15:50:40;   carp;level 25 crypt
2026-07-09 15:50:41;   cheska;level 25 rare crypt
2026-07-09 15:50:41;   adorazius;level 20 epic crypt
2026-07-09 15:50:42;   adorazius;level 20 epic crypt
2026-07-09 15:50:43;   sath;clash for the throne tournament
2026-07-09 15:50:44;   devildog;level 15 crypt
2026-07-09 15:50:44;   maakosky;level 20 crypt
2026-07-09 15:50:45;   alma;arena
2026-07-09 15:50:46;   asturi;level 20 rare crypt
2026-07-09 15:50:46;   alma;level 15 crypt
2026-07-09 15:50:47;   carp;level 20 rare crypt
2026-07-09 15:50:48;   maakosky;level 20 crypt
2026-07-09 15:50:49;   marrar;epic fenrir squad
2026-07-09 15:50:49;   murod;level 20 crypt
2026-07-09 15:50:50;   cheska;level 20 crypt
2026-07-09 15:50:51;   devildog;level 15 crypt
2026-07-09 15:50:51;   murod;level 10 crypt
2026-07-09 15:50:52;   murod;level 20 crypt
2026-07-09 15:50:53;   cheska;level 20 crypt
2026-07-09 15:50:54;   asturi;level 20 crypt
2026-07-09 15:50:54;   murod;level 10 crypt
2026-07-09 15:50:55;   cheska;level 20 crypt
2026-07-09 15:50:56;   asturi;level 20 crypt
2026-07-09 15:50:57;   mauro;clash for the throne tournament
2026-07-09 15:50:57;   durga;level 25 rare crypt
2026-07-09 15:50:58;   asturi;level 20 crypt
2026-07-09 15:50:59;   cheska;level 20 crypt
2026-07-09 15:50:59;   murod;level 10 crypt
2026-07-09 15:51:00;   asturi;level 15 rare crypt
2026-07-09 15:51:01;   cheska;level 20 crypt
2026-07-09 15:51:02;   cheska;level 20 crypt
2026-07-09 15:51:02;   lagar;jórmungandr shop
2026-07-09 15:51:03;   lagar;jórmungandr shop
2026-07-09 15:51:04;   lagar;jórmungandr shop
2026-07-09 15:51:05;   lagar;jórmungandr shop
2026-07-09 15:51:05;   lagar;jórmungandr shop
2026-07-09 15:51:06;   cheska;level 20 crypt
2026-07-09 15:51:07;   cheska;level 20 crypt
2026-07-09 15:51:07;   cheska;level 20 crypt
2026-07-09 15:51:08;   carp;level 25 crypt
2026-07-09 15:51:09;   devildog;level 15 crypt
2026-07-09 15:51:10;   mauro;jórmungandr shop
2026-07-09 15:51:10;   mauro;jórmungandr shop
2026-07-09 15:51:11;   mauro;jórmungandr shop
2026-07-09 15:51:12;   cheska;level 20 crypt
2026-07-09 15:51:13;   mauro;jórmungandr shop
2026-07-09 15:51:13;   mauro;jórmungandr shop
2026-07-09 15:51:14;   gririm;jórmungandr shop
2026-07-09 15:51:15;   gririm;jórmungandr shop
2026-07-09 15:51:15;   zololar;level 10 crypt
2026-07-09 15:51:16;   rafail;level 20 crypt
2026-07-09 15:51:17;   zololar;level 15 crypt
2026-07-09 15:51:18;   zololar;level 15 epic crypt
2026-07-09 15:51:18;   zololar;level 10 crypt
2026-07-09 15:51:19;   devildog;level 15 crypt
2026-07-09 15:51:20;   rafail;level 20 crypt
2026-07-09 15:51:21;   zololar;level 10 crypt
2026-07-09 15:51:21;   rafail;level 20 crypt
2026-07-09 15:51:22;   rafail;level 20 crypt
2026-07-09 15:51:23;   zololar;level 10 crypt
2026-07-09 15:51:23;   marg;clash for the throne tournament
2026-07-09 15:51:24;   zololar;level 10 crypt
2026-07-09 15:51:25;   zololar;level 15 crypt
2026-07-09 15:51:26;   zololar;level 10 crypt
2026-07-09 15:51:26;   zololar;level 15 crypt
2026-07-09 15:51:27;   rafail;level 20 crypt
2026-07-09 15:51:28;   zololar;level 10 crypt
2026-07-09 15:51:29;   adorazius;level 30 epic crypt
2026-07-09 15:51:29;   rafail;level 20 crypt
2026-07-09 15:51:30;   rafail;level 20 crypt
2026-07-09 15:51:31;   rafail;level 20 crypt
2026-07-09 15:51:31;   nikita;clash for the throne tournament
2026-07-09 15:51:32;   rafail;level 20 crypt
2026-07-09 15:51:33;   rafail;level 20 crypt
2026-07-09 15:51:34;   rafail;level 20 crypt
2026-07-09 15:51:34;   devildog;level 15 crypt
2026-07-09 15:51:35;   ganían wala;level 25 crypt
2026-07-09 15:51:36;   mauro;level 10 crypt
2026-07-09 15:51:37;   berrygoblina;clash for the throne tournament
2026-07-09 15:51:37;   mauro;level 25 crypt
2026-07-09 15:51:38;   mauro;level 10 crypt
2026-07-09 15:51:39;   mauro;level 25 crypt
2026-07-09 15:51:39;   mauro;level 25 crypt
2026-07-09 15:51:40;   lorven;level 25 crypt
2026-07-09 15:51:41;   mauro;level 15 crypt
2026-07-09 15:51:42;   mauro;level 15 crypt
2026-07-09 15:51:42;   devildog;level 15 crypt
2026-07-09 15:51:43;   mauro;level 20 crypt
2026-07-09 15:51:44;   mauro;level 10 crypt
2026-07-09 15:51:45;   mauro;level 15 crypt
2026-07-09 15:51:45;   mauro;level 25 crypt
2026-07-09 15:51:46;   devildog;level 15 crypt
2026-07-09 15:51:47;   mauro;level 10 crypt
2026-07-09 15:51:48;   zero;clash for the throne tournament
2026-07-09 22:04:47;mauro;cripta épica de nivel 20
2026-07-09 22:04:47;mauro;cripta épica de nivel 30
2026-07-09 22:04:48;mauro;cripta épica de nivel 25
2026-07-09 22:04:49;kishura;torneo batalla por ettrono
2026-07-09 22:04:50;asturi;tienda de jórmungandr
2026-07-09 22:04:50;asturi;tienda de jórmungandr
2026-07-09 22:04:51;asturi;tienda de jórmungandr
2026-07-09 22:04:52;asturi;tienda de jórmungandr
2026-07-09 22:04:53;asturi;tienda de jórmungandr
2026-07-09 22:04:53;devildog;cripta de nivel 15
2026-07-09 22:04:54;mare;tienda de jórmungandr
2026-07-09 22:04:55;mare;tienda de jórmungandr
2026-07-09 22:04:56;mare;tienda de jórmungandr
2026-07-09 22:04:56;mare;tienda de jórmungandr
2026-07-09 22:04:57;mare;tienda de jórmungandr
2026-07-09 22:04:58;ben xander;cripta de nivel 20
2026-07-09 22:04:58;malorius;cripta de nivel 25
2026-07-09 22:04:59;colis;cripta de nivel 15
2026-07-09 22:05:00;malorius;cripta de nivel 25
2026-07-09 22:05:01;ben xander;cripta de nivel 20
2026-07-09 22:05:01;malorius;cripta de nivel 25
2026-07-09 22:05:02;ben xander;cripta de nivel 20
2026-07-09 22:05:03;turbiybiczu;cripta épica de nivel 20
2026-07-09 22:05:04;malorius;arena
2026-07-09 22:05:04;turbiybiczu;cripta de nivel 25
2026-07-09 22:05:05;zero;cripta épica de nivel 25
2026-07-09 22:05:06;zero;cripta de nivel 25
2026-07-09 22:05:07;zero;cripta de nivel 25
2026-07-09 22:05:07;asturi;cripta de nivel 20
2026-07-09 22:05:08;asturi;cripta de nivel 20
2026-07-09 22:05:09;purple raín;tienda de jórmungandr
2026-07-09 22:05:09;purple raín;tienda de jórmungandr
2026-07-09 22:05:10;purple raín;tienda de jórmungandr
2026-07-09 22:05:11;purple raín;tienda de jórmungandr
2026-07-09 22:05:12;purple raín;tienda de jórmungandr
2026-07-09 22:05:12;zero;cripta de nivel 5
2026-07-09 22:05:13;turbiybiczu;cripta de nivel 15
2026-07-09 22:05:14;asturi;cripta rara de nivel 20
2026-07-09 22:05:14;durga;riqueza del clan
2026-07-09 22:05:15;durga;riqueza del clan
2026-07-09 22:05:16;durga;riqueza del clan
2026-07-09 22:05:17;durga;riqueza del clan
2026-07-09 22:05:17;turbiybiczu;cripta de nivel 15
2026-07-09 22:05:18;asturi;cripta rara de nivel 20
2026-07-09 22:05:19;devildog;cripta de nivel 20
2026-07-09 22:05:20;bialex;tienda de jórmungandr
2026-07-09 22:05:20;malorius;cripta rara de nivel 10
2026-07-09 22:05:21;malorius;cripta rara de nivel 20
2026-07-09 22:05:22;malorius;cripta rara de nivel 25
2026-07-09 22:05:23;daidal;cripta de nivel 20
2026-07-09 22:05:23;sisu;cripta de nivel 25
2026-07-09 22:05:24;daidal;cripta de nivel 20
2026-07-09 22:05:25;daidal;cripta de nivel 20
2026-07-09 22:05:25;alex1os;tienda de jórmungandr
2026-07-09 22:05:26;alex1os;tienda de jórmungandr
2026-07-09 22:05:27;alex1os;tienda de jórmungandr
2026-07-09 22:05:28;alex1os;tienda de jórmungandr
2026-07-09 22:05:28;spartacus;torneo batalla por ettrono
2026-07-09 22:05:29;daidal;cripta épica de nivel 20
2026-07-09 22:05:30;biin;cripta de nivel 10
2026-07-09 22:05:30;daidal;cripta épica de nivel 20
2026-07-09 22:05:31;daidal;cripta épica de nivel 20
2026-07-09 22:05:32;daidal;arena
2026-07-09 22:05:33;burilen;cripta de nivel 25
2026-07-09 22:05:33;daidal;cripta épica de nivel 20
2026-07-09 22:05:34;daidal;cripta épica de nivel 20
2026-07-09 22:05:35;sisu;cripta de nivel 25
2026-07-09 22:05:36;sisu;cripta de nivel 25
2026-07-09 22:05:36;sisu;cripta de nivel 25
2026-07-09 22:05:37;sisu;cripta de nivel 25
2026-07-09 22:05:38;sisu;cripta de nivel 25
2026-07-09 22:05:38;francescaromana;cripta épica de nivel 15
2026-07-09 22:05:39;sisu;cripta de nivel 25
2026-07-09 22:05:40;burilen;cripta de nivel 25
2026-07-09 22:05:41;sisu;cripta rara de nivel 25
2026-07-09 22:05:41;sisu;cripta rara de nivel 25
2026-07-09 22:05:42;sisu;cripta épica de nivel 20
2026-07-09 22:05:43;sisu;cripta épica de nivel 20
2026-07-09 22:05:44;sisusk;torneo batalla por ettrono
2026-07-09 22:05:44;sath;cripta de nivel 20
2026-07-09 22:05:45;sath;cripta de nivel 15
2026-07-09 22:05:46;sath;cripta de nivel 20
2026-07-09 22:05:46;asturi;cripta de nivel 20
2026-07-09 22:05:47;sisusk;arena
2026-07-09 22:05:48;malorius;escuadrón épico de jórmungandr
2026-07-09 22:05:49;sisusk;escuadrón épico de fenrir
2026-07-09 22:05:49;sisusk;cripta de nivel 20
2026-07-09 22:05:50;sisusk;cripta de nivel 25
2026-07-09 22:05:51;sisusk;cripta de nivel 25
2026-07-09 22:05:52;trella;cripta de nivel 25
2026-07-09 22:05:52;sisusk;cripta de nivel 20
2026-07-09 22:05:53;sisusk;cripta de nivel 20
2026-07-09 22:05:54;sisusk;cripta de nivel 25
2026-07-09 22:05:54;sisusk;cripta rara de nivel 25
2026-07-09 22:05:55;trella;cripta de nivel 25
2026-07-09 22:05:56;sisusk;cripta rara de nivel 25
2026-07-09 22:05:57;sisusk;cripta épica de nivel 20
2026-07-09 22:05:57;trella;cripta de nivel 20
2026-07-09 22:05:58;sisusk;cripta épica de nivel 20
2026-07-09 22:05:59;trella;cripta de nivel 20
2026-07-09 22:06:00;trella;cripta épica de nivel 20
2026-07-09 22:06:00;rufean il;escuadrón épico de jórmungandr
2026-07-09 22:06:01;trella;cripta rara de nivel 20
2026-07-09 22:06:02;trella;cripta épica de nivel 20
2026-07-09 22:06:02;trella;cripta rara de nivel 20
2026-07-09 22:06:03;trella;cripta rara de nivel 20
2026-07-09 22:06:04;asteria.;cripta rara de nivel 30
2026-07-09 22:06:05;trella;cripta épica de nivel 25
2026-07-09 22:06:05;trella;cripta épica de nivel 25
2026-07-09 22:06:06;asteria.;cripta de nivel 25
2026-07-09 22:06:07;asteria.;cripta épica de nivel 30
2026-07-09 22:06:08;asteria.;cripta épica de nivel 25
2026-07-09 22:06:08;marod;cripta de nivel 10
2026-07-09 22:06:09;marod;cripta de nivel 10
2026-07-09 22:06:10;marod;cripta de nivel 10
2026-07-09 22:06:10;asteria.;cripta rara de nivel 30
2026-07-09 22:06:11;asteria.;cripta de nivel 25
2026-07-09 22:06:12;asteria.;cripta rara de nivel 30
2026-07-09 22:06:13;marod;cripta de nivel 10
2026-07-09 22:06:13;turbiybiczu;cripta de nivel 20
2026-07-09 22:06:14;turbiybiczu;cripta de nivel 25
2026-07-09 22:06:15;marod;cripta de nivel 15
2026-07-09 22:06:15;asteria.;cripta de nivel 25
2026-07-09 22:06:16;turbiybiczu;cripta rara de nivel 30
2026-07-09 22:06:17;marod;cripta rara de nivel 20
2026-07-09 22:06:18;asteria.;cripta de nivel 25
2026-07-09 22:06:18;asteria.;cripta rara de nivel 30
2026-07-09 22:06:19;asteria.;cripta épica de nivel 25
2026-07-09 22:06:20;turbiybiczu;cripta rara de nivel 30
2026-07-09 22:06:21;marod;cripta de nivel 10
2026-07-09 22:06:21;maakosky;cripta de nivel 20
2026-07-09 22:06:22;turbiybiczu;cripta rara de nivel 30
2026-07-09 22:06:23;marod;cripta de nivel 10
2026-07-09 22:06:23;marod;cripta de nivel 15
2026-07-09 22:06:24;marod;cripta rara de nivel 20
2026-07-09 22:06:25;turbiybiczu;cripta rara de nivel 30
2026-07-09 22:06:26;marod;cripta de nivel 15
2026-07-09 22:06:26;turbiybiczu;cripta rara de nivel 25
2026-07-09 22:06:27;grírim;cripta rara de nivel 20
2026-07-09 22:06:28;keradred;cripta de nivel 20
2026-07-09 22:06:29;marod;cripta de nivel 10
2026-07-09 22:06:29;mathilda;cripta de nivel 15
2026-07-09 22:06:30;marod;cripta rara de nivel 20
2026-07-09 22:06:31;maakosky;cripta de nivel 20
2026-07-09 22:06:31;mathilda;cripta de nivel 15
2026-07-09 22:06:32;grírim;cripta rara de nivel 15
2026-07-09 22:06:33;marod;cripta de nivel 15
2026-07-09 22:06:34;keradred;cripta de nivel 20
2026-07-09 22:06:34;asteria;cripta épica de nivel 25
2026-07-09 22:06:35;mathilda;cripta de nivel 15
2026-07-09 22:06:36;asteria;cripta de nivel 25
2026-07-09 22:06:36;marod;cripta de nivel 10
2026-07-09 22:06:37;grírim;cripta rara de nivel 15
2026-07-09 22:06:38;marod;cripta de nivel 10
2026-07-09 22:06:39;mathilda;cripta de nivel 15
2026-07-09 22:06:39;grírim;cripta épica de nivel 15
2026-07-09 22:06:40;asteria;cripta de nivel 25
2026-07-09 22:06:41;marod;cripta de nivel 10
2026-07-09 22:06:42;maakosky;cripta de nivel 20
2026-07-09 22:06:42;mathilda;cripta épica de nivel 20
2026-07-09 22:06:43;asteria;cripta de nivel 25
2026-07-09 22:06:44;grírim;cripta rara de nivel 20
2026-07-09 22:06:44;turbiybiczu;cripta rara de nivel 25
2026-07-09 22:06:45;mathilda;cripta épica de nivel 20
2026-07-09 22:06:46;keradred;cripta de nivel 20
2026-07-09 22:06:47;asteria;cripta épica de nivel 20
2026-07-09 22:06:47;keradred;cripta de nivel 20
2026-07-09 22:06:48;turbiybiczu;cripta de nivel 20
2026-07-09 22:06:49;grírim;cripta de nivel 25
2026-07-09 22:06:50;mathilda;cripta de nivel 20
2026-07-09 22:06:50;asteria;cripta de nivel 25
2026-07-09 22:06:51;turbiybiczu;cripta de nivel 20
2026-07-09 22:06:52;keradred;cripta de nivel 20
2026-07-09 22:06:52;mathilda;cripta de nivel 15
2026-07-09 22:06:53;turbiybiczu;cripta de nivel 15
2026-07-09 22:06:54;mathilda;cripta de nivel 15
2026-07-09 22:06:55;asteria;cripta rara de nivel 25
2026-07-09 22:06:55;mathilda;cripta de nivel 15
2026-07-09 22:06:56;grírim;cripta rara de nivel 25
2026-07-09 22:06:57;turbiybiczu;cripta rara de nivel 25
2026-07-09 22:06:57;marod;cripta de nivel 25
2026-07-09 22:06:58;keradred;cripta de nivel 20
2026-07-09 22:06:59;mathilda;cripta de nivel 15
2026-07-09 22:07:00;asteria;cripta rara de nivel 25
2026-07-09 22:07:00;grírim;cripta épica de nivel 25
2026-07-09 22:07:01;keradred;cripta de nivel 20
2026-07-09 22:07:02;mathilda;cripta épica de nivel 20
2026-07-09 22:07:03;asteria;cripta rara de nivel 25
2026-07-09 22:07:03;marod;cripta épica de nivel 20
2026-07-09 22:07:04;grírim;cripta rara de nivel 25
2026-07-09 22:07:05;mathilda;cripta de nivel 15
2026-07-09 22:07:06;asteria;cripta de nivel 25
2026-07-09 22:07:06;turbiybiczu;cripta de nivel 15
2026-07-09 22:07:07;marod;cripta rara de nivel 20
2026-07-09 22:07:08;asteria;cripta de nivel 25
2026-07-09 22:07:08;turbiybiczu;cripta de nivel 15
2026-07-09 22:07:09;grírim;cripta de nivel 25
2026-07-09 22:07:10;grírim;cripta de nivel 25
2026-07-09 22:07:11;maakosky;cripta de nivel 20
2026-07-09 22:07:11;milanooo;cripta épica de nivel 20
2026-07-09 22:07:12;grírim;cripta de nivel 20
2026-07-09 22:07:13;turbiybiczu;cripta de nivel 15
2026-07-09 22:07:13;keradred;cripta de nivel 20
2026-07-09 22:07:14;grírim;cripta rara de nivel 20
2026-07-09 22:07:15;milanooo;cripta épica de nivel 20
2026-07-09 22:07:16;keradred;cripta de nivel 20
2026-07-09 22:07:16;keradred;cripta de nivel 20
2026-07-09 22:07:17;maakosky;cripta épica de nivel 20
2026-07-09 22:07:18;milanooo;cripta de nivel 25
2026-07-09 22:07:19;grírim;cripta de nivel 20
2026-07-09 22:07:19;maakosky;cripta épica de nivel 20
2026-07-09 22:07:20;daidal;tienda de jórmungandr
2026-07-09 22:07:21;daidal;tienda de jórmungandr
2026-07-09 22:07:21;daidal;tienda de jórmungandr
2026-07-09 22:07:22;daidal;tienda de jórmungandr
2026-07-09 22:07:23;daidal;tienda de jórmungandr
2026-07-09 22:07:24;davatoloco;tienda de jórmungandr
2026-07-09 22:07:24;davatoloco;tienda de jórmungandr
2026-07-09 22:07:25;davatoloco;tienda de jórmungandr
2026-07-09 22:07:26;the mighty lord;cripta rara de nivel 30
2026-07-09 22:07:26;the mighty lord;cripta rara de nivel 30
2026-07-09 22:07:27;davatoloco;cripta rara de nivel 25
2026-07-09 22:07:28;davatoloco;cripta rara de nivel 25
2026-07-09 22:07:29;davatoloco;cripta rara de nivel 25
2026-07-09 22:07:29;davatoloco;cripta rara de nivel 25
2026-07-09 22:07:30;davatoloco;cripta rara de nivel 25
2026-07-09 22:07:31;davatoloco;cripta rara de nivel 25
2026-07-09 22:07:32;jhanau kong;cripta de nivel 20
2026-07-09 22:07:32;marod;cripta de nivel 10
2026-07-09 22:07:33;marod;cripta de nivel 10
2026-07-09 22:07:34;jhanau kong;cripta de nivel 20
2026-07-09 22:07:34;jhanau kong;cripta de nivel 20
2026-07-09 22:07:35;lorven;tienda de jórmungandr
2026-07-09 22:07:36;lorven;tienda de jórmungandr
2026-07-09 22:07:37;lorven;tienda de jórmungandr
2026-07-09 22:07:37;lorven;tienda de jórmungandr
2026-07-09 22:07:38;lorven;tienda de jórmungandr
2026-07-09 22:07:39;devildog;cripta de nivel 15
2026-07-09 22:07:39;jhanau kong;cripta de nivel 15
2026-07-09 22:07:40;jhanau kong;cripta de nivel 20
2026-07-09 22:07:41;jhanau kong;cripta de nivel 20
2026-07-09 22:07:42;jhanau kong;cripta épica de nivel 15
2026-07-09 22:07:42;jhanau kong;cripta épica de nivel 15
2026-07-09 22:07:43;the mighty lord;cripta de nivel 25
2026-07-09 22:07:44;jhanau kong;cripta épica de nivel 20
2026-07-09 22:07:45;jhanau kong;cripta de nivel 20
2026-07-09 22:07:45;jhanau kong;cripta de nivel 20
2026-07-09 22:07:46;grírim;cripta de nivel 15
2026-07-09 22:07:47;grírim;cripta de nivel 20
2026-07-09 22:07:47;megínan;cripta de nivel 20
2026-07-09 22:07:48;grírim;cripta rara de nivel 20
2026-07-09 22:07:49;jhanau kong;tienda de jórmungandr
2026-07-09 22:07:50;jhanau kong;tienda de jórmungandr
2026-07-09 22:07:50;jhanau kong;tienda de jórmungandr
2026-07-09 22:07:51;jhanau kong;tienda de jórmungandr
2026-07-09 22:07:52;jhanau kong;tienda de jórmungandr
2026-07-09 22:07:52;grírim;cripta rara de nivel 20
2026-07-09 22:07:53;megínan;cripta de nivel 20
2026-07-09 22:07:54;malvalito cai;cripta de nivel 10
2026-07-09 22:07:55;benxander;torneo batalla por el trono
2026-07-09 22:07:55;megínan;cripta de nivel 20
2026-07-09 22:07:56;malvalito cai;cripta de nivel 15
2026-07-09 22:07:57;malvalito cai;cripta de nivel 10
2026-07-09 22:07:58;malvalito cai;cripta rara de nivel 15
2026-07-09 22:07:58;malvalito cai;cripta rara de nivel 15
2026-07-09 22:07:59;malvalito cai;cripta de nivel 15
2026-07-09 22:08:00;malvalito cai;cripta de nivel 10
2026-07-09 22:08:01;malvalito cai;cripta de nivel 5
2026-07-09 22:08:01;malvalito cai;cripta de nivel 15
2026-07-09 22:08:02;malvalito cai;cripta de nivel 5
2026-07-09 22:08:03;malvalito cai;cripta de nivel 10
2026-07-09 22:08:03;malvalito cai;cripta de nivel 10
2026-07-09 22:08:04;malvalito cai;cripta de nivel 5
2026-07-09 22:08:05;malvalito cai;cripta épica de nivel 15
2026-07-09 22:08:06;malvalito cai;cripta épica de nivel 15
2026-07-09 22:08:06;malvalito cai;cripta de nivel 10
2026-07-09 22:08:07;malvalito cai;cripta de nivel 10
2026-07-09 22:08:08;malvalito cai;cripta de nivel 5
2026-07-09 22:08:08;malvalito cai;cripta de nivel 5
2026-07-10 12:49:04;malvalito cai;cripta de nivel 10
2026-07-10 12:49:04;malvalito cai;cripta de nivel 15
2026-07-10 12:49:05;malvalito cai;cripta de nivel 10
2026-07-10 12:49:06;malvalito cai;cripta de nivel 5
2026-07-10 12:49:07;malvalito cai;cripta de nivel 5
2026-07-10 12:49:07;malvalito cai;cripta de nivel 10
2026-07-10 12:49:08;el loco murdock;cripta de nivel 5
2026-07-10 12:49:09;el loco murdock;cripta de nivel 10
2026-07-10 12:49:10;kishura;escuadrón épico de fenrir
2026-07-10 12:49:10;dardaen;cripta de nivel 25
2026-07-10 12:49:11;dardaen;cripta de nivel 25
2026-07-10 12:49:12;dardaen;cripta de nivel 25
2026-07-10 12:49:13;dardaen;cripta de nivel 20
2026-07-10 12:49:13;dardaen;cripta de nivel 25
2026-07-10 12:49:14;dardaen;cripta de nivel 25
2026-07-10 12:49:15;dardaen;cripta de nivel 25
2026-07-10 12:49:16;dardaen;cripta de nivel 20
2026-07-10 12:49:16;dardaen;cripta de nivel 20
2026-07-10 12:49:17;dardaen;cripta de nivel 20
2026-07-10 12:49:18;marod;cripta de nivel 10
2026-07-10 12:49:19;marod;cripta de nivel 15
2026-07-10 12:49:19;murod;cripta épica de nivel 20
2026-07-10 12:49:20;murod;cripta épica de nivel 15
2026-07-10 12:49:21;berrygoblina;cripta de nivel 25
2026-07-10 12:49:22;berrygoblina;cripta de nivel 25
2026-07-10 12:49:23;malvina;cripta de nivel 20
2026-07-10 12:49:23;malvina;cripta de nivel 20
2026-07-10 12:49:24;berrygoblina;cripta rara de nivel 25
2026-07-10 12:49:25;berrygoblina;cripta de nivel 25
2026-07-10 12:49:26;berrygoblina;cripta de nivel 25
2026-07-10 12:49:26;berrygoblina;cripta de nivel 25
2026-07-10 12:49:27;kishura;cripta de nivel 20
2026-07-10 12:49:28;kishura;cripta de nivel 20
2026-07-10 12:49:29;berrygoblina;cripta de nivel 20
2026-07-10 12:49:29;kishura;cripta de nivel 20
2026-07-10 12:49:30;malvina;cripta de nivel 20
2026-07-10 12:49:31;buensolonius;tienda de jórmungandr
2026-07-10 12:49:32;buensolonius;tienda de jórmungandr
2026-07-10 12:49:32;buensolonius;tienda de jórmungandr
2026-07-10 12:49:33;buensolonius;tienda de jórmungandr
2026-07-10 12:49:34;buensolonius;tienda de jórmungandr
2026-07-10 12:49:35;kishura;cripta de nivel 20
2026-07-10 12:49:35;longdog;cripta de nivel 15
2026-07-10 12:49:36;kishura;cripta de nivel 20
2026-07-10 12:49:37;berrygoblina;cripta de nivel 25
2026-07-10 12:49:38;kishura;cripta de nivel 20
2026-07-10 12:49:39;kishura;cripta de nivel 20
2026-07-10 12:49:39;longdog;cripta rara de nivel 10
2026-07-10 12:49:40;malvina;cripta de nivel 20
2026-07-10 12:49:41;kari;tienda de jórmungandr
2026-07-10 12:49:42;kari;tienda de jórmungandr
2026-07-10 12:49:42;kari;tienda de jórmungandr
2026-07-10 12:49:43;kari;tienda de jórmungandr
2026-07-10 12:49:44;kari;tienda de jórmungandr
2026-07-10 12:49:45;kishura;cripta de nivel 20
2026-07-10 12:49:45;longdog;cripta de nivel 25
2026-07-10 12:49:46;kishura;cripta de nivel 20
2026-07-10 12:49:47;kari;cripta de nivel 25
2026-07-10 12:49:47;longdog;cripta de nivel 15
2026-07-10 12:49:48;kishura;cripta de nivel 20
2026-07-10 12:49:49;lappii;tienda de jórmungandr
2026-07-10 12:49:50;lappii;tienda de jórmungandr
2026-07-10 12:49:50;lappii;tienda de jórmungandr
2026-07-10 12:49:51;lappii;tienda de jórmungandr
2026-07-10 12:49:52;lappii;tienda de jórmungandr
2026-07-10 12:49:53;kari;cripta de nivel 25
2026-07-10 12:49:53;kishura;cripta rara de nivel 20
2026-07-10 12:49:54;kishura;cripta de nivel 15
2026-07-10 12:49:55;lappii;cripta rara de nivel 15
2026-07-10 12:49:55;kari;cripta de nivel 25
2026-07-10 12:49:56;spartacus;tienda de jórmungandr
2026-07-10 12:49:57;spartacus;tienda de jórmungandr
2026-07-10 12:49:58;spartacus;tienda de jórmungandr
2026-07-10 12:49:58;spartacus;tienda de jórmungandr
2026-07-10 12:49:59;spartacus;tienda de jórmungandr
2026-07-10 12:50:00;longdog;cripta de nivel 15
2026-07-10 12:50:01;longdog;cripta rara de nivel 10
2026-07-10 12:50:01;the lion;cripta épica de nivel 20
2026-07-10 12:50:02;the lion;cripta de nivel 20
2026-07-10 12:50:03;longdog;cripta de nivel 15
2026-07-10 12:50:03;the lion;cripta de nivel 15
2026-07-10 12:50:04;the lion;cripta de nivel 20
2026-07-10 12:50:05;the lion;cripta de nivel 20
2026-07-10 12:50:06;the lion;cripta de nivel 20
2026-07-10 12:50:07;the lion;cripta de nivel 20
2026-07-10 12:50:07;the lion;cripta de nivel 20
2026-07-10 12:50:08;the lion;cripta épica de nivel 20
2026-07-10 12:50:09;the lion;cripta de nivel 20
2026-07-10 12:50:09;longdog;cripta de nivel 25
2026-07-10 12:50:10;the lion;cripta rara de nivel 20
2026-07-10 12:50:11;the lion;cripta rara de nivel 25
2026-07-10 12:50:12;marod;cripta de nivel 10
2026-07-10 12:50:12;marod;cripta rara de nivel 25
2026-07-10 12:50:13;the lion;ciudadela de nivel 20
2026-07-10 12:50:14;marod;cripta de nivel 10
2026-07-10 12:50:15;marod;cripta de nivel 10
2026-07-10 12:50:15;marod;cripta rara de nivel 25
2026-07-10 12:50:16;the lion;monstruo heroico de nivel 18
2026-07-10 12:50:17;rafail;cripta de nivel 20
2026-07-10 12:50:18;benxander;cripta de nivel 25
2026-07-10 12:50:18;rafail;cripta de nivel 20
2026-07-10 12:50:19;benxander;arena
2026-07-10 12:50:20;benxander;cripta de nivel 25
2026-07-10 12:50:20;astralsito;cripta de nivel 15
2026-07-10 12:50:21;astralsito;cripta de nivel 15
2026-07-10 12:50:22;benxander;cripta de nivel 25
2026-07-10 12:50:23;astralsito;cripta de nivel 15
2026-07-10 12:50:23;rafail;cripta de nivel 20
2026-07-10 12:50:24;astralsito;cripta de nivel 15
2026-07-10 12:50:25;astralsito;cripta de nivel 15
2026-07-10 12:50:26;rafail;cripta de nivel 20
2026-07-10 12:50:26;astralsito;cripta de nivel 15
2026-07-10 12:50:27;astralsito;cripta de nivel 15
2026-07-10 12:50:28;astralsito;cripta de nivel 15
2026-07-10 12:50:29;astralsito;cripta de nivel 20
2026-07-10 12:50:29;rafail;cripta de nivel 20
2026-07-10 12:50:30;astralsito;cripta de nivel 15
2026-07-10 12:50:31;rafail;cripta de nivel 20
2026-07-10 12:50:31;rafail;cripta de nivel 20
2026-07-10 12:50:32;rafail;cripta de nivel 20
2026-07-10 12:50:33;rafail;cripta de nivel 20
2026-07-10 12:50:34;shahzeb khanzada;cripta de nivel 25
2026-07-10 12:50:34;rafail;cripta de nivel 20
2026-07-10 12:50:35;shahzeb khanzada;cripta de nivel 25
2026-07-10 12:50:36;boy name;cripta épica de nivel 25
2026-07-10 12:50:36;boy name;cripta de nivel 25
2026-07-10 12:50:37;boy name;cripta de nivel 25
2026-07-10 12:50:38;boy name;cripta de nivel 15
2026-07-10 12:50:39;boy name;cripta de nivel 15
2026-07-10 12:50:39;boy name;riqueza del clan
2026-07-10 12:50:40;boy name;riqueza del clan
2026-07-10 12:50:41;boy name;riqueza del clan
2026-07-10 12:50:42;boy name;riqueza del clan
2026-07-10 12:50:42;boy name;cripta de nivel 25
2026-07-10 12:50:43;boy name;cripta de nivel 20
2026-07-10 12:50:44;boy name;cripta de nivel 15
2026-07-10 12:50:44;boy name;cripta de nivel 25
2026-07-10 12:50:45;zero;escuadrón épico de fenrir
2026-07-10 12:50:46;ladywolf;tienda de jórmungandr
2026-07-10 12:50:47;ladywolf;tienda de jórmungandr
2026-07-10 12:50:47;ladywolf;tienda de jórmungandr
2026-07-10 12:50:48;ladywolf;tienda de jórmungandr
2026-07-10 12:50:49;ladywolf;tienda de jórmungandr
2026-07-10 12:50:50;zero;escuadrón épico de fenrir
2026-07-10 12:50:50;zero;escuadrón épico de fenrir
2026-07-10 12:50:51;zero;escuadrón épico de fenrir
2026-07-10 12:50:52;boy name;cripta de nivel 25
2026-07-10 12:50:52;boy name;cripta de nivel 15
2026-07-10 12:50:53;boy name;cripta de nivel 25
2026-07-10 12:50:54;mathilda;cripta de nivel 20
2026-07-10 12:50:55;asturi;ciudadela de nivel 20
2026-07-10 12:50:55;zero;cripta de nivel 25
2026-07-10 12:50:56;asturi;ciudadela de nivel 20
2026-07-10 12:50:57;zero;cripta de nivel 25
2026-07-10 12:50:57;zero;cripta de nivel 25
2026-07-10 12:50:58;zero;cripta de nivel 25
2026-07-10 12:50:59;zero;cripta de nivel 25
2026-07-10 12:51:00;zero;cripta de nivel 25
2026-07-10 12:51:00;mathilda;cripta de nivel 15
2026-07-10 12:51:01;zero;cripta de nivel 25
2026-07-10 12:51:02;turbiybiczu;cripta de nivel 15
2026-07-10 12:51:03;zero;cripta de nivel 25
2026-07-10 12:51:03;asturi;ciudadela de nivel 20
2026-07-10 12:51:04;turbiybiczu;cripta rara de nivel 25
2026-07-10 12:51:05;zero;cripta de nivel 25
2026-07-10 12:51:05;zero;cripta de nivel 25
2026-07-10 12:51:06;turbiybiczu;cripta rara de nivel 25
2026-07-10 12:51:07;turbiybiczu;cripta rara de nivel 25
2026-07-10 12:51:08;turbiybiczu;cripta rara de nivel 25
2026-07-10 12:51:08;zero;ciudadela de nivel 10
2026-07-10 12:51:09;turbiybiczu;cripta rara de nivel 25
2026-07-10 12:51:10;zero;ciudadela de nivel 15
2026-07-10 12:51:11;turbiybiczu;cripta de nivel 20
2026-07-10 12:51:11;turbiybiczu;cripta de nivel 20
2026-07-10 12:51:12;zero;ciudadela de nivel 20
2026-07-10 12:51:13;mathilda;cripta de nivel 20
2026-07-10 12:51:13;turbiybiczu;cripta de nivel 25
2026-07-10 12:51:14;mathilda;cripta de nivel 20
2026-07-10 12:51:15;zero;ciudadela de nivel 25
2026-07-10 12:51:16;turbiybiczu;cripta de nivel 10
2026-07-10 12:51:16;asturi;ciudadela de nivel 20
2026-07-10 12:51:17;mathilda;cripta de nivel 20
2026-07-10 12:51:18;asturi;ciudadela de nivel 20
2026-07-10 12:51:18;biin;cripta de nivel 10
2026-07-10 12:51:19;milanooo;"recompensa personal de ""unión del triunfo"""
2026-07-10 12:51:20;milanooo;"recompensa personal de ""unión del triunfo"""
2026-07-10 12:51:21;milanooo;"recompensa personal de ""unión del triunfo"""
2026-07-10 12:51:21;milanooo;"recompensa personal de ""unión del triunfo"""
2026-07-10 12:51:22;milanooo;"recompensa personal de ""unión del triunfo"""
2026-07-10 12:51:23;aaron;cripta de nivel 20
2026-07-10 12:51:24;adorazius;cripta rara de nivel 25
2026-07-10 12:51:24;adorazius;cripta rara de nivel 25
2026-07-10 12:51:25;adorazius;cripta rara de nivel 25
2026-07-10 12:51:26;aaron;cripta épica de nivel 20
2026-07-10 12:51:26;maakosky;cripta de nivel 20
2026-07-10 12:51:27;lau;cripta de nivel 25
2026-07-10 12:51:28;lau;cripta de nivel 25
2026-07-10 12:51:29;maakosky;cripta de nivel 20
2026-07-10 12:51:29;maakosky;cripta de nivel 20
2026-07-10 12:51:30;lau;cripta de nivel 25
2026-07-10 12:51:31;maakosky;cripta de nivel 20
2026-07-10 12:51:31;lau;cripta de nivel 25
2026-07-10 12:51:32;aaron;ciudadela de nivel 10
2026-07-10 12:51:33;maakosky;cripta de nivel 20
2026-07-10 12:51:34;adorazius;cripta de nivel 25
2026-07-10 12:51:34;maakosky;cripta de nivel 20
2026-07-10 12:51:35;adorazius;cripta de nivel 25
2026-07-10 12:51:36;lau;cripta de nivel 25
2026-07-10 12:51:37;adorazius;cripta de nivel 25
2026-07-10 12:51:37;maakosky;cripta de nivel 20
2026-07-10 12:51:38;adorazius;cripta de nivel 25
2026-07-10 12:51:39;aaron;cripta épica de nivel 20
2026-07-10 12:51:39;adorazius;cripta de nivel 25
2026-07-10 12:51:40;maakosky;cripta de nivel 20
2026-07-10 12:51:41;aaron;cripta de nivel 10
2026-07-10 12:51:42;maakosky;cripta de nivel 20
2026-07-10 12:51:42;colis;cripta de nivel 15
2026-07-10 12:51:43;colis;cripta de nivel 15
2026-07-10 12:51:44;colis;cripta de nivel 15
2026-07-10 12:51:45;colis;cripta de nivel 15
2026-07-10 12:51:45;colis;cripta de nivel 15
2026-07-10 12:51:46;colis;cripta de nivel 15
2026-07-10 12:51:47;jodotodo;cripta de nivel 20
2026-07-10 12:51:47;jodotodo;cripta de nivel 25
2026-07-10 12:51:48;jodotodo;cripta épica de nivel 20
2026-07-10 12:51:49;jodotodo;cripta de nivel 25
2026-07-10 12:51:50;jodotodo;cripta de nivel 20
2026-07-10 12:51:50;jodotodo;cripta de nivel 25
2026-07-10 12:51:51;jodotodo;cripta de nivel 20
2026-07-10 12:51:52;saberflame;cripta de nivel 25
2026-07-10 12:51:52;jodotodo;cripta de nivel 20
2026-07-10 12:51:53;jodotodo;cripta de nivel 25
2026-07-10 12:51:54;saberflame;cripta de nivel 25
2026-07-10 12:51:55;saberflame;cripta de nivel 25
2026-07-10 12:51:55;jodotodo;cripta épica de nivel 20
2026-07-10 12:51:56;saberflame;escuadrón épico de jórmungandr
2026-07-10 12:51:57;directhor;cripta de nivel 25
2026-07-10 12:51:57;directhor;cripta de nivel 25
2026-07-10 12:51:58;directhor;cripta de nivel 25
2026-07-10 12:51:59;directhor;escuadrón épico de jórmungandr
2026-07-10 12:52:00;directhor;tienda de jórmungandr
2026-07-10 12:52:00;directhor;tienda de jórmungandr
2026-07-10 12:52:01;directhor;tienda de jórmungandr
2026-07-10 12:52:02;directhor;tienda de jórmungandr
2026-07-10 12:52:03;directhor;tienda de jórmungandr
2026-07-10 12:52:03;shahzeb khanzada;cripta de nivel 15
2026-07-10 12:52:04;directhor;escuadrón épico de jórmungandr
2026-07-10 12:52:05;saberflame;escuadrón épico de fenrir
2026-07-10 12:52:05;burilen;cripta de nivel 20
2026-07-10 12:52:06;shahzeb khanzada;cripta de nivel 15
2026-07-10 12:52:07;burilen;cripta épica de nivel 30
2026-07-10 12:52:08;rafail;cripta épica de nivel 20
2026-07-10 12:52:08;burilen;cripta de nivel 20
2026-07-10 12:52:09;burilen;cripta de nivel 15
2026-07-10 12:52:10;trella;arena
2026-07-10 12:52:11;ladywolf;cripta de nivel 20
2026-07-10 12:52:11;ladywolf;cripta de nivel 20
2026-07-10 12:52:12;ladywolf;cripta de nivel 15
2026-07-10 12:52:13;ladywolf;cripta de nivel 15
2026-07-10 12:52:13;ladywolf;cripta de nivel 20
2026-07-10 12:52:14;durga;cripta de nivel 25
2026-07-10 12:52:15;blalex;tienda de jórmungandr
2026-07-10 12:52:16;blalex;tienda de jórmungandr
2026-07-10 12:52:16;ladywolf;cripta de nivel 15
2026-07-10 12:52:17;ladywolf;cripta de nivel 15
2026-07-10 12:52:18;blalex;cripta de nivel 10
2026-07-10 12:52:18;blalex;cripta de nivel 25
2026-07-10 12:52:19;blalex;cripta de nivel 15
2026-07-10 12:52:20;shahzeb khanzada;cripta épica de nivel 20
2026-07-10 12:52:21;shahzeb khanzada;cripta rara de nivel 25
2026-07-10 12:52:21;durga;cripta de nivel 25
2026-07-10 12:52:22;shahzeb khanzada;cripta épica de nivel 15
2026-07-10 12:52:23;durga;cripta de nivel 25
2026-07-10 12:52:24;shahzeb khanzada;cripta rara de nivel 25
2026-07-10 12:52:24;shahzeb khanzada;cripta rara de nivel 25
2026-07-10 12:52:25;malorius;cripta de nivel 25
2026-07-10 12:52:26;shahzeb khanzada;cripta rara de nivel 25
2026-07-10 12:52:26;malorius;cripta épica de nivel 20
2026-07-10 12:52:27;durga;cripta de nivel 20
2026-07-10 12:52:28;malorius;cripta épica de nivel 20
2026-07-10 12:52:29;erreape;cripta rara de nivel 30
2026-07-10 12:52:29;erreape;cripta épica de nivel 25
2026-07-10 12:52:30;erreape;cripta de nivel 20
2026-07-10 12:52:31;durga;cripta de nivel 20
2026-07-10 12:52:32;erreape;cripta de nivel 25
2026-07-10 12:52:32;erreape;cripta de nivel 20
2026-07-10 12:52:33;erreape;cripta épica de nivel 20
2026-07-10 12:52:34;erreape;cripta de nivel 20
2026-07-10 12:52:34;erreape;cripta rara de nivel 25
2026-07-10 12:52:35;erreape;cripta de nivel 20
2026-07-10 12:52:36;erreape;cripta de nivel 25
2026-07-10 12:52:37;ulises el floreros;cripta épica de nivel 20
2026-07-10 12:52:37;erreape;cripta de nivel 25
2026-07-10 12:52:38;ulises el floreros;cripta épica de nivel 20
2026-07-10 12:52:39;erreape;cripta rara de nivel 25
2026-07-10 12:52:39;ulises el floreros;cripta épica de nivel 20
2026-07-10 12:52:40;malorius;cripta rara de nivel 20
2026-07-10 12:52:41;ulises el floreros;cripta épica de nivel 20
2026-07-10 12:52:42;ulises el floreros;cripta épica de nivel 20
2026-07-10 12:52:42;ulises el floreros;cripta de nivel 20
2026-07-10 12:52:43;el loco murdock;tienda de jórmungandr
2026-07-10 12:52:44;el loco murdock;tienda de jórmungandr
2026-07-10 12:52:45;el loco murdock;tienda de jórmungandr
2026-07-10 12:52:45;el loco murdock;tienda de jórmungandr
2026-07-10 12:52:46;malorius;cripta rara de nivel 20
2026-07-10 12:52:47;ulises el floreros;cripta de nivel 20
2026-07-10 12:52:47;malorius;cripta rara de nivel 20
2026-07-10 12:52:48;ulises el floreros;cripta épica de nivel 20
2026-07-10 12:52:49;ulises el floreros;cripta de nivel 20
2026-07-10 12:52:50;malorius;cripta rara de nivel 20
2026-07-10 12:52:50;ulises el floreros;cripta épica de nivel 20
2026-07-10 12:52:51;malorius;cripta rara de nivel 25
2026-07-10 12:52:52;ulises el floreros;cripta de nivel 20
2026-07-10 12:52:52;ulises el floreros;cripta épica de nivel 20
2026-07-10 12:52:53;malorius;cripta rara de nivel 25
2026-07-10 12:52:54;ulises el floreros;cripta de nivel 20
2026-07-10 12:52:55;malorius;cripta rara de nivel 25
2026-07-10 12:52:55;ulises el floreros;cripta de nivel 20
2026-07-10 12:52:56;ulises el floreros;cripta de nivel 20
2026-07-10 12:52:57;malorius;cripta rara de nivel 25
2026-07-10 12:52:58;ulises el floreros;cripta de nivel 20
2026-07-10 12:52:58;ulises el floreros;monstruo heroico de nivel 17
2026-07-10 12:52:59;ulises el floreros;cripta de nivel 20
2026-07-10 12:53:00;el loco murdock;cripta rara de nivel 15
2026-07-10 12:53:01;malorius;cripta rara de nivel 25
2026-07-10 12:53:01;malorius;cripta rara de nivel 25
2026-07-10 12:53:02;malorius;cripta rara de nivel 25
2026-07-10 12:53:03;malorius;cripta rara de nivel 25
2026-07-10 12:53:04;malorius;cripta rara de nivel 25
2026-07-10 12:53:04;biin;"recompensa personal de ""unión del triunfo"""
2026-07-10 12:53:05;biin;"recompensa personal de ""unión del triunfo"""
2026-07-10 12:53:06;biin;"recompensa personal de ""unión del triunfo"""
2026-07-10 12:53:06;biin;"recompensa personal de ""unión del triunfo"""
2026-07-10 12:53:07;biin;"recompensa personal de ""unión del triunfo"""
2026-07-10 12:53:08;manuelhh;cripta de nivel 25
2026-07-10 12:53:09;turbiybiczu;cripta de nivel 15
2026-07-10 12:53:09;turbiybiczu;cripta de nivel 20
2026-07-10 12:53:10;rufean il;tienda de jórmungandr
2026-07-10 12:53:11;rufean il;tienda de jórmungandr
2026-07-10 12:53:12;rufean il;tienda de jórmungandr
2026-07-10 12:53:12;rufean il;tienda de jórmungandr
2026-07-10 12:53:13;rufean il;tienda de jórmungandr
2026-07-10 12:53:14;soule1970;torneo batalla por el trono
2026-07-10 12:53:14;soule1970;cripta de nivel 10
2026-07-10 12:53:15;soule1970;cripta de nivel 5
2026-07-10 12:53:16;soule1970;cripta de nivel 25
2026-07-10 12:53:17;nemean;cripta de nivel 20
2026-07-10 12:53:17;nemean;cripta de nivel 20
2026-07-10 12:53:18;nemean;cripta de nivel 20
2026-07-10 12:53:19;soule1970;cripta de nivel 5
2026-07-10 12:53:19;nemean;cripta de nivel 20
2026-07-10 12:53:20;soule1970;cripta de nivel 10
2026-07-10 12:53:21;nemean;cripta de nivel 20
2026-07-10 12:53:22;aaron;monstruo heroico de nivel 18
2026-07-10 12:53:22;nemean;cripta de nivel 20
2026-07-10 12:53:23;rufean il;escuadrón épico de jórmungandr
2026-07-10 12:53:24;nemean;cripta de nivel 20
2026-07-10 12:53:25;nemean;cripta de nivel 20
2026-07-10 12:53:25;nemean;cripta de nivel 20
2026-07-10 12:53:26;nemean;cripta de nivel 20
2026-07-10 12:53:27;biin;cripta de nivel 15
2026-07-10 12:53:27;biin;cripta de nivel 10
2026-07-10 12:53:28;rufean il;escuadrón épico de jórmungandr
2026-07-10 12:53:29;soule1970;cripta de nivel 10
2026-07-10 12:53:30;soule1970;cripta de nivel 15
2026-07-10 12:53:30;soule1970;cripta de nivel 5
2026-07-10 12:53:31;soule1970;cripta de nivel 25
2026-07-10 12:53:32;soule1970;cripta de nivel 10
2026-07-10 12:53:32;soule1970;cripta de nivel 25
2026-07-10 12:53:33;soule1970;cripta de nivel 5
2026-07-10 12:53:34;soule1970;cripta de nivel 10
2026-07-10 12:53:35;soule1970;cripta de nivel 5
2026-07-10 12:53:35;soule1970;cripta de nivel 20
2026-07-10 12:53:36;soule1970;cripta de nivel 5
2026-07-10 12:53:37;soule1970;cripta de nivel 20
2026-07-10 12:53:37;soule1970;cripta de nivel 10
2026-07-10 12:53:38;soule1970;cripta de nivel 25
2026-07-10 12:53:39;soule1970;cripta de nivel 5
2026-07-10 12:53:40;nimona;cripta de nivel 20
2026-07-10 12:53:40;cheska;tienda de jórmungandr
2026-07-10 12:53:41;cheska;tienda de jórmungandr
2026-07-10 12:53:42;cheska;tienda de jórmungandr
2026-07-10 12:53:43;cheska;tienda de jórmungandr
2026-07-10 12:53:43;cheska;tienda de jórmungandr
2026-07-10 12:53:44;nimona;cripta de nivel 20
2026-07-10 12:53:45;nimona;cripta de nivel 20
2026-07-10 12:53:45;nimona;cripta de nivel 20
2026-07-10 12:53:46;nimona;cripta de nivel 20
2026-07-10 12:53:47;nimona;cripta épica de nivel 20
2026-07-10 12:53:48;nimona;cripta épica de nivel 20
2026-07-10 12:53:48;nimona;cripta épica de nivel 20
2026-07-10 12:53:49;nimona;cripta épica de nivel 20
2026-07-10 12:53:50;nimona;cripta épica de nivel 20
2026-07-10 12:53:50;durga;riqueza del clan
2026-07-10 12:53:51;durga;riqueza del clan
2026-07-10 12:53:52;durga;riqueza del clan
2026-07-10 12:53:53;durga;riqueza del clan
2026-07-10 12:53:53;alma;cripta de nivel 20
2026-07-10 12:53:54;burilen;cripta de nivel 25
2026-07-10 12:53:55;burilen;cripta de nivel 25
2026-07-10 12:53:56;ganian wala;escuadrón épico de fenrir
2026-07-10 12:53:56;mon amour;cripta rara de nivel 30
2026-07-10 12:53:57;mon amour;cripta rara de nivel 30
2026-07-10 12:53:58;turbiybiczu;cripta de nivel 20
2026-07-10 12:53:58;mon amour;cripta rara de nivel 30
2026-07-10 12:53:59;turbiybiczu;cripta de nivel 20
2026-07-10 12:54:00;mon amour;cripta rara de nivel 30
2026-07-10 12:54:01;turbiybiczu;cripta de nivel 20
2026-07-10 12:54:01;mon amour;cripta rara de nivel 30
2026-07-10 12:54:02;mon amour;cripta rara de nivel 30
2026-07-10 12:54:03;mon amour;cripta rara de nivel 30
2026-07-10 12:54:04;turbiybiczu;cripta de nivel 20
2026-07-10 12:54:04;mon amour;cripta rara de nivel 30
2026-07-10 12:54:05;the mighty lord;cripta rara de nivel 25
2026-07-10 12:54:06;mon amour;cripta de nivel 25
2026-07-10 12:54:06;the mighty lord;cripta rara de nivel 25
2026-07-10 12:54:07;the mighty lord;cripta épica de nivel 25
2026-07-10 12:54:08;turbiybiczu;cripta de nivel 15
2026-07-10 12:54:09;the mighty lord;cripta de nivel 25
2026-07-10 12:54:09;rafail;cripta de nivel 20
2026-07-10 12:54:10;rafail;cripta de nivel 20
2026-07-10 12:54:11;rafail;cripta de nivel 20
2026-07-10 12:54:12;rafail;cripta de nivel 20
2026-07-10 12:54:12;rafail;cripta de nivel 20
2026-07-10 12:54:13;rafail;cripta de nivel 20
2026-07-10 12:54:14;rafail;cripta de nivel 20
2026-07-10 12:54:14;rafail;cripta de nivel 20
2026-07-10 12:54:15;rafail;cripta de nivel 20
2026-07-10 12:54:16;rafail;cripta de nivel 15
2026-07-10 12:54:17;the mighty lord;cripta rara de nivel 25
2026-07-10 12:54:17;rafail;cripta de nivel 20
2026-07-10 12:54:18;devildog;cripta de nivel 20
2026-07-10 12:54:19;erreape;escuadrón épico de jórmungandr
2026-07-10 12:54:19;devildog;cripta rara de nivel 15
2026-07-10 12:54:20;erreape;tienda de jórmungandr
2026-07-10 12:54:21;erreape;tienda de jórmungandr
2026-07-10 12:54:22;erreape;tienda de jórmungandr
2026-07-10 12:54:22;erreape;tienda de jórmungandr
2026-07-10 12:54:23;erreape;tienda de jórmungandr
2026-07-10 12:54:24;francescaromana;cripta de nivel 20
2026-07-10 12:54:25;francescaromana;cripta de nivel 15
2026-07-10 12:54:25;francescaromana;cripta de nivel 15
2026-07-10 12:54:26;francescaromana;cripta de nivel 15
2026-07-10 12:54:27;francescaromana;cripta de nivel 20
2026-07-10 12:54:28;francescaromana;cripta de nivel 20
2026-07-10 12:54:28;lagar;escuadrón épico de fenrir
2026-07-10 12:54:29;mathilda;cripta de nivel 20
2026-07-10 12:54:30;mathilda;cripta de nivel 15
2026-07-10 12:54:30;directhor;escuadrón épico de fenrir
2026-07-10 12:54:31;colis;tienda de jórmungandr
2026-07-10 12:54:32;colis;tienda de jórmungandr
2026-07-10 12:54:33;directhor;escuadrón épico de fenrir
2026-07-10 12:54:33;marrar;cripta de nivel 25
2026-07-10 12:54:34;marrar;cripta de nivel 20
2026-07-10 12:54:35;marrar;cripta de nivel 25
2026-07-10 12:54:35;marrar;cripta de nivel 25
2026-07-10 12:54:36;marrar;cripta de nivel 25
2026-07-10 12:54:37;marrar;cripta de nivel 25
2026-07-10 12:54:38;marrar;cripta de nivel 25
2026-07-10 12:54:38;marrar;cripta de nivel 25
2026-07-10 12:54:39;marrar;cripta de nivel 25
2026-07-10 12:54:40;marrar;cripta de nivel 25
2026-07-11 01:29:00;   eygenaní;bank
2026-07-11 01:29:01;   eygenaní;bank
2026-07-11 01:29:02;   eygenaní;bank
2026-07-11 01:29:02;   eygenaní;bank
2026-07-11 01:29:03;   eygenaní;bank
2026-07-11 01:29:04;   eygenaní;bank
2026-07-11 01:29:05;   eygenaní;bank
2026-07-11 01:29:05;   eygenaní;bank
2026-07-11 01:29:06;   eygenaní;bank
2026-07-11 01:29:07;   eygenaní;bank
2026-07-11 01:29:08;   eygenaní;bank
2026-07-11 01:29:08;     Jasmine;bank
2026-07-11 01:29:09;     Jasmine;bank
2026-07-11 01:29:10;     Jasmine;bank
2026-07-11 01:29:11;     Jasmine;bank
2026-07-11 01:29:11;     Jasmine;bank
2026-07-11 01:29:12;     Jasmine;bank
2026-07-11 01:29:14;   nikita;level 20 crypt
2026-07-11 01:29:15;   nikita;level 20 crypt
2026-07-11 01:29:15;   nikita;level 20 crypt
2026-07-11 01:29:16;   nikita;level 20 crypt
2026-07-11 01:29:17;   lagar;epic fenrir squad
2026-07-11 01:29:17;   nikita;level 20 crypt
2026-07-11 01:29:18;   nikita;level 20 crypt
2026-07-11 01:29:19;   nikita;level 20 crypt
2026-07-11 01:29:20;   nikita;level 20 crypt
2026-07-11 01:29:20;   nikita;level 20 crypt
2026-07-11 01:29:21;   nikita;jórmungandr shop
2026-07-11 01:29:22;   nikita;jórmungandr shop
2026-07-11 01:29:23;   nikita;jórmungandr shop
2026-07-11 01:29:23;   nikita;jórmungandr shop
2026-07-11 01:29:24;   nikita;jórmungandr shop
2026-07-11 01:29:25;   murod;level 20 crypt
2026-07-11 01:29:26;   nikita;level 20 crypt
2026-07-11 01:29:26;   nikita;level 20 crypt
2026-07-11 01:29:27;   nikita;level 20 crypt
2026-07-11 01:29:28;   nikita;level 25 crypt
2026-07-11 01:29:29;   nikita;level 25 crypt
2026-07-11 01:29:29;   nikita;level 25 crypt
2026-07-11 01:29:30;   eygenaní;level 30 rare crypt
2026-07-11 01:29:31;   nikita;level 25 crypt
2026-07-11 01:29:32;   eygenaní;level 30 rare crypt
2026-07-11 01:29:32;   the mighty lord;level 25 rare crypt
2026-07-11 01:29:33;   nikita;level 25 crypt
2026-07-11 01:29:34;   eygenaní;level 30 rare crypt
2026-07-11 01:29:34;   nikita;level 25 crypt
2026-07-11 01:29:35;   lagar;epic fenrir squad
2026-07-11 01:29:36;   eygenaní;level 30 rare crypt
2026-07-11 01:29:37;   the mighty lord;level 25 crypt
2026-07-11 01:29:37;   eygenaní;level 30 epic crypt
2026-07-11 01:29:38;   eygenaní;level 30 epic crypt
2026-07-11 01:29:39;   eygenaní;level 30 epic crypt
2026-07-11 01:29:40;   nikita;level 25 crypt
2026-07-11 01:29:40;   lagar;epic fenrir squad
2026-07-11 01:29:41;   eygenaní;level 30 epic crypt
2026-07-11 01:29:42;   nikita;level 25 crypt
2026-07-11 01:29:43;   eygenaní;level 30 epic crypt
2026-07-11 01:29:43;   eygenaní;level 25 crypt
2026-07-11 01:29:44;   shahzeb khanzada;level 15 crypt
2026-07-11 01:29:45;   eygenaní;level 25 crypt
2026-07-11 01:29:45;   francescaromana;level 15 crypt
2026-07-11 01:29:46;   eygenaní;level 25 crypt
2026-07-11 01:29:47;   adorazius;level 25 crypt
2026-07-11 01:29:48;   shahzeb khanzada;level 20 crypt
2026-07-11 01:29:48;   eygenaní;level 15 epic crypt
2026-07-11 01:29:49;   nikita;level 25 crypt
2026-07-11 01:29:50;   adorazius;level 25 crypt
2026-07-11 01:29:51;   eygenaní;level 25 crypt
2026-07-11 01:29:51;   adorazius;level 25 crypt
2026-07-11 01:29:52;   francescaromana;level 15 rare crypt
2026-07-11 01:29:53;   nikita;level 25 crypt
2026-07-11 01:29:54;   eygenaní;level 25 crypt
2026-07-11 01:29:54;   adorazius;level 25 crypt
2026-07-11 01:29:55;   mon amour;level 30 epic crypt
2026-07-11 01:29:56;   adorazius;level 25 crypt
2026-07-11 01:29:57;   shahzeb khanzada;level 15 epic crypt
2026-07-11 01:29:57;   eygenaní;level 25 crypt
2026-07-11 01:29:58;   nikita;level 25 crypt
2026-07-11 01:29:59;   adorazius;level 25 crypt
2026-07-11 01:29:59;   mon amour;level 30 epic crypt
2026-07-11 01:30:00;   eygenaní;level 25 crypt
2026-07-11 01:30:01;   adorazius;level 25 crypt
2026-07-11 01:30:02;   mon amour;level 30 epic crypt
2026-07-11 01:30:02;   nikita;level 25 crypt
2026-07-11 01:30:03;   shahzeb khanzada;level 20 crypt
2026-07-11 01:30:04;   eygenaní;level 25 crypt
2026-07-11 01:30:05;   adorazius;level 25 crypt
2026-07-11 01:30:05;   mon amour;level 30 epic crypt
2026-07-11 01:30:06;   nikita;level 25 crypt
2026-07-11 01:30:07;   eygenaní;level 25 crypt
2026-07-11 01:30:08;   mon amour;level 30 epic crypt
2026-07-11 01:30:08;   nikita;level 25 crypt
2026-07-11 01:30:09;   lagar;epic fenrir squad
2026-07-11 01:30:10;   eygenaní;level 25 crypt
2026-07-11 01:30:11;   adorazius;level 25 rare crypt
2026-07-11 01:30:11;   nikita;level 25 crypt
2026-07-11 01:30:12;   mon amour;level 30 epic crypt
2026-07-11 01:30:13;   adorazius;level 25 rare crypt
2026-07-11 01:30:14;   eygenaní;level 25 crypt
2026-07-11 01:30:14;   nikita;level 25 crypt
2026-07-11 01:30:15;   mon amour;level 30 epic crypt
2026-07-11 01:30:16;   adorazius;level 25 epic crypt
2026-07-11 01:30:16;   mon amour;level 30 epic crypt
2026-07-11 01:30:17;   eygenaní;level 25 crypt
2026-07-11 01:30:18;   eygenaní;level 25 crypt
2026-07-11 01:30:19;   eygenaní;level 25 crypt
2026-07-11 01:30:19;   eygenaní;level 25 crypt
2026-07-11 01:30:20;   eygenaní;level 25 crypt
2026-07-11 01:30:21;   eygenaní;level 25 crypt
2026-07-11 01:30:22;   eygenaní;level 25 crypt
2026-07-11 01:30:22;   eygenaní;level 25 rare crypt
2026-07-11 01:30:23;   eygenaní;level 25 crypt
2026-07-11 01:30:24;   alma;jórmungandr shop
2026-07-11 01:30:25;   alma;jórmungandr shop
2026-07-11 01:30:25;   nikita;level 25 crypt
2026-07-11 01:30:26;   alma;jórmungandr shop
2026-07-11 01:30:27;   lagar;epic fenrir squad
2026-07-11 01:30:27;   nikita;level 25 crypt
2026-07-11 01:30:28;   nikita;level 25 crypt
2026-07-11 01:30:29;   alma;level 10 crypt
2026-07-11 01:30:30;   alma;level 15 epic crypt
2026-07-11 01:30:30;   colis;level 15 crypt
2026-07-11 01:30:31;   colis;level 15 crypt
2026-07-11 01:30:32;   nikita;level 20 crypt
2026-07-11 01:30:33;   colis;level 15 crypt
2026-07-11 01:30:33;   colis;level 15 crypt
2026-07-11 01:30:34;   ben xander;level 20 crypt
2026-07-11 01:30:35;   colis;level 15 crypt
2026-07-11 01:30:36;   nikita;level 20 epic crypt
2026-07-11 01:30:36;   colis;level 15 crypt
2026-07-11 01:30:37;   colis;level 15 crypt
2026-07-11 01:30:38;   alma;level 10 crypt
2026-07-11 01:30:39;   ben xander;level 20 crypt
2026-07-11 01:30:39;   biin;level 10 crypt
2026-07-11 01:30:40;   alma;level 20 crypt
2026-07-11 01:30:41;   biin;arena
2026-07-11 01:30:41;   ben xander;level 20 crypt
2026-07-11 01:30:42;   biin;level 20 crypt
2026-07-11 01:30:43;   alma;level 10 crypt
2026-07-11 01:30:44;   biin;lvl 30-34 raid runic squad
2026-07-11 01:30:44;   durdy 7777;level 20 epic crypt
2026-07-11 01:30:45;   ben xander;level 20 epic crypt
2026-07-11 01:30:46;   alma;level 20 crypt
2026-07-11 01:30:47;   biin;level 20 crypt
2026-07-11 01:30:47;   alma;level 15 crypt
2026-07-11 01:30:48;   ben xander;level 20 epic crypt
2026-07-11 01:30:49;   alma;level 15 crypt
2026-07-11 01:30:50;   biin;level 20 crypt
2026-07-11 01:30:50;   ben xander;level 20 epic crypt
2026-07-11 01:30:51;   durdy 7777;level 15 crypt
2026-07-11 01:30:52;   ben xander;level 20 rare crypt
2026-07-11 01:30:52;   alma;level 20 crypt
2026-07-11 01:30:53;   ben xander;level 20 rare crypt
2026-07-11 01:30:54;   alma;level 15 crypt
2026-07-11 01:30:55;   biin;level 25 rare crypt
2026-07-11 01:30:55;   alma;level 10 crypt
2026-07-11 01:30:56;   durdy 7777;level 15 crypt
2026-07-11 01:30:57;   biin;level 25 rare crypt
2026-07-11 01:30:58;   alma;level 15 crypt
2026-07-11 01:30:58;   durdy 7777;level 15 crypt
2026-07-11 01:30:59;   biin;level 25 rare crypt
2026-07-11 01:31:00;   eygenaní;lvl 35-39 raid runic squad
2026-07-11 01:31:01;   maakosky;level 20 epic crypt
2026-07-11 01:31:01;   alma;level 15 crypt
2026-07-11 01:31:02;   durdy 7777;level 20 crypt
2026-07-11 01:31:03;   ben xander;level 20 crypt
2026-07-11 01:31:03;   ben xander;level 20 crypt
2026-07-11 01:31:04;   durdy 7777;level 25 crypt
2026-07-11 01:31:05;   alma;level 15 epic crypt
2026-07-11 01:31:06;   ben xander;level 20 crypt
2026-07-11 01:31:06;   eygenaní;lvl 40-44 raid runic squad
2026-07-11 01:31:07;   alma;level 15 crypt
2026-07-11 01:31:08;   alma;level 15 crypt
2026-07-11 01:31:09;   alma;level 15 crypt
2026-07-11 01:31:09;   maakosky;level 20 crypt
2026-07-11 01:31:10;   ben xander;level 20 crypt
2026-07-11 01:31:11;   alma;level 15 crypt
2026-07-11 01:31:12;   malorius;lvl 35-39 raid runic squad
2026-07-11 01:31:12;   eygenaní;lvl 40-44 raid runic squad
2026-07-11 01:31:13;   alma;level 20 crypt
2026-07-11 01:31:14;   alma;level 15 crypt
2026-07-11 01:31:15;   alma;level 20 crypt
2026-07-11 01:31:15;   eygenaní;lvl 40-44 raid runic squad
2026-07-11 01:31:16;   alma;level 15 crypt
2026-07-11 01:31:17;   burilen;level 25 crypt
2026-07-11 01:31:18;   biin;level 10 crypt
2026-07-11 01:31:18;   alma;level 10 crypt
2026-07-11 01:31:19;   maakosky;level 20 crypt
2026-07-11 01:31:20;   murod;level 20 crypt
2026-07-11 01:31:21;   alma;level 20 crypt
2026-07-11 01:31:21;   murod;level 20 crypt
2026-07-11 01:31:22;   alma;level 15 crypt
2026-07-11 01:31:23;   alma;level 15 crypt
2026-07-11 01:31:24;   murod;level 20 crypt
2026-07-11 01:31:24;   eygenaní;lvl 40-44 raid runic squad
2026-07-11 01:31:25;   alma;level 20 crypt
2026-07-11 01:31:26;   maakosky;level 20 crypt
2026-07-11 01:31:26;   alma;level 15 crypt
2026-07-11 01:31:27;   eygenaní;lvl 40-44 raid runic squad
2026-07-11 01:31:28;   burilen;level 20 crypt
2026-07-11 01:31:29;   alma;level 20 crypt
2026-07-11 01:31:29;   sath;level 25 crypt
2026-07-11 01:31:30;   eygenaní;lvl 40-44 raid runic squad
2026-07-11 01:31:31;   turbiybiczu;level 20 crypt
2026-07-11 01:31:32;   eygenaní;lvl 40-44 raid runic squad
2026-07-11 01:31:32;   trella;level 20 crypt
2026-07-11 01:31:33;   trella;level 20 crypt
2026-07-11 01:31:34;   trella;level 20 crypt
2026-07-11 01:31:34;   mauro;lvl 35-39 raid runic squad
2026-07-11 01:31:35;   trella;level 20 crypt
2026-07-11 01:31:36;   maakosky;level 20 citadel
2026-07-11 01:31:37;   trella;level 20 crypt
2026-07-11 01:31:37;   trella;level 25 crypt
2026-07-11 01:31:38;   eygenaní;lvl 40-44 raid runic squad
2026-07-11 01:31:39;   trella;level 25 crypt
2026-07-11 01:31:40;   trella;level 25 crypt
2026-07-11 01:31:40;   mauro;level 10 crypt
2026-07-11 01:31:41;   trella;level 25 crypt
2026-07-11 01:31:42;   mauro;lvl 35-39 raid runic squad
2026-07-11 01:31:42;   mauro;level 10 crypt
2026-07-11 01:31:43;   trella;level 25 crypt
2026-07-11 01:31:44;   mauro;level 20 crypt
2026-07-11 01:31:45;   mauro;level 10 crypt
2026-07-11 01:31:45;   mauro;level 10 crypt
2026-07-11 01:31:46;   mauro;lvl 35-39 raid runic squad
2026-07-11 01:31:47;   mauro;level 25 epic crypt
2026-07-11 01:31:48;   mauro;level 15 crypt
2026-07-11 01:31:48;   mauro;level 15 crypt
2026-07-11 01:31:49;   mauro;level 25 epic crypt
2026-07-11 01:31:50;   trella;level 20 epic crypt
2026-07-11 01:31:51;   burilen;lvl 35-39 raid runic squad
2026-07-11 01:31:51;   mauro;level 15 crypt
2026-07-11 01:31:52;   trella;level 25 rare crypt
2026-07-11 01:31:53;   asteria;lvl 30-34 raid runic squad
2026-07-11 01:31:54;   mauro;level 15 crypt
2026-07-11 01:31:54;   trella;level 25 epic crypt
2026-07-11 01:31:55;   trella;level 25 rare crypt
2026-07-11 01:31:56;   mauro;level 10 crypt
2026-07-11 01:31:56;   mauro;level 15 crypt
2026-07-11 01:31:57;   trella;level 25 rare crypt
2026-07-11 01:31:58;   mauro;lvl 35-39 raid runic squad
2026-07-11 01:31:59;   trella;level 25 rare crypt
2026-07-11 01:31:59;   carp;level 10 crypt
2026-07-11 01:32:00;   carp;level 10 crypt
2026-07-11 01:32:01;   marg;level 20 crypt
2026-07-11 01:32:02;   mauro;lvl 35-39 raid runic squad
2026-07-11 01:32:02;   marg;level 20 crypt
2026-07-11 01:32:03;   marg;level 20 crypt
2026-07-11 01:32:04;   rufean;lvl 35-39 raid runic squad
2026-07-11 01:32:05;   marg;level 20 crypt
2026-07-11 01:32:05;   mauro;lvl 35-39 raid runic squad
2026-07-11 01:32:06;   rufean;lvl 35-39 raid runic squad
2026-07-11 01:32:07;   boy name;level 25 crypt
2026-07-11 01:32:07;   mauro;lvl 35-39 raid runic squad
2026-07-11 01:32:08;   boy name;level 15 crypt
2026-07-11 01:32:09;   boy name;level 20 crypt
2026-07-11 01:32:10;   boy name;level 15 crypt
2026-07-11 01:32:10;   boy name;level 15 crypt
2026-07-11 01:32:11;   boy name;level 25 crypt
2026-07-11 01:32:12;   rufean;lvl 35-39 raid runic squad
2026-07-11 01:32:13;   turbiybiczu;level 15 crypt
2026-07-11 01:32:13;   asteria;lvl 35-39 raid runic squad
2026-07-11 01:32:14;   rufean;lvl 35-39 raid runic squad
2026-07-11 01:32:15;   turbiybiczu;lvl 35-39 raid runic squad
2026-07-11 01:32:16;   rufean;arena
2026-07-11 01:32:16;   rufean;lvl 35-39 raid runic squad
2026-07-11 01:32:17;   nikita;level 20 crypt
2026-07-11 01:32:18;   nikita;level 20 crypt
2026-07-11 01:32:19;   turbiybiczu;lvl 35-39 raid runic squad
2026-07-11 01:32:19;   burilen;lvl 35-39 raid runic squad
2026-07-11 01:32:20;   turbiybiczu;lvl 35-39 raid runic squad
2026-07-11 01:32:21;   ares;lvl 35-39 raid runic squad
2026-07-11 01:32:21;   lagar;lvl 35-39 raid runic squad
2026-07-11 01:32:22;   durga;clan wealth
2026-07-11 01:32:23;   durga;clan wealth
2026-07-11 01:32:24;   durga;clan wealth
2026-07-11 01:32:24;   durga;clan wealth
2026-07-11 01:32:25;   asteria;level 30 rare crypt
2026-07-11 01:32:26;   asteria;lvl 35-39 raid runic squad
2026-07-11 01:32:27;   lorven;lvl 25-29 raid runic squad
2026-07-11 01:32:27;   lagar;lvl 40-44 raid runic squad
2026-07-11 01:32:28;   turbiybiczu;lvl 30-34 raid runic squad
2026-07-11 01:32:29;   devildog;level 15 crypt
2026-07-11 01:32:30;   lagar;lvl 35-39 raid runic squad
2026-07-11 01:32:30;   asteria;arena
2026-07-11 01:32:31;   asteria;level 30 epic crypt
2026-07-11 01:32:32;   lagar;lvl 40-44 raid runic squad
2026-07-11 01:32:32;   devildog;level 15 crypt
2026-07-11 01:32:33;   manuelhh;level 15 crypt
2026-07-11 01:32:34;   devildog;level 15 crypt
2026-07-11 01:32:35;   lagar;lvl 40-44 raid runic squad
2026-07-11 01:32:35;   asteria;level 25 rare crypt
2026-07-11 01:32:36;   ganían wala;level 25 crypt
2026-07-11 01:32:37;   biin;level 20 crypt
2026-07-11 01:32:38;   devildog;level 20 crypt
2026-07-11 01:32:38;   asteria;level 25 epic crypt
2026-07-11 01:32:39;   eygenaní;lvl 40-44 raid runic squad
2026-07-11 01:32:40;   devildog;level 20 crypt
2026-07-11 01:32:41;   asteria;level 25 rare crypt
2026-07-11 01:32:41;   asteria;level 30 rare crypt
2026-07-11 01:32:42;   devildog;level 20 crypt
2026-07-11 01:32:43;   asteria;level 30 epic crypt
2026-07-11 01:32:44;   ahmedspider;level 10 crypt
2026-07-11 01:32:44;   asteria;level 30 rare crypt
2026-07-11 01:32:45;   asteria;level 25 rare crypt
2026-07-11 01:32:46;   asteria;level 25 crypt
2026-07-11 01:32:46;   asteria;level 25 crypt
2026-07-11 01:32:47;   asteria;level 25 crypt
2026-07-11 01:32:48;   asteria;lvl 30-34 raid runic squad
2026-07-11 01:32:49;   asturi;level 20 crypt
2026-07-11 01:32:49;   lagar;lvl 30-34 raid runic squad
2026-07-11 01:32:50;   ahmedspider;level 20 crypt
2026-07-11 01:32:51;   ahmedspider;level 20 crypt
2026-07-11 01:32:52;   asturi;level 20 crypt
2026-07-11 01:32:52;   asturi;level 20 crypt
2026-07-11 01:32:53;   asturi;level 20 epic crypt
2026-07-11 01:32:54;   shahzeb khanzada;level 20 crypt
2026-07-11 01:32:55;   asturi;level 20 epic crypt
2026-07-11 01:32:55;   asturi;level 20 rare crypt
2026-07-11 01:32:56;   shahzeb khanzada;level 20 crypt
2026-07-11 01:32:57;   asturi;level 20 epic crypt
2026-07-11 01:32:58;   biin;level 25 crypt
2026-07-11 01:32:58;   ahmedspider;level 10 crypt
2026-07-11 01:32:59;   biin;level 20 crypt
2026-07-11 01:33:00;   biin;level 25 rare crypt
2026-07-11 01:33:00;   ahmedspider;lvl 30-34 raid runic squad
2026-07-11 01:33:01;   asturi;level 15 epic crypt
2026-07-11 01:33:02;   the mighty lord;level 25 rare crypt
2026-07-11 01:33:03;   benxander;arena
2026-07-11 01:33:03;   shahzeb khanzada;level 15 epic crypt
2026-07-11 01:33:04;   asturi;level 20 epic crypt
2026-07-11 01:33:05;   benxander;lvl 30-34 raid runic squad
2026-07-11 01:33:06;   biin;level 25 crypt
2026-07-11 01:33:06;   shahzeb khanzada;level 10 crypt
2026-07-11 01:33:07;   milanooo;level 25 crypt
2026-07-11 01:33:08;   asturi;level 20 crypt
2026-07-11 01:33:08;   trella;level 20 epic crypt
2026-07-11 01:33:09;   shahzeb khanzada;level 20 crypt
2026-07-11 01:33:10;   ahmedspider;level 25 crypt
2026-07-11 01:33:11;   milanooo;lvl 30-34 raid runic squad
2026-07-11 01:33:11;   shahzeb khanzada;level 10 crypt
2026-07-11 01:33:12;   milanooo;level 15 epic crypt
2026-07-11 01:33:13;   shahzeb khanzada;level 5 crypt
2026-07-11 01:33:14;   asturi;level 20 crypt
2026-07-11 01:33:14;   shahzeb khanzada;level 10 crypt
2026-07-11 01:33:15;   milanooo;lvl 30-34 raid runic squad
2026-07-11 01:33:16;   asturi;level 15 epic crypt
2026-07-11 01:33:17;   the mighty lord;level 30 rare crypt
2026-07-11 01:33:17;   asturi;level 15 crypt
2026-07-11 01:33:18;   asturi;level 15 crypt
2026-07-11 01:33:19;   milanooo;lvl 30-34 raid runic squad
2026-07-11 01:33:20;   the mighty lord;level 25 rare crypt
2026-07-11 01:33:20;   milanooo;level 10 rare crypt
2026-07-11 01:33:21;   milanooo;lvl 30-34 raid runic squad
2026-07-11 01:33:22;   milanooo;level 25 crypt
2026-07-11 01:33:23;   milanooo;lvl 35-39 raid runic squad
2026-07-11 01:33:23;   ganían wala;level 25 crypt
2026-07-11 01:33:24;   ulises el floreros;level 20 crypt
2026-07-11 01:33:25;   the mighty lord;level 30 rare crypt
2026-07-11 01:33:25;   ganían wala;lvl 35-39 raid runic squad
2026-07-11 01:33:26;   durga;level 25 epic crypt
2026-07-11 01:33:27;   ulises el floreros;level 20 crypt
2026-07-11 01:33:28;   ulises el floreros;level 20 crypt
2026-07-11 01:33:28;   ulises el floreros;lvl 30-34 raid runic squad
2026-07-11 01:33:29;   ulises el floreros;level 20 crypt
2026-07-11 01:33:30;   ulises el floreros;level 20 crypt
2026-07-11 01:33:31;   ganían wala;level 25 crypt
2026-07-11 01:33:31;   ganían wala;lvl 30-34 raid runic squad
2026-07-11 01:33:32;   ulises el floreros;level 20 epic crypt
2026-07-11 01:33:33;   astralsito;level 25 crypt
2026-07-11 01:33:34;   astralsito;level 25 crypt
2026-07-11 01:33:34;   astralsito;level 25 crypt
2026-07-11 01:33:35;   devildog;level 15 crypt
2026-07-11 01:33:36;   devildog;level 20 crypt
2026-07-11 01:33:36;   meginan;level 20 crypt
2026-07-11 01:33:37;   gririm;level 20 rare crypt
2026-07-11 01:33:38;   meginan;level 20 epic crypt
2026-07-11 01:33:39;   gririm;level 20 crypt
2026-07-11 01:33:39;   gririm;level 20 epic crypt
2026-07-11 01:33:40;   meginan;level 20 epic crypt
2026-07-11 01:33:41;   gririm;level 20 crypt
2026-07-11 01:33:42;   meginan;level 20 crypt
2026-07-11 01:33:42;   gririm;level 25 crypt
2026-07-11 01:33:43;   gririm;level 20 crypt
2026-07-11 01:33:44;   gririm;level 20 crypt
2026-07-11 01:33:45;   gririm;level 20 crypt
2026-07-11 01:33:45;   ulises el floreros;level 20 epic crypt
2026-07-11 01:33:46;   ulises el floreros;level 20 epic crypt
2026-07-11 01:33:47;   gririm;level 20 crypt
2026-07-11 01:33:47;   gririm;level 20 crypt
2026-07-11 01:33:48;   ulises el floreros;level 20 epic crypt
2026-07-11 01:33:49;   ulises el floreros;level 20 crypt
2026-07-11 01:33:50;   gririm;level 20 crypt
2026-07-11 01:33:50;   ulises el floreros;level 20 crypt
2026-07-11 01:33:51;   gririm;level 20 crypt
2026-07-11 01:33:52;   lagar;level 15 citadel
2026-07-11 01:33:53;   meginan;level 20 crypt
2026-07-11 01:33:53;   lagar;level 15 crypt
2026-07-11 01:33:54;   ulises el floreros;level 20 crypt
2026-07-11 01:33:55;   lagar;level 25 crypt
2026-07-11 01:33:56;   meginan;epic undead squad
2026-07-11 01:33:56;   francescaromana;level 15 crypt
2026-07-11 01:33:57;   francescaromana;level 15 crypt
2026-07-11 01:33:58;   milanooo;level 15 crypt
2026-07-11 01:33:58;   lagar;level 25 crypt
2026-07-11 01:33:59;   lagar;level 25 crypt
2026-07-11 01:34:00;   lagar;level 35 epic crypt
2026-07-11 01:34:01;   ganían wala;level 25 crypt
2026-07-11 01:34:01;   lorven;level 20 crypt
2026-07-11 01:34:02;   alex1os;level 15 crypt
2026-07-11 01:34:03;   alex1os;level 15 crypt
2026-07-11 01:34:04;   lorven;level 20 crypt
2026-07-11 01:34:04;   alex1os;level 5 crypt
2026-07-11 01:34:05;   alex1os;level 20 epic crypt
2026-07-11 01:34:06;   alex1os;level 25 crypt
2026-07-11 01:34:07;   lagar;level 30 epic crypt
2026-07-11 01:34:07;   alex1os;level 15 citadel
2026-07-11 01:34:08;   bialex;level 10 crypt
2026-07-11 01:34:09;   bialex;level 10 crypt
2026-07-11 01:34:09;   bialex;level 25 crypt
2026-07-11 01:34:10;   sisusk;level 20 crypt
2026-07-11 01:34:11;   burilen;level 25 crypt
2026-07-11 01:34:12;   sisusk;level 25 crypt
2026-07-11 01:34:12;   sisusk;level 25 crypt
2026-07-11 01:34:13;   sisusk;level 20 crypt
2026-07-11 01:34:14;   sisusk;level 25 rare crypt
2026-07-11 01:34:15;   sisusk;level 25 rare crypt
2026-07-11 01:34:15;     Jasmine;level 25 crypt
2026-07-11 01:34:16;   sisusk;level 25 rare crypt
2026-07-11 01:34:17;     Jasmine;level 25 crypt
2026-07-11 01:34:18;     Jasmine;level 25 crypt
2026-07-11 01:34:18;     Jasmine;level 25 crypt
2026-07-11 01:34:19;     Jasmine;level 25 crypt
2026-07-11 01:34:20;     Jasmine;level 25 crypt
2026-07-11 01:34:20;     Jasmine;level 25 crypt
2026-07-11 01:34:21;   davatoloco;level 25 rare crypt
2026-07-11 01:34:22;     Jasmine;level 25 crypt
2026-07-11 01:34:23;   davatoloco;level 25 rare crypt
2026-07-11 01:34:23;   davatoloco;level 25 rare crypt
2026-07-11 01:34:24;     Jasmine;level 25 crypt
2026-07-11 01:34:25;     Jasmine;level 25 crypt
2026-07-11 01:34:26;   davatoloco;level 25 rare crypt
2026-07-11 01:34:26;     Jasmine;level 25 crypt
2026-07-11 01:34:27;     Jasmine;level 25 rare crypt
2026-07-11 01:34:28;   davatoloco;level 25 rare crypt
2026-07-11 01:34:29;     Jasmine;level 25 rare crypt
2026-07-11 01:34:29;     Jasmine;level 25 rare crypt
2026-07-11 01:34:30;   davatoloco;level 25 rare crypt
2026-07-11 01:34:31;     Jasmine;level 25 epic crypt
2026-07-11 01:34:32;   davatoloco;level 25 epic crypt
2026-07-11 01:34:32;     Jasmine;level 30 rare crypt
2026-07-11 01:34:33;   ganían wala;level 25 crypt
2026-07-11 01:34:34;   davatoloco;level 20 epic crypt
2026-07-11 01:34:35;     Jasmine;level 25 rare crypt
2026-07-11 01:34:35;   ganían wala;level 25 crypt
2026-07-11 01:34:36;     Jasmine;level 25 epic crypt
2026-07-11 01:34:37;   davatoloco;level 25 epic crypt
2026-07-11 01:34:38;     Jasmine;level 25 epic crypt
2026-07-11 01:34:38;   davatoloco;level 25 rare crypt
2026-07-11 01:34:39;   ganían wala;level 25 crypt
2026-07-11 01:34:40;     Jasmine;level 25 epic crypt
2026-07-11 01:34:40;   lorven;level 20 crypt
2026-07-11 01:34:41;   ganían wala;level 25 crypt
2026-07-11 01:34:42;     Jasmine;level 25 citadel
2026-07-11 01:34:43;     Jasmine;level 25 citadel
2026-07-11 01:34:43;   maakosky;level 20 crypt
2026-07-11 01:34:44;     Jasmine;level 25 citadel
2026-07-11 01:34:45;   maakosky;level 20 crypt
2026-07-11 01:34:46;   maakosky;level 20 crypt
2026-07-11 01:34:46;   maakosky;level 20 crypt
2026-07-11 01:34:47;   maakosky;level 20 crypt
2026-07-11 01:34:48;   benxander;level 20 crypt
2026-07-11 01:34:49;   benxander;level 20 crypt
2026-07-11 01:34:49;   benxander;level 20 crypt
2026-07-11 01:34:50;   benxander;level 20 crypt
2026-07-11 01:34:51;   maakosky;level 20 crypt
2026-07-11 01:34:51;   benxander;level 20 crypt
2026-07-11 01:34:52;   marrar;level 25 crypt
2026-07-11 01:34:53;   marrar;level 25 crypt
2026-07-11 01:34:54;   benxander;level 20 crypt
2026-07-11 01:34:54;   marrar;level 25 crypt
2026-07-11 01:34:55;   marrar;level 25 crypt
2026-07-11 01:34:56;   marrar;level 25 crypt
2026-07-11 01:34:57;   benxander;level 20 crypt
2026-07-11 01:34:57;   marrar;level 25 crypt
2026-07-11 01:34:58;   marrar;level 25 crypt
2026-07-11 01:34:59;   marrar;level 25 crypt
2026-07-11 01:35:00;   marrar;level 25 crypt
2026-07-11 01:35:00;   marrar;level 25 crypt
2026-07-11 01:35:01;   daidal;level 20 epic crypt
2026-07-11 01:35:02;   daidal;level 25 crypt
2026-07-11 01:35:03;   daidal;level 25 crypt
2026-07-11 01:35:03;   benxander;level 20 crypt
2026-07-11 01:35:04;   daidal;level 25 crypt
2026-07-11 01:35:05;   benxander;level 20 crypt
2026-07-11 01:35:05;   benxander;level 20 crypt
2026-07-11 01:35:06;   benxander;level 20 crypt
2026-07-11 01:35:07;   benxander;level 20 crypt
2026-07-11 01:35:08;   benxander;level 20 crypt
2026-07-11 01:35:08;   daidal;level 25 crypt
2026-07-11 01:35:09;   benxander;level 20 crypt
2026-07-11 01:35:10;   benxander;level 20 crypt
2026-07-11 01:35:11;   benxander;level 20 crypt
2026-07-11 01:35:11;   daidal;level 25 crypt
2026-07-11 01:35:12;   benxander;level 20 epic crypt
2026-07-11 01:35:13;   benxander;level 20 epic crypt
2026-07-11 01:35:13;   daidal;level 25 crypt
2026-07-11 01:35:14;   daidal;level 25 epic crypt
2026-07-11 01:35:15;   sisusk;level 20 epic crypt
2026-07-11 01:35:16;   daidal;level 25 crypt
2026-07-11 01:35:16;   sisusk;level 20 epic crypt
2026-07-11 01:35:17;   daidal;level 25 crypt
2026-07-11 01:35:18;   sisusk;level 20 epic crypt
2026-07-11 01:35:19;   davatoloco;level 25 rare crypt
2026-07-11 01:35:19;   asturi;level 15 citadel
2026-07-11 01:35:20;   davatoloco;level 25 epic crypt
2026-07-11 01:35:21;   davatoloco;level 25 rare crypt
2026-07-11 01:35:22;   davatoloco;level 25 rare crypt
2026-07-11 01:35:22;   davatoloco;level 25 epic crypt
2026-07-11 01:35:23;   davatoloco;level 25 rare crypt
2026-07-11 01:35:24;   sisusk;lvl 30-34 raid runic squad
2026-07-11 01:35:24;   jhanau kong;level 15 crypt
2026-07-11 01:35:25;   davatoloco;level 25 epic crypt
2026-07-11 01:35:26;   davatoloco;level 25 epic crypt
2026-07-11 01:35:27;   asturi;level 20 citadel
2026-07-11 01:35:27;   sisusk;lvl 30-34 raid runic squad
2026-07-11 01:35:28;   asturi;level 20 citadel
2026-07-11 01:35:29;   luppii;level 15 crypt
2026-07-11 01:35:30;   luppii;level 15 citadel
2026-07-11 01:35:30;   jhanau kong;arena
2026-07-11 01:35:31;   sisu;level 20 crypt
2026-07-11 01:35:32;   jhanau kong;level 15 crypt
2026-07-11 01:35:33;   sisu;level 25 crypt
2026-07-11 01:35:33;   asturi;level 20 citadel
2026-07-11 01:35:34;   sisu;level 20 crypt
2026-07-11 01:35:35;   jhanau kong;level 15 crypt
2026-07-11 01:35:36;   sisu;level 20 crypt
2026-07-11 01:35:36;   sisu;level 20 crypt
2026-07-11 01:35:37;   jhanau kong;level 15 epic crypt
2026-07-11 01:35:38;   jhanau kong;level 15 epic crypt
2026-07-11 01:35:39;   sisu;level 25 rare crypt
2026-07-11 01:35:39;   jhanau kong;level 15 crypt
2026-07-11 01:35:40;   sisu;level 25 rare crypt
2026-07-11 01:35:41;   sisu;level 25 epic crypt
2026-07-11 01:35:41;   asturi;level 20 citadel
2026-07-11 01:35:42;   sisu;level 25 epic crypt
2026-07-11 01:35:43;   sisu;level 25 epic crypt
2026-07-11 01:35:44;   sisu;level 25 crypt
2026-07-11 01:35:44;   jhanau kong;lvl 35-39 raid runic squad
2026-07-11 01:35:45;   asturi;level 20 citadel
2026-07-11 01:35:46;   asturi;level 20 citadel
2026-07-11 01:35:47;   jhanau kong;lvl 30-34 raid runic squad
2026-07-11 01:35:47;   alma;level 15 crypt
2026-07-11 01:35:48;   alma;level 20 crypt
2026-07-11 01:35:49;   alma;level 15 crypt
2026-07-11 01:35:49;   alma;level 20 crypt
2026-07-11 01:35:50;   alma;level 15 crypt
2026-07-11 01:35:51;   alma;level 20 crypt
2026-07-11 01:35:52;   alma;level 20 crypt
2026-07-11 01:35:52;   alma;level 20 crypt
2026-07-11 01:35:53;   alma;level 15 crypt
2026-07-11 01:35:54;   berrygoblina;level 25 crypt
2026-07-11 01:35:55;   berrygoblina;level 25 crypt
2026-07-11 01:35:55;   berrygoblina;level 30 rare crypt
2026-07-11 01:35:56;   berrygoblina;level 25 crypt
2026-07-11 01:35:57;   the mighty lord;level 25 rare crypt
2026-07-11 01:35:58;   berrygoblina;level 20 crypt
2026-07-11 01:35:58;   the mighty lord;level 15 rare crypt
2026-07-11 01:35:59;   the mighty lord;level 30 rare crypt
2026-07-11 01:36:00;   dardaen;level 25 crypt
2026-07-11 01:36:01;   dardaen;level 20 crypt
2026-07-11 01:36:01;   the mighty lord;level 25 rare crypt
2026-07-11 01:36:02;   dardaen;level 20 crypt
2026-07-11 01:36:03;   dardaen;level 20 crypt
2026-07-11 01:36:04;   the mighty lord;level 25 rare crypt
2026-07-11 01:36:04;   dardaen;level 20 crypt
2026-07-11 01:36:05;   dardaen;level 20 crypt
2026-07-11 01:36:06;   dardaen;level 20 crypt
2026-07-11 01:36:06;   dardaen;level 20 crypt
2026-07-11 01:36:07;   soule1970;level 10 crypt
2026-07-11 01:36:08;   soule1970;level 5 crypt
2026-07-11 01:36:09;   ares;level 25 crypt
2026-07-11 01:36:09;   dardaen;level 20 crypt
2026-07-11 01:36:10;   soule1970;level 5 crypt
2026-07-11 01:36:11;   dardaen;level 20 crypt
2026-07-11 01:36:12;   ares;level 25 crypt
2026-07-11 01:36:12;   soule1970;level 5 crypt
2026-07-11 01:36:13;   ares;level 20 crypt
2026-07-11 01:36:14;   soule1970;level 10 crypt
2026-07-11 01:36:14;   ares;level 15 rare crypt
2026-07-11 01:36:15;   ares;level 25 crypt
2026-07-11 01:36:16;   ares;level 20 crypt
2026-07-11 01:36:17;   marod;level 10 crypt
2026-07-11 01:36:17;   soule1970;level 25 crypt
2026-07-11 01:36:18;   soule1970;level 10 crypt
2026-07-11 01:36:19;   ares;level 25 crypt
2026-07-11 01:36:20;   marod;level 10 crypt
2026-07-11 01:36:20;   ares;level 20 rare crypt
2026-07-11 01:36:21;   soule1970;level 15 crypt
2026-07-11 01:36:22;   soule1970;level 10 crypt
2026-07-11 01:36:23;   ares;level 25 crypt
2026-07-11 01:36:23;   soule1970;level 5 crypt
2026-07-11 01:36:24;   marod;level 10 crypt
2026-07-11 01:36:25;   marod;level 15 crypt
2026-07-11 01:36:25;   ares;level 20 crypt
2026-07-11 01:36:26;   marod;level 10 crypt
2026-07-11 01:36:27;   marod;level 10 crypt
2026-07-11 01:36:28;   marod;level 10 crypt
2026-07-11 01:36:28;   marod;level 10 crypt
2026-07-11 01:36:29;   marod;level 10 crypt
2026-07-11 01:36:30;   marod;level 15 crypt
2026-07-11 01:36:31;   marod;level 10 crypt
2026-07-11 01:36:31;   astralsito;level 15 crypt
2026-07-11 01:36:32;   devildog;level 15 crypt
2026-07-11 01:36:33;   astralsito;level 15 crypt
2026-07-11 01:36:33;   astralsito;level 15 crypt
2026-07-11 01:36:34;   malvina;level 20 crypt
2026-07-11 01:36:35;   lan;level 25 crypt
2026-07-11 01:36:36;   astralsito;level 15 crypt
2026-07-11 01:36:36;   malvina;level 20 crypt
2026-07-11 01:36:37;   astralsito;level 15 crypt
2026-07-11 01:36:38;   devildog;level 15 crypt
2026-07-11 01:36:39;   astralsito;level 15 crypt
2026-07-11 01:36:39;   malvina;level 20 crypt
2026-07-11 01:36:40;   devildog;level 15 epic crypt
2026-07-11 01:36:41;   astralsito;level 15 crypt
2026-07-11 01:36:41;   astralsito;level 20 crypt
2026-07-11 01:36:42;   astralsito;level 15 crypt
2026-07-11 01:36:43;   astralsito;level 15 crypt
2026-07-11 01:36:44;   malvina;level 20 crypt
2026-07-11 01:36:44;   marod;lvl 25-29 raid runic squad
2026-07-11 01:36:45;   marod;level 10 crypt
2026-07-11 01:36:46;   kari;level 25 crypt
2026-07-11 01:36:47;   kari;level 25 crypt
2026-07-11 01:36:47;   kari;level 20 crypt
2026-07-11 01:36:48;   kishura;level 20 crypt
2026-07-11 01:36:49;   kishura;level 20 crypt
2026-07-11 01:36:50;   kishura;level 20 crypt
2026-07-11 01:36:50;   kishura;level 20 crypt
2026-07-11 01:36:51;   kishura;level 20 crypt
2026-07-11 01:36:52;   kishura;level 20 crypt
2026-07-11 01:36:52;   kishura;level 20 crypt
2026-07-11 01:36:53;   kishura;level 20 crypt
2026-07-11 01:36:54;   kishura;level 20 crypt
2026-07-11 01:36:55;   kishura;level 20 crypt
2026-07-11 01:36:56;   kishura;level 20 rare crypt
2026-07-11 01:36:57;   kishura;level 20 epic crypt
2026-07-11 01:36:57;   kishura;level 20 epic crypt
2026-07-11 01:36:58;   rafail;level 20 crypt
2026-07-11 01:36:59;   rafail;level 15 epic crypt
2026-07-11 01:36:59;"   yime ""y";level 25 crypt
2026-07-11 01:37:00;"   yime ""y";level 20 crypt
2026-07-11 01:37:01;"   yime ""y";level 15 crypt
2026-07-11 01:37:02;"   yime ""y";level 25 crypt
2026-07-11 01:37:02;"   yime ""y";level 25 crypt
2026-07-11 01:37:03;"   yime ""y";level 25 crypt
2026-07-11 01:37:04;"   yime ""y";level 20 crypt
2026-07-11 01:37:05;"   yime ""y";level 25 crypt
2026-07-11 01:37:05;"   yime ""y";level 25 crypt
2026-07-11 01:37:06;"   yime ""y";level 20 crypt
2026-07-11 01:37:07;"   yime ""y";level 20 crypt
2026-07-11 01:37:08;"   yime ""y";level 25 crypt
2026-07-11 01:37:08;"   yime ""y";level 25 crypt
2026-07-11 01:37:09;"   yime ""y";level 25 crypt
2026-07-11 01:37:10;"   yime ""y";level 25 epic crypt
2026-07-11 01:37:10;"   yime ""y";level 25 rare crypt
2026-07-11 01:37:11;"   yime ""y";level 25 rare crypt
2026-07-11 01:37:12;"   yime ""y";level 25 rare crypt
2026-07-11 01:37:13;"   yime ""y";level 25 rare crypt
2026-07-11 01:37:13;"   yime ""y";level 30 rare crypt
2026-07-11 01:37:14;   astralsito;level 25 crypt
2026-07-11 01:37:15;   astralsito;level 25 crypt
2026-07-11 01:37:16;   astralsito;level 25 crypt
2026-07-11 01:37:16;   astralsito;level 25 rare crypt
2026-07-11 01:37:17;   astralsito;level 25 rare crypt
2026-07-11 01:37:18;   astralsito;level 30 epic crypt
2026-07-11 01:37:18;   astralsito;level 30 rare crypt
2026-07-11 01:37:19;   astralsito;level 30 rare crypt
2026-07-11 01:37:20;   mon amour;level 30 epic crypt
2026-07-11 01:37:21;   marg;epic undead squad
2026-07-11 13:56:14;m: eygenaní;bank
2026-07-11 13:56:15;m: eygenani;bank
2026-07-11 13:56:16;m: eygenani;bank
2026-07-11 13:56:16;m: eygenani;bank
2026-07-11 13:56:17;m: eygenaní;bank
2026-07-11 13:56:18;m: eygenaní;bank
2026-07-11 13:56:19;m: eygenaní;bank
2026-07-11 13:56:19;m: eygenaní;bank
2026-07-11 13:56:20;m: eygenaní;bank
2026-07-11 13:56:22;m: saberflame;level 25 rare crypt
2026-07-11 13:56:23;m: saberflame;level 25 crypt
2026-07-11 13:56:24;m: saberflame;level 25 crypt
2026-07-11 13:56:25;m: nikita;level 20 crypt
2026-07-11 13:56:25;m: saberflame;level 25 crypt
2026-07-11 13:56:26;m: carp;level 25 epic crypt
2026-07-11 13:56:27;m: nikita;level 20 crypt
2026-07-11 13:56:27;m: carp;level 20 epic crypt
2026-07-11 13:56:28;m: berrygoblina;level 20 rare crypt
2026-07-11 13:56:29;m: berrygoblina;level 20 crypt
2026-07-11 13:56:30;m: berrygoblina;lvl 25-29 raid runic squad
2026-07-11 13:56:30;m: shahzeb khanzada;level 20 crypt
2026-07-11 13:56:31;m: directhor;level 25 crypt
2026-07-11 13:56:32;m: directhor;level 25 crypt
2026-07-11 13:56:33;m: directhor;level 25 crypt
2026-07-11 13:56:33;m: directhor;level 25 citadel
2026-07-11 13:56:34;m: boy name;clan wealth
2026-07-11 13:56:35;m: boy name;clan wealth
2026-07-11 13:56:36;m: boy name;clan wealth
2026-07-11 13:56:36;m: boy name;clan wealth
2026-07-11 13:56:37;m: rafail;level 20 crypt
2026-07-11 13:56:38;m: rafail;level 20 crypt
2026-07-11 13:56:38;m: rafail;level 20 crypt
2026-07-11 13:56:39;m: rafail;level 20 crypt
2026-07-11 13:56:40;m: rafail;level 20 crypt
2026-07-11 13:56:41;m: rafail;level 20 crypt
2026-07-11 13:56:41;m: biin;level 15 crypt
2026-07-11 13:56:42;m: rafail;level 20 crypt
2026-07-11 13:56:43;m: rafail;level 20 crypt
2026-07-11 13:56:43;m: rafail;level 20 crypt
2026-07-11 13:56:44;m: biin;level 20 crypt
2026-07-11 13:56:45;m: rafail;level 20 crypt
2026-07-11 13:56:46;m: biin;level 15 crypt
2026-07-11 13:56:46;m: biin;level 15 crypt
2026-07-11 13:56:47;m: biin;level 15 crypt
2026-07-11 13:56:48;m: biin;level 20 crypt
2026-07-11 13:56:49;m: biin;level 25 crypt
2026-07-11 13:56:49;m: biin;level 25 crypt
2026-07-11 13:56:50;m: boy name;level 10 rare crypt
2026-07-11 13:56:51;m: boy name;level 15 rare crypt
2026-07-11 13:56:52;m: biin;level 25 crypt
2026-07-11 13:56:52;m: boy name;level 25 crypt
2026-07-11 13:56:53;m: boy name;level 15 crypt
2026-07-11 13:56:54;m: ahmedspider;level 10 crypt
2026-07-11 13:56:54;m: ahmedspider;level 10 crypt
2026-07-11 13:56:55;m: zero;level 25 crypt
2026-07-11 13:56:56;m: biin;level 25 crypt
2026-07-11 13:56:57;m: the lion;level 10 crypt
2026-07-11 13:56:57;m: zero;level 25 crypt
2026-07-11 13:56:58;m: zero;level 25 crypt
2026-07-11 13:56:59;m: zero;level 25 crypt
2026-07-11 13:57:00;m: zero;level 25 crypt
2026-07-11 13:57:00;m: zero;level 25 crypt
2026-07-11 13:57:01;m: zero;level 25 crypt
2026-07-11 13:57:02;m: zero;level 25 crypt
2026-07-11 13:57:02;m: zero;level 25 crypt
2026-07-11 13:57:03;m: the lion;level 20 crypt
2026-07-11 13:57:04;m: zero;level 25 crypt
2026-07-11 13:57:05;m: zero;level 25 epic crypt
2026-07-11 13:57:05;m: zero;level 25 epic crypt
2026-07-11 13:57:06;m: the lion;level 20 crypt
2026-07-11 13:57:07;m: the lion;level 20 crypt
2026-07-11 13:57:08;m: ahmedspider;level 25 crypt
2026-07-11 13:57:08;m: ahmedspider;level 20 epic crypt
2026-07-11 13:57:09;m: the lion;level 20 rare crypt
2026-07-11 13:57:10;m: ahmedspider;level 20 crypt
2026-07-11 13:57:11;m: the lion;level 20 crypt
2026-07-11 13:57:11;m: the lion;level 20 citadel
2026-07-11 13:57:12;m: the lion;level 20 citadel
2026-07-11 13:57:13;m: the lion;level 20 crypt
2026-07-11 13:57:13;m: the lion;level 20 crypt
2026-07-11 13:57:14;m: the lion;level 20 crypt
2026-07-11 13:57:15;m: the lion;level 20 crypt
2026-07-11 13:57:16;m: lordriel;level 25 crypt
2026-07-11 13:57:16;m: lordriel;level 25 crypt
2026-07-11 13:57:17;m: lordriel;level 25 crypt
2026-07-11 13:57:18;m: dagelv;level 25 crypt
2026-07-11 13:57:19;m: dagelv;level 25 crypt
2026-07-11 13:57:19;m: dagelv;level 25 crypt
2026-07-11 13:57:20;m: rufean 11;level 10 crypt
2026-07-11 13:57:21;m: maakosky;level 20 crypt
2026-07-11 13:57:21;m: maakosky;level 20 crypt
2026-07-11 13:57:22;m: jodotodo;level 25 crypt
2026-07-11 13:57:23;m: maakosky;level 20 crypt
2026-07-11 13:57:24;m: jodotodo;level 25 crypt
2026-07-11 13:57:24;m: jodotodo;level 20 epic crypt
2026-07-11 13:57:25;m: jodotodo;level 20 epic crypt
2026-07-11 13:57:26;m: maakosky;level 20 crypt
2026-07-11 13:57:27;m: maakosky;level 20 crypt
2026-07-11 13:57:27;m: maakosky;level 20 rare crypt
2026-07-11 13:57:28;m: asturi;level 15 citadel
2026-07-11 13:57:29;m: maakosky;level 20 rare crypt
2026-07-11 13:57:29;m: maakosky;level 20 rare crypt
2026-07-11 13:57:30;m: asturi;level 20 citadel
2026-07-11 13:57:31;m: asturi;level 20 citadel
2026-07-11 13:57:32;m: asturi;level 20 citadel
2026-07-11 13:57:32;m: maakosky;level 20 rare crypt
2026-07-11 13:57:33;m: asturi;level 20 citadel
2026-07-11 13:57:34;m: asturi;level 15 citadel
2026-07-11 13:57:35;m: asturi;level 20 citadel
2026-07-11 13:57:35;m: mathilda;level 15 crypt
2026-07-11 13:57:36;m: mathilda;level 15 crypt
2026-07-11 13:57:37;m: mathilda;level 15 crypt
2026-07-11 13:57:38;m: asturi;level 20 citadel
2026-07-11 13:57:38;m: mathilda;level 20 crypt
2026-07-11 13:57:39;m: mathilda;level 20 crypt
2026-07-11 13:57:40;m: murod;level 15 epic crypt
2026-07-11 13:57:41;m: malorius;level 25 rare crypt
2026-07-11 13:57:41;m: malorius;level 25 rare crypt
2026-07-11 13:57:42;m: malorius;level 25 rare crypt
2026-07-11 13:57:43;m: malorius;level 25 rare crypt
2026-07-11 13:57:43;m: malorius;level 25 rare crypt
2026-07-11 13:57:44;m: malorius;level 25 rare crypt
2026-07-11 13:57:45;m: malorius;level 25 rare crypt
2026-07-11 13:57:46;m: malorius;level 25 rare crypt
2026-07-11 13:57:46;m: malorius;level 25 rare crypt
2026-07-11 13:57:47;m: malorius;level 25 rare crypt
2026-07-11 13:57:48;m: malorius;level 20 epic crypt
2026-07-11 13:57:49;m: malorius;level 20 epic crypt
2026-07-11 13:57:49;m: malorius;level 20 crypt
2026-07-11 13:57:50;m: malorius;level 25 crypt
2026-07-11 13:57:51;m: rafail;level 20 crypt
2026-07-11 13:57:52;m: murod;level 15 crypt
2026-07-11 13:57:52;m: rafail;level 20 crypt
2026-07-11 13:57:53;m: rafail;level 15 crypt
2026-07-11 13:57:54;m: rafail;level 15 crypt
2026-07-11 13:57:54;m: rafail;level 20 crypt
2026-07-11 13:57:55;m: rafail;level 15 crypt
2026-07-11 13:57:56;m: spartacus;level 25 epic crypt
2026-07-11 13:57:57;m: spartacus;level 25 crypt
2026-07-11 13:57:57;m: spartacus;level 10 crypt
2026-07-11 13:57:58;m: spartacus;level 25 crypt
2026-07-11 13:57:59;m: spartacus;level 25 crypt
2026-07-11 13:58:00;m: rafail;level 20 crypt
2026-07-11 13:58:00;m: spartacus;level 25 rare crypt
2026-07-11 13:58:01;m: lan;level 25 crypt
2026-07-11 13:58:02;m: rafail;level 15 epic crypt
2026-07-11 13:58:02;m: lan;level 25 crypt
2026-07-11 13:58:03;m: spartacus;level 10 crypt
2026-07-11 13:58:04;m: spartacus;level 5 crypt
2026-07-11 13:58:05;m: rafail;level 20 epic crypt
2026-07-11 13:58:05;m: lan;level 25 epic crypt
2026-07-11 13:58:06;m: lan;level 25 epic crypt
2026-07-11 13:58:07;m: biin;level 5 crypt
2026-07-11 13:58:08;m: shahzeb khanzada;level 15 crypt
2026-07-11 13:58:08;m: biin;level 25 crypt
2026-07-11 13:58:09;m: lan;level 25 rare crypt
2026-07-11 13:58:10;m: lan;level 25 rare crypt
2026-07-11 13:58:11;m: lan;level 25 rare crypt
2026-07-11 13:58:11;m: sath;level 25 crypt
2026-07-11 13:58:12;m: lan;level 25 epic crypt
2026-07-11 13:58:13;m: sath;level 15 crypt
2026-07-11 13:58:14;m: lan;level 25 crypt
2026-07-11 13:58:14;m: nimona;level 20 crypt
2026-07-11 13:58:15;m: nimona;level 20 crypt
2026-07-11 13:58:16;m: nimona;level 20 crypt
2026-07-11 13:58:16;m: nimona;level 20 citadel
2026-07-11 13:58:17;m: davatoloco;union of triumph personal reward
2026-07-11 13:58:18;m: davatoloco;union of triumph personal reward
2026-07-11 13:58:19;m: davatoloco;union of triumph personal reward
2026-07-11 13:58:19;m: lan;union of triumph personal reward
2026-07-11 13:58:20;m: lan;union of triumph personal reward
2026-07-11 13:58:21;m: lan;union of triumph personal reward
2026-07-11 13:58:22;m: nikita;level 20 crypt
2026-07-11 13:58:22;m: benxander;clan wealth
2026-07-11 13:58:23;m: benxander;clan wealth
2026-07-11 13:58:24;m: benxander;clan wealth
2026-07-11 13:58:25;m: benxander;clan wealth
2026-07-11 13:58:25;m: nemean;level 20 crypt
2026-07-11 13:58:26;m: nemean;level 20 crypt
2026-07-11 13:58:27;m: nemean;level 20 crypt
2026-07-11 13:58:28;m: nikita;level 20 crypt
2026-07-11 13:58:29;m: nikita;level 20 crypt
2026-07-11 13:58:29;m: nikita;level 20 crypt
2026-07-11 13:58:30;m: biin;union of triumph personal reward
2026-07-11 13:58:31;m: biin;union of triumph personal reward
2026-07-11 13:58:32;m: biin;union of triumph personal reward
2026-07-11 13:58:32;m: nikita;level 20 crypt
2026-07-11 13:58:33;m: nikita;level 20 crypt
2026-07-11 13:58:34;m: eygenaní;union of triumph personal reward
2026-07-11 13:58:35;m: eygenaní;union of triumph personal reward
2026-07-11 13:58:35;m: eygenaní;union of triumph personal reward
2026-07-11 13:58:36;m: biin;level 25 crypt
2026-07-11 13:58:37;m: nikita;level 15 crypt
2026-07-11 13:58:38;m: rafail;level 20 crypt
2026-07-11 13:58:38;m: nikita;level 15 crypt
2026-07-11 13:58:39;m: asteria;union of triumph personal reward
2026-07-11 13:58:40;m: asteria;union of triumph personal reward
2026-07-11 13:58:40;m: asteria;union of triumph personal reward
2026-07-11 13:58:41;m: rafail;level 20 crypt
2026-07-11 13:58:42;m: rafail;level 20 crypt
2026-07-11 13:58:43;m: nikita;level 15 crypt
2026-07-11 13:58:43;m: rafail;level 20 crypt
2026-07-11 13:58:44;m: nikita;level 15 crypt
2026-07-11 13:58:45;m: nikita;level 15 crypt
2026-07-11 13:58:46;m: eygenaní;level 25 crypt
2026-07-11 13:58:46;m: adorazius;union of triumph personal reward
2026-07-11 13:58:47;m: adorazius;union of triumph personal reward
2026-07-11 13:58:48;m: adorazius;union of triumph personal reward
2026-07-11 13:58:49;m: nikita;level 20 epic crypt
2026-07-11 13:58:49;m: eygenaní;level 30 epic crypt
2026-07-11 13:58:50;m: nikita;level 20 epic crypt
2026-07-11 13:58:51;m: eygenaní;level 15 epic crypt
2026-07-11 13:58:51;m: nikita;level 20 epic crypt
2026-07-11 13:58:52;m: eygenaní;level 25 crypt
2026-07-11 13:58:53;m: nikita;level 20 epic crypt
2026-07-11 13:58:54;m: eygenaní;level 25 crypt
2026-07-11 13:58:54;m: nikita;level 20 epic crypt
2026-07-11 13:58:55;m: biin;level 25 crypt
2026-07-11 13:58:56;m: nikita;level 20 epic crypt
2026-07-11 13:58:57;m: nikita;union of triumph personal reward
2026-07-11 13:58:57;m: nikita;union of triumph personal reward
2026-07-11 13:58:58;m: nikita;union of triumph personal reward
2026-07-11 13:58:59;m: durga;union of triumph personal reward
2026-07-11 13:59:00;m: durga;union of triumph personal reward
2026-07-11 13:59:00;m: durga;union of triumph personal reward
2026-07-11 13:59:01;m: eygenaní;level 25 crypt
2026-07-11 13:59:02;m: nikita;level 20 epic crypt
2026-07-11 13:59:03;m: nikita;level 20 epic crypt
2026-07-11 13:59:03;m: turbiybiczu;level 20 crypt
2026-07-11 13:59:04;m: nikita;level 20 epic crypt
2026-07-11 13:59:05;m: turbiybiczu;level 10 crypt
2026-07-11 13:59:05;m: biin;level 25 crypt
2026-07-11 13:59:06;m: nikita;level 20 epic crypt
2026-07-11 13:59:07;m: nikita;level 20 epic crypt
2026-07-11 13:59:08;m: rufean 11;union of triumph personal reward
2026-07-11 13:59:08;m: rufean 11;union of triumph personal reward
2026-07-11 13:59:09;m: rufean 11;union of triumph personal reward
2026-07-11 13:59:10;m: nikita;level 20 epic crypt
2026-07-11 13:59:11;m: marrar;union of triumph personal reward
2026-07-11 13:59:11;m: marrar;union of triumph personal reward
2026-07-11 13:59:12;m: marrar;union of triumph personal reward
2026-07-11 13:59:13;m: nikita;level 20 epic crypt
2026-07-11 13:59:14;m: eygenaní;lvl 35-39 raid runic squad
2026-07-11 13:59:14;m: turbiybiczu;level 20 crypt
2026-07-11 13:59:15;m: lan;lvl 30-34 raid runic squad
2026-07-11 13:59:16;m: turbiybiczu;level 20 crypt
2026-07-11 13:59:17;m: nikita;level 20 epic crypt
2026-07-11 13:59:17;m: nikita;level 20 epic crypt
2026-07-11 13:59:18;m: turbiybiczu;lvl 30-34 raid runic squad
2026-07-11 13:59:19;m: ulises el floreros;union of triumph personal reward
2026-07-11 13:59:20;m: ulises el floreros;union of triumph personal reward
2026-07-11 13:59:20;m: ulises el floreros;union of triumph personal reward
2026-07-11 13:59:21;m: asteria;level 30 rare crypt
2026-07-11 13:59:22;m: asteria;level 25 epic crypt
2026-07-11 13:59:22;m: nikita;level 20 epic crypt
2026-07-11 13:59:23;m: asteria;level 20 epic crypt
2026-07-11 13:59:24;m: asteria;level 25 crypt
2026-07-11 13:59:25;m: nikita;level 20 epic crypt
2026-07-11 13:59:25;m: nikita;level 20 epic crypt
2026-07-11 13:59:26;m: biin;level 25 crypt
2026-07-11 13:59:27;m: biin;level 25 crypt
2026-07-11 13:59:28;m: biin;level 25 crypt
2026-07-11 13:59:28;m: mauro;union of triumph personal reward
2026-07-11 13:59:29;m: mauro;union of triumph personal reward
2026-07-11 13:59:30;m: mauro;union of triumph personal reward
2026-07-11 13:59:31;m: devildog;union of triumph personal reward
2026-07-11 13:59:31;m: devildog;union of triumph personal reward
2026-07-11 13:59:32;m: devildog;union of triumph personal reward
2026-07-11 13:59:33;m: devildog;level 15 crypt
2026-07-11 13:59:33;m: devildog;level 15 crypt
2026-07-11 13:59:34;m: devildog;level 20 crypt
2026-07-11 13:59:35;m: kezuru es;epic undead squad
2026-07-11 13:59:36;m: kishura;union of triumph personal reward
2026-07-11 13:59:36;m: kishura;union of triumph personal reward
2026-07-11 13:59:37;m: kishura;union of triumph personal reward
2026-07-11 13:59:38;m: milanooo;union of triumph personal reward
2026-07-11 13:59:39;m: milanooo;union of triumph personal reward
2026-07-11 13:59:39;m: milanooo;union of triumph personal reward
2026-07-11 13:59:40;m: marod;level 20 epic crypt
2026-07-11 13:59:41;m: marod;level 10 crypt
2026-07-11 13:59:42;m: marod;level 15 crypt
2026-07-11 13:59:42;m: marod;level 10 crypt
2026-07-11 13:59:43;m: marod;level 15 crypt
2026-07-11 13:59:44;m: the mighty lord;level 25 rare crypt
2026-07-11 13:59:44;m: milanooo;level 20 crypt
2026-07-11 13:59:45;m: milanooo;level 25 crypt
2026-07-11 13:59:46;m: milanooo;level 25 crypt
2026-07-11 13:59:47;m: biin;level 15 crypt
2026-07-11 13:59:47;m: milanooo;level 20 crypt
2026-07-11 13:59:48;m: milanooo;level 15 epic crypt
2026-07-11 13:59:49;m: milanooo;level 30 epic crypt
2026-07-11 13:59:50;m: biin;level 10 crypt
2026-07-11 13:59:50;m: biin;level 25 crypt
2026-07-11 13:59:51;m: cheska;level 20 epic crypt
2026-07-11 13:59:52;m: eygenaní;lvl 30-34 raid runic squad
2026-07-11 13:59:52;m: kishura;lvl 35-39 raid runic squad
2026-07-11 13:59:53;m: durga;lvl 30-34 raid runic squad
2026-07-11 13:59:54;m: milanooo;lvl 30-34 raid runic squad
2026-07-11 13:59:55;m: milanooo;lvl 30-34 raid runic squad
2026-07-11 13:59:55;m: milanooo;lvl 30-34 raid runic squad
2026-07-11 13:59:56;m: durga;level 20 epic crypt
2026-07-11 13:59:57;m: durga;level 25 epic crypt
2026-07-11 13:59:58;m: milanooo;lvl 30-34 raid runic squad
2026-07-11 13:59:58;m: durga;level 25 rare crypt
2026-07-11 13:59:59;m: durga;level 25 crypt
2026-07-11 14:00:00;m: erreape;union of triumph personal reward
2026-07-11 14:00:01;m: erreape;union of triumph personal reward
2026-07-11 14:00:01;m: erreape;union of triumph personal reward
2026-07-11 14:00:02;m: rufean 11;epic undead squad
2026-07-11 14:00:03;m: malvina;level 15 rare crypt
2026-07-11 14:00:04;m: durga;level 25 crypt
2026-07-11 14:00:04;m: durga;level 25 crypt
2026-07-11 14:00:05;m: cheska;level 10 citadel
2026-07-11 14:00:06;m: burilen;level 15 crypt
2026-07-11 14:00:07;m: cheska;level 20 crypt
2026-07-11 14:00:07;m: sath;lvl 30-34 raid runic squad
2026-07-11 14:00:08;m: cheska;level 20 crypt
2026-07-11 14:00:09;m: dardaen;union of triumph personal reward
2026-07-11 14:00:10;m: dardaen;union of triumph personal reward
2026-07-11 14:00:10;m: dardaen;union of triumph personal reward
2026-07-11 14:00:11;m: cheska;level 20 crypt
2026-07-11 14:00:12;m: turbiybiczu;level 15 crypt
2026-07-11 14:00:13;m: cheska;level 20 crypt
2026-07-11 14:00:13;m: durga;level 25 epic crypt
2026-07-11 14:00:14;m: jodotodo;level 25 crypt
2026-07-11 14:00:15;m: jodotodo;level 20 epic crypt
2026-07-11 14:00:16;m: sath;level 25 crypt
2026-07-11 14:00:16;m: jodotodo;level 20 epic crypt
2026-07-11 14:00:17;m: turbiybiczu;lvl 30-34 raid runic squad
2026-07-11 14:00:18;m: jodotodo;level 25 crypt
2026-07-11 14:00:19;m: jodotodo;level 25 crypt
2026-07-11 14:00:19;m: durga;level 25 epic crypt
2026-07-11 14:00:20;m: jodotodo;level 20 crypt
2026-07-11 14:00:21;m: jodotodo;level 20 crypt
2026-07-11 14:00:22;m: sath;lvl 25-29 raid runic squad
2026-07-11 14:00:22;m: turbiybiczu;lvl 30-34 raid runic squad
2026-07-11 14:00:23;m: jhanau kong;union of triumph personal reward
2026-07-11 14:00:24;m: jhanau kong;union of triumph personal reward
2026-07-11 14:00:25;m: jhanau kong;union of triumph personal reward
2026-07-11 14:00:25;m: daidal;union of triumph personal reward
2026-07-11 14:00:26;m: daidal;union of triumph personal reward
2026-07-11 14:00:27;m: daidal;union of triumph personal reward
2026-07-11 14:00:27;m: erreape;lvl 35-39 raid runic squad
2026-07-11 14:00:28;m: turbiybiczu;lvl 30-34 raid runic squad
2026-07-11 14:00:29;m: eygenaní;epic undead squad
2026-07-11 14:00:30;m: erreape;level 25 crypt
2026-07-11 14:00:30;m: erreape;level 25 crypt
2026-07-11 14:00:31;m: erreape;level 25 crypt
2026-07-11 14:00:32;m: turbiybiczu;lvl 30-34 raid runic squad
2026-07-11 14:00:33;m: erreape;level 20 epic crypt
2026-07-11 14:00:33;m: erreape;level 20 crypt
2026-07-11 14:00:34;m: erreape;level 20 crypt
2026-07-11 14:00:35;m: erreape;level 25 crypt
2026-07-11 14:00:36;m: erreape;lvl 35-39 raid runic squad
2026-07-11 14:00:36;m: erreape;level 25 crypt
2026-07-11 14:00:37;m: rafail;level 15 epic crypt
2026-07-11 14:00:38;m: saberflame;union of triumph personal reward
2026-07-11 14:00:39;m: saberflame;union of triumph personal reward
2026-07-11 14:00:39;m: saberflame;union of triumph personal reward
2026-07-11 14:00:40;m: biin;level 15 crypt
2026-07-11 14:00:41;m: biin;level 10 crypt
2026-07-11 14:00:41;m: biin;level 20 crypt
2026-07-11 14:00:42;m: biin;level 10 crypt
2026-07-11 14:00:43;m: biin;level 10 crypt
2026-07-11 14:00:44;m: astralsito;level 30 rare crypt
2026-07-11 14:00:44;m: rufean;level 5 crypt
2026-07-11 14:00:45;m: biin;level 10 crypt
2026-07-11 14:00:46;m: directhor;union of triumph personal reward
2026-07-11 14:00:47;m: directhor;union of triumph personal reward
2026-07-11 14:00:47;m: directhor;union of triumph personal reward
2026-07-11 14:00:48;m: directhor;level 25 epic crypt
2026-07-11 14:00:49;m: francescaromana;level 15 crypt
2026-07-12 00:54:56;m: adorazius;bank
2026-07-12 00:54:57;m: adorazius;bank
2026-07-12 00:54:58;m: devildog;bank
2026-07-12 00:54:59;m: devildog;bank
2026-07-12 00:54:59;m: devildog;bank
2026-07-12 00:55:01;m: colis;level 15 crypt
2026-07-12 00:55:02;m: biin;level 25 crypt
2026-07-12 00:55:04;m: colis;level 15 crypt
2026-07-12 00:55:05;m: colis;level 15 crypt
2026-07-12 00:55:06;m: colis;level 15 crypt
2026-07-12 00:55:07;m: meginan;level 20 crypt
2026-07-12 00:55:08;m: colis;level 15 crypt
2026-07-12 00:55:08;m: durdy 7777;level 15 crypt
2026-07-12 00:55:09;m: meginan;level 20 crypt
2026-07-12 00:55:12;m: durdy 7777;level 15 crypt
2026-07-12 00:55:12;m: colis;level 15 crypt
2026-07-12 00:55:13;m: malorius;union of triumph personal reward
2026-07-12 00:55:14;m: malorius;union of triumph personal reward
2026-07-12 00:55:14;m: malorius;union of triumph personal reward
2026-07-12 00:55:15;m: durdy 7777;level 20 epic crypt
2026-07-12 00:55:16;m: biin;level 25 crypt
2026-07-12 00:55:17;m: durdy 7777;level 20 crypt
2026-07-12 00:55:17;m: meginan;level 20 crypt
2026-07-12 00:55:18;m: durdy 7777;level 20 crypt
2026-07-12 00:55:19;m: meginan;level 20 rare crypt
2026-07-12 00:55:20;m: biin;level 25 crypt
2026-07-12 00:55:20;m: colis;level 15 crypt
2026-07-12 00:55:21;m: colis;level 15 crypt
2026-07-12 00:55:22;m: ulises el floreros;level 20 crypt
2026-07-12 00:55:22;m: colis;level 15 crypt
2026-07-12 00:55:23;m: ulises el floreros;level 20 epic crypt
2026-07-12 00:55:24;m: colis;level 15 crypt
2026-07-12 00:55:25;m: carp;level 10 crypt
2026-07-12 00:55:25;m: carp;level 5 crypt
2026-07-12 00:55:26;m: carp;level 5 crypt
2026-07-12 00:55:27;m: maakosky;union of triumph personal reward
2026-07-12 00:55:27;m: maakosky;union of triumph personal reward
2026-07-12 00:55:28;m: maakosky;union of triumph personal reward
2026-07-12 00:55:29;m: carp;level 25 crypt
2026-07-12 00:55:30;m: ulises el floreros;level 20 crypt
2026-07-12 00:55:30;m: ulises el floreros;level 20 crypt
2026-07-12 00:55:31;m: carp;level 25 crypt
2026-07-12 00:55:32;m: ulises el floreros;level 20 crypt
2026-07-12 00:55:33;m: ulises el floreros;level 20 crypt
2026-07-12 00:55:33;m: ulises el floreros;level 20 crypt
2026-07-12 00:55:34;m: carp;level 25 crypt
2026-07-12 00:55:35;m: ulises el floreros;level 20 crypt
2026-07-12 00:55:35;m: ulises el floreros;level 20 crypt
2026-07-12 00:55:36;m: ulises el floreros;level 20 crypt
2026-07-12 00:55:37;m: alma;level 20 crypt
2026-07-12 00:55:38;m: carp;level 20 crypt
2026-07-12 00:55:38;m: alma;level 15 crypt
2026-07-12 00:55:39;m: ulises el floreros;level 20 crypt
2026-07-12 00:55:40;m: ulises el floreros;level 20 crypt
2026-07-12 00:55:41;m: ulises el floreros;level 20 crypt
2026-07-12 00:55:41;m: alma;level 20 crypt
2026-07-12 00:55:42;m: asturi;level 20 crypt
2026-07-12 00:55:43;m: alma;level 15 crypt
2026-07-12 00:55:43;m: alma;level 15 crypt
2026-07-12 00:55:44;m: asturi;level 20 crypt
2026-07-12 00:55:45;m: alma;level 15 crypt
2026-07-12 00:55:46;m: alma;level 15 crypt
2026-07-12 00:55:46;m: devildog;arena
2026-07-12 00:55:47;m: alma;level 15 crypt
2026-07-12 00:55:48;m: devildog;level 15 crypt
2026-07-12 00:55:48;m: alma;level 20 crypt
2026-07-12 00:55:49;m: alma;level 20 crypt
2026-07-12 00:55:50;m: asturi;level 20 crypt
2026-07-12 00:55:51;m: alma;level 15 crypt
2026-07-12 00:55:51;m: rafail;level 20 crypt
2026-07-12 00:55:52;m: zololar;level 5 crypt
2026-07-12 00:55:53;m: rafail;level 20 crypt
2026-07-12 00:55:53;m: zololar;level 5 crypt
2026-07-12 00:55:54;m: zololar;level 15 crypt
2026-07-12 00:55:55;m: zololar;level 15 crypt
2026-07-12 00:55:56;m: zololar;level 10 crypt
2026-07-12 00:55:56;m: zololar;level 10 crypt
2026-07-12 00:55:57;m: zololar;level 15 crypt
2026-07-12 00:55:58;m: zololar;level 10 crypt
2026-07-12 00:55:59;m: rafail;level 20 crypt
2026-07-12 00:55:59;m: alma;level 15 crypt
2026-07-12 00:56:00;m: zololar;level 5 crypt
2026-07-12 00:56:01;m: zololar;level 15 epic crypt
2026-07-12 00:56:01;m: zololar;level 10 crypt
2026-07-12 00:56:02;m: zololar;level 5 crypt
2026-07-12 00:56:03;m: zololar;level 10 crypt
2026-07-12 00:56:04;m: zololar;level 15 crypt
2026-07-12 00:56:04;m: asturi;level 20 epic crypt
2026-07-12 00:56:05;m: zololar;level 10 crypt
2026-07-12 00:56:06;m: alma;level 15 crypt
2026-07-12 00:56:06;m: zololar;level 10 crypt
2026-07-12 00:56:07;m: zololar;level 15 crypt
2026-07-12 00:56:08;m: zololar;level 5 crypt
2026-07-12 00:56:09;m: alma;level 15 crypt
2026-07-12 00:56:09;m: zololar;level 5 crypt
2026-07-12 00:56:10;m: alma;level 20 crypt
2026-07-12 00:56:11;m: erreape;level 25 rare crypt
2026-07-12 00:56:12;m: alma;level 15 crypt
2026-07-12 00:56:12;m: erreape;level 25 rare crypt
2026-07-12 00:56:13;m: erreape;level 25 crypt
2026-07-12 00:56:14;m: alma;level 20 crypt
2026-07-12 00:56:14;m: asturi;level 20 epic crypt
2026-07-12 00:56:15;m: erreape;level 25 crypt
2026-07-12 00:56:16;m: erreape;level 25 crypt
2026-07-12 00:56:17;m: jhanau kong;level 20 citadel
2026-07-12 00:56:17;m: alma;level 15 crypt
2026-07-12 00:56:18;m: maakosky;level 20 citadel
2026-07-12 00:56:19;m: maakosky;level 15 citadel
2026-07-12 00:56:19;m: malvina;level 20 crypt
2026-07-12 00:56:20;m: rufean;union of triumph personal reward
2026-07-12 00:56:21;m: rufean;union of triumph personal reward
2026-07-12 00:56:22;m: rufean;union of triumph personal reward
2026-07-12 00:56:22;m: daidal;level 25 epic crypt
2026-07-12 00:56:23;m: daidal;level 25 crypt
2026-07-12 00:56:24;m: daidal;level 25 crypt
2026-07-12 00:56:24;m: maakosky;level 20 citadel
2026-07-12 00:56:25;m: daidal;level 25 crypt
2026-07-12 00:56:26;m: ganían wala;level 25 crypt
2026-07-12 00:56:27;m: daidal;level 25 crypt
2026-07-12 00:56:27;m: ganían wala;level 25 crypt
2026-07-12 00:56:28;m: daidal;level 25 crypt
2026-07-12 00:56:29;m: ganían wala;level 25 crypt
2026-07-12 00:56:29;m: daidal;level 25 crypt
2026-07-12 00:56:30;m: daidal;level 25 crypt
2026-07-12 00:56:31;m: devildog;level 15 crypt
2026-07-12 00:56:32;m: daidal;level 25 crypt
2026-07-12 00:56:32;m: francescaromana;level 15 crypt
2026-07-12 00:56:33;m: daidal;level 25 crypt
2026-07-12 00:56:34;m: lorven;level 20 crypt
2026-07-12 00:56:35;m: lorven;level 20 crypt
2026-07-12 00:56:35;m: maakosky;level 20 citadel
2026-07-12 00:56:36;m: daidal;level 25 crypt
2026-07-12 00:56:37;m: francescaromana;level 15 crypt
2026-07-12 00:56:37;m: mauro;level 20 epic crypt
2026-07-12 00:56:38;m: lorven;level 20 crypt
2026-07-12 00:56:39;m: mauro;level 15 crypt
2026-07-12 00:56:40;m: francescaromana;level 15 crypt
2026-07-12 00:56:40;m: mauro;level 10 crypt
2026-07-12 00:56:41;m: francescaromana;level 15 crypt
2026-07-12 00:56:42;m: marg;union of triumph personal reward
2026-07-12 00:56:42;m: marg;union of triumph personal reward
2026-07-12 00:56:43;m: marg;union of triumph personal reward
2026-07-12 00:56:44;m: mauro;level 10 crypt
2026-07-12 00:56:45;m: ulises el floreros;level 20 crypt
2026-07-12 00:56:45;m: francescaromana;level 15 crypt
2026-07-12 00:56:46;m: ulises el floreros;level 20 crypt
2026-07-12 00:56:47;m: mauro;level 20 crypt
2026-07-12 00:56:47;m: ulises el floreros;level 20 crypt
2026-07-12 00:56:48;m: francescaromana;level 15 crypt
2026-07-12 00:56:49;m: mauro;level 15 epic crypt
2026-07-12 00:56:50;m: francescaromana;level 15 epic crypt
2026-07-12 00:56:50;m: ulises el floreros;level 20 crypt
2026-07-12 00:56:51;m: mauro;level 10 crypt
2026-07-12 00:56:52;m: maakosky;level 20 citadel
2026-07-12 00:56:52;m: francescaromana;level 15 rare crypt
2026-07-12 00:56:53;m: ulises el floreros;level 20 crypt
2026-07-12 00:56:54;m: mauro;level 25 crypt
2026-07-12 00:56:55;m: mauro;level 15 crypt
2026-07-12 00:56:55;m: francescaromana;level 15 rare crypt
2026-07-12 00:56:56;m: ulises el floreros;level 20 crypt
2026-07-12 00:56:57;m: mauro;level 10 crypt
2026-07-12 00:56:57;m: ulises el floreros;level 20 crypt
2026-07-12 00:56:58;m: mauro;level 10 crypt
2026-07-12 00:56:59;m: ulises el floreros;level 20 crypt
2026-07-12 00:57:00;m: mauro;level 15 epic crypt
2026-07-12 00:57:00;m: jhanau kong;level 20 rare crypt
2026-07-12 00:57:01;m: mauro;level 10 crypt
2026-07-12 00:57:02;m: benxander;level 20 crypt
2026-07-12 00:57:03;m: ulises el floreros;level 20 crypt
2026-07-12 00:57:03;m: benxander;level 20 crypt
2026-07-12 00:57:04;m: devildog;level 15 crypt
2026-07-12 00:57:05;m: benxander;level 20 crypt
2026-07-12 00:57:05;m: benxander;clan wealth
2026-07-12 00:57:06;m: benxander;clan wealth
2026-07-12 00:57:07;m: benxander;clan wealth
2026-07-12 00:57:08;m: benxander;clan wealth
2026-07-12 00:57:08;m: marg;arena
2026-07-12 00:57:09;m: ganían wala;level 25 citadel
2026-07-12 00:57:10;m: jhanau kong;level 20 crypt
2026-07-12 00:57:10;m: jhanau kong;level 25 crypt
2026-07-12 00:57:11;m: maakosky;level 20 crypt
2026-07-12 00:57:12;m: ulises el floreros;level 20 crypt
2026-07-12 00:57:13;m: maakosky;level 20 crypt
2026-07-12 00:57:13;m: maakosky;level 20 crypt
2026-07-12 00:57:14;m: adorazius;level 25 rare crypt
2026-07-12 00:57:15;m: adorazius;level 25 rare crypt
2026-07-12 00:57:16;m: adorazius;level 25 rare crypt
2026-07-12 00:57:16;m: adorazius;level 25 rare crypt
2026-07-12 00:57:17;m: adorazius;level 25 rare crypt
2026-07-12 00:57:18;m: adorazius;level 25 rare crypt
2026-07-12 00:57:18;m: turbiybiczu;level 15 crypt
2026-07-12 00:57:19;m: adorazius;level 25 rare crypt
2026-07-12 00:57:20;m: turbiybiczu;level 15 epic crypt
2026-07-12 00:57:21;m: turbiybiczu;level 15 crypt
2026-07-12 00:57:21;m: adorazius;level 25 rare crypt
2026-07-12 00:57:22;m: adorazius;level 25 rare crypt
2026-07-12 00:57:23;m: adorazius;level 25 rare crypt
2026-07-12 00:57:23;m: adorazius;level 25 rare crypt
2026-07-12 00:57:24;m: milanooo;level 10 crypt
2026-07-12 00:57:25;m: milanooo;level 10 crypt
2026-07-12 00:57:26;m: turbiybiczu;level 15 crypt
2026-07-12 00:57:26;m: turbiybiczu;level 15 crypt
2026-07-12 00:57:27;m: milanooo;level 10 crypt
2026-07-12 00:57:28;m: maakosky;level 20 crypt
2026-07-12 00:57:28;m: zero;union of triumph personal reward
2026-07-12 00:57:29;m: zero;union of triumph personal reward
2026-07-12 00:57:30;m: zero;union of triumph personal reward
2026-07-12 00:57:31;m: maakosky;level 20 crypt
2026-07-12 00:57:31;m: maakosky;level 20 crypt
2026-07-12 00:57:32;m: maakosky;level 20 crypt
2026-07-12 00:57:33;m: turbiybiczu;level 20 crypt
2026-07-12 00:57:34;m: maakosky;level 20 crypt
2026-07-12 00:57:34;m: turbiybiczu;level 10 crypt
2026-07-12 00:57:35;m: turbiybiczu;level 15 crypt
2026-07-12 00:57:36;m: turbiybiczu;level 10 crypt
2026-07-12 00:57:36;m: turbiybiczu;level 10 crypt
2026-07-12 00:57:37;m: turbiybiczu;arena
2026-07-12 00:57:38;m: benxander;level 20 crypt
2026-07-12 00:57:39;m: benxander;level 20 crypt
2026-07-12 00:57:39;m: benxander;level 20 crypt
2026-07-12 00:57:40;m: benxander;level 20 crypt
2026-07-12 00:57:41;m: benxander;level 20 crypt
2026-07-12 00:57:41;m: benxander;level 20 crypt
2026-07-12 00:57:42;m: ares;level 25 crypt
2026-07-12 00:57:43;m: benxander;level 20 crypt
2026-07-12 00:57:44;m: ares;level 20 epic crypt
2026-07-12 00:57:44;m: ares;level 20 rare crypt
2026-07-12 00:57:45;m: ares;level 15 crypt
2026-07-12 00:57:46;m: ares;level 25 crypt
2026-07-12 00:57:47;m: malvina;level 20 crypt
2026-07-12 00:57:47;m: ares;level 25 crypt
2026-07-12 00:57:48;m: ares;level 25 crypt
2026-07-12 00:57:49;m: ares;level 25 crypt
2026-07-12 00:57:49;m: ares;level 25 crypt
2026-07-12 00:57:50;m: ares;level 25 crypt
2026-07-12 00:57:51;m: ares;level 25 crypt
2026-07-12 00:57:52;m: benxander;level 20 crypt
2026-07-12 00:57:52;m: malvina;level 20 crypt
2026-07-12 00:57:53;m: benxander;level 20 crypt
2026-07-12 00:57:54;m: benxander;level 20 crypt
2026-07-12 00:57:54;m: dardaen;level 20 crypt
2026-07-12 00:57:55;m: benxander;level 20 epic crypt
2026-07-12 00:57:56;m: dardaen;level 20 crypt
2026-07-12 00:57:57;m: benxander;level 20 epic crypt
2026-07-12 00:57:57;m: dardaen;level 20 crypt
2026-07-12 00:57:58;m: benxander;level 20 epic crypt
2026-07-12 00:57:59;m: dardaen;level 15 crypt
2026-07-12 00:57:59;m: dardaen;level 15 crypt
2026-07-12 00:58:00;m: cheska;union of triumph personal reward
2026-07-12 00:58:01;m: cheska;union of triumph personal reward
2026-07-12 00:58:02;m: cheska;union of triumph personal reward
2026-07-12 00:58:02;m: dardaen;level 15 crypt
2026-07-12 00:58:03;m: dardaen;level 20 crypt
2026-07-12 00:58:04;m: dardaen;level 15 crypt
2026-07-12 00:58:04;m: dardaen;level 15 crypt
2026-07-12 00:58:05;m: dardaen;level 15 crypt
2026-07-12 00:58:06;m: astralsito;level 15 crypt
2026-07-12 00:58:07;m: astralsito;level 15 crypt
2026-07-12 00:58:07;m: astralsito;level 15 crypt
2026-07-12 00:58:08;m: malvina;level 15 epic crypt
2026-07-12 00:58:09;m: astralsito;level 15 crypt
2026-07-12 00:58:10;m: astralsito;level 15 crypt
2026-07-12 00:58:10;m: malvina;level 20 crypt
2026-07-12 00:58:11;m: astralsito;level 15 crypt
2026-07-12 00:58:12;m: astralsito;level 15 crypt
2026-07-12 00:58:12;m: feli;union of triumph personal reward
2026-07-12 00:58:13;m: feli;union of triumph personal reward
2026-07-12 00:58:14;m: feli;union of triumph personal reward
2026-07-12 00:58:15;m: astralsito;level 15 crypt
2026-07-12 00:58:15;m: astralsito;level 15 crypt
2026-07-12 00:58:16;m: astralsito;arena
2026-07-12 00:58:17;m: astralsito;level 15 citadel
2026-07-12 00:58:17;m: malvina;level 20 citadel
2026-07-12 00:58:18;m: trella;union of triumph personal reward
2026-07-12 00:58:19;m: trella;union of triumph personal reward
2026-07-12 00:58:20;m: trella;union of triumph personal reward
2026-07-12 00:58:20;m: malvina;level 15 citadel
2026-07-12 00:58:21;m: trella;level 20 rare crypt
2026-07-12 00:58:22;m: trella;level 15 epic crypt
2026-07-12 00:58:23;m: trella;level 15 crypt
2026-07-12 00:58:23;m: trella;arena
2026-07-12 00:58:24;m: trella;level 20 crypt
2026-07-12 00:58:25;m: trella;level 20 crypt
2026-07-12 00:58:25;m: -jasmine»;union of triumph personal reward
2026-07-12 00:58:26;m: -jasmine»;union of triumph personal reward
2026-07-12 00:58:27;m: -jasmine»;union of triumph personal reward
2026-07-12 00:58:28;m: trella;level 20 crypt
2026-07-12 00:58:28;m: trella;level 20 crypt
2026-07-12 00:58:29;m: trella;level 10 crypt
2026-07-12 00:58:30;m: vasiliki;union of triumph personal reward
2026-07-12 00:58:31;m: vasiliki;union of triumph personal reward
2026-07-12 00:58:31;m: vasiliki;union of triumph personal reward
2026-07-12 00:58:32;m: malvalito cai;level 20 crypt
2026-07-12 00:58:33;m: malvalito cai;level 10 crypt
2026-07-12 00:58:34;m: -jasmine»;level 25 epic crypt
2026-07-12 00:58:34;m: -jasmine»;level 25 epic crypt
2026-07-12 00:58:35;m: malvalito cai;level 10 crypt
2026-07-12 00:58:36;m: -jasmine»;level 25 crypt
2026-07-12 00:58:37;m: -jasmine»;level 25 crypt
2026-07-12 00:58:37;m: malvalito cai;level 10 crypt
2026-07-12 00:58:38;m: -jasmine»;level 25 crypt
2026-07-12 00:58:39;m: -jasmine»;level 25 crypt
2026-07-12 00:58:40;m: malvalito cai;level 15 epic crypt
2026-07-12 00:58:40;m: -jasmine»;level 25 crypt
2026-07-12 00:58:41;m: malvalito cai;level 20 crypt
2026-07-12 00:58:42;m: -jasmine»;level 25 crypt
2026-07-12 00:58:42;m: malvalito cai;level 15 epic crypt
2026-07-12 00:58:43;m: -jasmine»;level 25 crypt
2026-07-12 00:58:44;m: -jasmine»;level 25 crypt
2026-07-12 00:58:45;m: malvalito cai;level 15 crypt
2026-07-12 00:58:45;m: -jasmine»;level 25 rare crypt
2026-07-12 00:58:46;m: -jasmine»;level 25 rare crypt
2026-07-12 00:58:47;m: malvalito cai;level 20 epic crypt
2026-07-12 00:58:48;m: -jasmine»;level 25 rare crypt
2026-07-12 00:58:48;m: alma;level 20 crypt
2026-07-12 00:58:49;m: malvalito cai;level 10 crypt
2026-07-12 00:58:50;m: malvalito cai;level 20 epic crypt
2026-07-12 00:58:51;m: the lion;level 20 crypt
2026-07-12 00:58:51;m: alma;level 15 crypt
2026-07-12 00:58:52;m: malvalito cai;level 15 epic crypt
2026-07-12 00:58:53;m: -jasmine»;level 25 rare crypt
2026-07-12 00:58:53;m: durga;arena
2026-07-12 00:58:54;m: alma;level 20 crypt
2026-07-12 00:58:55;m: malvalito cai;level 20 crypt
2026-07-12 00:58:56;m: malvalito cai;level 20 epic crypt
2026-07-12 00:58:56;m: the lion;level 20 crypt
2026-07-12 00:58:57;m: malvalito cai;level 20 epic crypt
2026-07-12 00:58:58;m: alma;level 20 crypt
2026-07-12 00:58:59;m: malvalito cai;level 20 crypt
2026-07-12 00:58:59;m: malvalito cai;level 15 crypt
2026-07-12 00:59:00;m: alma;level 15 crypt
2026-07-12 00:59:01;m: durga;arena
2026-07-12 00:59:02;m: malvalito cai;level 5 crypt
2026-07-12 00:59:02;m: the lion;level 20 epic crypt
2026-07-12 00:59:03;m: malvalito cai;level 10 crypt
2026-07-12 00:59:04;m: malvalito cai;level 10 crypt
2026-07-12 00:59:05;m: durga;level 20 crypt
2026-07-12 00:59:05;m: malvalito cai;level 5 crypt
2026-07-12 00:59:06;m: malvalito cai;level 10 crypt
2026-07-12 00:59:07;m: luppii;level 15 citadel
2026-07-12 00:59:07;m: durga;level 20 crypt
2026-07-12 00:59:08;m: malvalito cai;level 20 crypt
2026-07-12 00:59:09;m: durga;level 25 crypt
2026-07-12 00:59:10;m: malvalito cai;level 15 epic crypt
2026-07-12 00:59:10;m: sisu;union of triumph personal reward
2026-07-12 00:59:11;m: sisu;union of triumph personal reward
2026-07-12 00:59:12;m: sisu;union of triumph personal reward
2026-07-12 00:59:13;m: malvalito cai;level 15 crypt
2026-07-12 00:59:13;m: asteria;level 25 rare crypt
2026-07-12 00:59:14;m: malvalito cai;level 5 crypt
2026-07-12 00:59:15;m: malvalito cai;level 10 crypt
2026-07-12 00:59:16;m: asteria;level 25 crypt
2026-07-12 00:59:16;m: asteria;level 25 rare crypt
2026-07-12 00:59:17;m: the lion;level 20 crypt
2026-07-12 00:59:18;m: asteria;level 25 rare crypt
2026-07-12 00:59:18;m: asteria;level 25 epic crypt
2026-07-12 00:59:19;m: the lion;level 20 crypt
2026-07-12 00:59:20;m: alma;level 20 crypt
2026-07-12 00:59:21;m: sisu;level 25 crypt
2026-07-12 00:59:21;m: asteria;level 25 rare crypt
2026-07-12 00:59:22;m: the lion;level 20 crypt
2026-07-12 00:59:23;m: sisu;level 25 crypt
2026-07-12 00:59:23;m: asteria;level 25 rare crypt
2026-07-12 00:59:24;m: alma;level 15 crypt
2026-07-12 00:59:25;m: sisu;level 25 crypt
2026-07-12 00:59:26;m: sisu;level 25 crypt
2026-07-12 00:59:26;m: the lion;level 20 crypt
2026-07-12 00:59:27;m: sisu;level 25 crypt
2026-07-12 00:59:28;m: sisu;level 25 rare crypt
2026-07-12 00:59:29;m: zero;level 25 crypt
2026-07-12 00:59:29;m: sisu;level 25 rare crypt
2026-07-12 00:59:30;m: ganían wala;level 20 epic crypt
2026-07-12 00:59:31;m: zero;level 25 crypt
2026-07-12 00:59:32;m: sisu;level 25 epic crypt
2026-07-12 00:59:32;m: ganían wala;level 25 rare crypt
2026-07-12 00:59:33;m: sisu;level 25 epic crypt
2026-07-12 00:59:34;m: ganían wala;level 25 rare crypt
2026-07-12 00:59:34;m: sisu;level 20 epic crypt
2026-07-12 00:59:35;m: the lion;level 20 crypt
2026-07-12 00:59:36;m: sisu;level 25 rare crypt
2026-07-12 00:59:37;m: ganían wala;level 25 rare crypt
2026-07-12 00:59:37;m: el loco murdock;level 5 crypt
2026-07-12 00:59:38;m: el loco murdock;level 15 crypt
2026-07-12 00:59:39;m: alma;arena
2026-07-12 00:59:40;m: el loco murdock;level 10 crypt
2026-07-12 00:59:40;m: el loco murdock;level 10 crypt
2026-07-12 00:59:41;m: el loco murdock;level 10 crypt
2026-07-12 00:59:42;m: el loco murdock;level 15 rare crypt
2026-07-12 00:59:42;m: el loco murdock;level 15 crypt
2026-07-12 00:59:43;m: the lion;level 20 crypt
2026-07-12 00:59:44;m: el loco murdock;level 10 crypt
2026-07-12 00:59:45;m: asteria;level 25 crypt
2026-07-12 00:59:45;m: asteria;level 20 crypt
2026-07-12 00:59:46;m: lagar;level 25 crypt
2026-07-12 00:59:47;m: lagar;level 25 crypt
2026-07-12 00:59:48;m: sisusk;union of triumph personal reward
2026-07-12 00:59:48;m: sisusk;union of triumph personal reward
2026-07-12 00:59:49;m: sisusk;union of triumph personal reward
2026-07-12 00:59:50;m: lagar;level 25 crypt
2026-07-12 00:59:50;m: sisusk;level 20 crypt
2026-07-12 00:59:51;m: lagar;level 25 crypt
2026-07-12 00:59:52;m: sisusk;level 20 crypt
2026-07-12 00:59:53;m: sisusk;level 20 crypt
2026-07-12 00:59:53;m: lagar;level 25 crypt
2026-07-12 00:59:54;m: sisusk;level 20 crypt
2026-07-12 00:59:55;m: sisusk;level 25 crypt
2026-07-12 00:59:56;m: maakosky;level 20 crypt
2026-07-12 00:59:56;m: sisusk;level 25 rare crypt
2026-07-12 00:59:57;m: sisusk;level 25 rare crypt
2026-07-12 00:59:58;m: maakosky;level 20 crypt
2026-07-12 00:59:59;m: ben xander;level 20 crypt
2026-07-12 00:59:59;m: sisusk;level 25 rare crypt
2026-07-12 01:00:00;m: ben xander;level 20 crypt
2026-07-12 01:00:01;m: sisusk;level 20 epic crypt
2026-07-12 01:00:01;m: sisusk;level 20 epic crypt
2026-07-12 01:00:02;m: sisusk;level 20 epic crypt
2026-07-12 01:00:03;m: gririm;level 15 crypt
2026-07-12 01:00:04;m: gririm;level 20 rare crypt
2026-07-12 01:00:04;m: gririm;level 20 rare crypt
2026-07-12 01:00:05;m: gririm;level 15 epic crypt
2026-07-12 01:00:06;m: gririm;level 20 crypt
2026-07-12 01:00:07;m: gririm;level 20 epic crypt
2026-07-12 01:00:07;m: gririm;level 20 crypt
2026-07-12 01:00:08;m: marrar;level 25 crypt
2026-07-12 01:00:09;m: marrar;level 20 crypt
2026-07-12 01:00:09;m: marrar;level 25 crypt
2026-07-12 01:00:10;m: marrar;level 20 epic crypt
2026-07-12 01:00:11;m: marrar;level 20 epic crypt
2026-07-12 01:00:12;m: ben xander;level 20 crypt
2026-07-12 01:00:12;m: ben xander;level 20 epic crypt
2026-07-12 01:00:13;m: ben xander;level 20 epic crypt
2026-07-12 01:00:14;m: ben xander;level 20 crypt
2026-07-12 01:00:15;m: ben xander;level 20 crypt
2026-07-12 01:00:15;m: ben xander;level 20 crypt
2026-07-12 01:00:16;m: ben xander;level 20 crypt
2026-07-12 01:00:17;m: ben xander;level 20 crypt
2026-07-12 01:00:17;m: ben xander;level 20 crypt
2026-07-12 01:00:18;m: ben xander;level 20 crypt
2026-07-12 01:00:19;m: ben xander;level 20 crypt
2026-07-12 01:00:20;m: devildog;level 15 crypt
2026-07-12 01:00:20;m: devildog;level 15 crypt
2026-07-12 01:00:21;m: devildog;level 15 crypt
2026-07-12 01:00:22;m: milanooo;level 25 epic crypt
2026-07-12 01:00:23;m: milanooo;level 5 crypt
2026-07-12 01:00:23;m: devildog;level 15 crypt
2026-07-12 01:00:24;m: milanooo;level 25 crypt
2026-07-12 01:00:25;m: kari;level 25 crypt
2026-07-12 01:00:25;m: kari;level 20 crypt
2026-07-12 01:00:26;m: kari;level 20 crypt
2026-07-12 01:00:27;m: devildog;level 15 crypt
2026-07-12 01:00:28;m: devildog;level 15 rare crypt
2026-07-12 01:00:28;m: devildog;level 15 epic crypt
2026-07-12 01:00:29;m: marod;level 20 rare crypt
2026-07-12 01:00:30;m: marod;level 15 crypt
2026-07-12 01:00:31;m: marod;level 15 crypt
2026-07-12 01:00:31;m: marod;level 10 crypt
2026-07-12 01:00:32;m: marod;level 15 epic crypt
2026-07-12 01:00:33;m: luppii;level 15 citadel
2026-07-12 01:00:34;m: durga;clan wealth
2026-07-12 01:00:34;m: durga;clan wealth
2026-07-12 01:00:35;m: durga;clan wealth
2026-07-12 01:00:36;m: durga;clan wealth
2026-07-12 01:00:36;m: marg;level 25 crypt
2026-07-12 01:00:37;m: marg;level 25 crypt
2026-07-12 01:00:38;m: marg;level 25 crypt
2026-07-12 01:00:39;m: marg;level 20 epic crypt
2026-07-12 01:00:39;m: marg;level 20 epic crypt
2026-07-12 01:00:40;m: marg;level 20 epic crypt
2026-07-12 01:00:41;m: marg;level 20 crypt
2026-07-12 01:00:42;m: marg;level 20 crypt
2026-07-12 01:00:42;m: marg;level 20 crypt
2026-07-12 01:00:43;m: marg;level 20 crypt
2026-07-12 01:00:44;m: marg;level 20 crypt
2026-07-12 01:00:44;m: marg;level 20 crypt
2026-07-12 01:00:45;m: marg;level 20 crypt
2026-07-12 01:00:46;m: marg;level 20 crypt
2026-07-12 01:00:47;m: marg;level 20 crypt
2026-07-12 01:00:47;m: marg;level 20 crypt
2026-07-12 01:00:48;m: marg;level 20 crypt
2026-07-12 01:00:49;m: marg;level 20 crypt
2026-07-12 01:00:50;m: marg;level 25 crypt
2026-07-12 01:00:50;m: marg;level 25 crypt
2026-07-12 01:00:51;m: marg;level 25 crypt
2026-07-12 01:00:52;m: marg;level 25 crypt
2026-07-12 01:00:53;m: marg;level 25 crypt
2026-07-12 01:00:53;m: marg;level 25 crypt
2026-07-12 01:00:54;m: marg;level 25 crypt
2026-07-12 01:00:55;m: marg;level 25 epic crypt
2026-07-12 01:00:55;m: marg;level 25 epic crypt
2026-07-12 01:00:56;m: marg;level 25 crypt
2026-07-12 01:00:58;m: eygenaní;bank
2026-07-12 01:00:59;m: eygenaní;bank
2026-07-12 16:36:25;m: milanooo;bank
2026-07-12 16:36:26;m: milanooo;bank
2026-07-12 16:36:27;m: milanooo;bank
2026-07-12 16:36:28;m: milanooo;bank
2026-07-12 16:36:28;m: milanooo;bank
2026-07-12 16:36:30;m: marg;level 25 crypt
2026-07-12 16:36:31;m: marg;level 25 crypt
2026-07-12 16:36:32;m: marod;level 25 crypt
2026-07-12 16:36:32;m: marod;level 15 crypt
2026-07-12 16:36:33;m: marg;level 25 crypt
2026-07-12 16:36:34;m: marod;level 15 epic crypt
2026-07-12 16:36:35;m: marg;level 25 crypt
2026-07-12 16:36:35;m: marod;level 15 crypt
2026-07-12 16:36:36;m: marod;level 10 crypt
2026-07-12 16:36:37;m: kishura;level 15 crypt
2026-07-12 16:36:38;m: marod;level 20 crypt
2026-07-12 16:36:38;m: marod;level 10 crypt
2026-07-12 16:36:39;m: kishura;level 20 crypt
2026-07-12 16:36:40;m: marg;level 25 crypt
2026-07-12 16:36:40;m: kishura;level 20 crypt
2026-07-12 16:36:41;m: kishura;level 20 crypt
2026-07-12 16:36:42;m: kishura;level 20 crypt
2026-07-12 16:36:43;m: marg;level 20 crypt
2026-07-12 16:36:43;m: kishura;level 20 crypt
2026-07-12 16:36:44;m: marg;level 20 crypt
2026-07-12 16:36:45;m: kishura;level 20 crypt
2026-07-12 16:36:46;m: marg;level 20 crypt
2026-07-12 16:36:46;m: marg;level 20 crypt
2026-07-12 16:36:47;m: kishura;level 20 crypt
2026-07-12 16:36:48;m: marod;level 15 crypt
2026-07-12 16:36:49;m: marg;level 20 crypt
2026-07-12 16:36:49;m: kishura;level 20 crypt
2026-07-12 16:36:50;m: marg;level 20 crypt
2026-07-12 16:36:51;m: kishura;level 20 crypt
2026-07-12 16:36:52;m: marod;level 25 rare crypt
2026-07-12 16:36:52;m: rafail;level 20 crypt
2026-07-12 16:36:53;m: marg;level 20 crypt
2026-07-12 16:36:54;m: marod;level 10 crypt
2026-07-12 16:36:55;m: rafail;level 15 crypt
2026-07-12 16:36:55;m: marod;level 15 crypt
2026-07-12 16:36:56;m: kishura;level 20 epic crypt
2026-07-12 16:36:57;m: biin;level 10 crypt
2026-07-12 16:36:58;m: rafail;level 20 epic crypt
2026-07-12 16:36:58;m: kishura;level 20 epic crypt
2026-07-12 16:36:59;m: kishura;level 20 epic crypt
2026-07-12 16:37:00;m: rafail;level 20 crypt
2026-07-12 16:37:01;m: marod;level 15 epic crypt
2026-07-12 16:37:01;m: kishura;level 20 rare crypt
2026-07-12 16:37:02;m: marod;level 15 crypt
2026-07-12 16:37:03;m: kishura;level 20 rare crypt
2026-07-12 16:37:04;m: marod;level 25 rare crypt
2026-07-12 16:37:04;m: marod;level 15 epic crypt
2026-07-12 16:37:05;m: marg;level 20 crypt
2026-07-12 16:37:06;m: marod;level 15 epic crypt
2026-07-12 16:37:07;m: marg;level 20 crypt
2026-07-12 16:37:07;m: marg;level 20 crypt
2026-07-12 16:37:08;m: marg;level 20 crypt
2026-07-12 16:37:09;m: biin;level 15 epic crypt
2026-07-12 16:37:09;m: biin;level 15 crypt
2026-07-12 16:37:10;m: tyeojind;union of triumph personal reward
2026-07-12 16:37:11;m: tyeojind;union of triumph personal reward
2026-07-12 16:37:12;m: tyeojind;union of triumph personal reward
2026-07-12 16:37:12;m: biin;level 10 crypt
2026-07-12 16:37:13;m: devildog;level 15 crypt
2026-07-12 16:37:14;m: devildog;level 20 crypt
2026-07-12 16:37:15;m: devildog;level 15 crypt
2026-07-12 16:37:15;m: bialex;level 10 crypt
2026-07-12 16:37:16;m: bialex;level 25 crypt
2026-07-12 16:37:17;m: bialex;level 15 crypt
2026-07-12 16:37:18;m: bialex;level 10 crypt
2026-07-12 16:37:18;m: rafail;level 20 crypt
2026-07-12 16:37:19;m: rafail;level 20 crypt
2026-07-12 16:37:20;m: rafail;level 20 crypt
2026-07-12 16:37:21;m: rafail;level 20 crypt
2026-07-12 16:37:21;m: rafail;level 20 crypt
2026-07-12 16:37:22;m: aaron;level 15 epic crypt
2026-07-12 16:37:23;m: aaron;level 17 heroic monster
2026-07-12 16:37:23;m: rafail;level 15 crypt
2026-07-12 16:37:24;m: rafail;level 25 crypt
2026-07-12 16:37:25;m: zero;arachne's swarm epic squad
2026-07-12 16:37:26;m: rafail;level 20 crypt
2026-07-12 16:37:26;m: rafail;level 25 crypt
2026-07-12 16:37:27;m: zero;level 25 crypt
2026-07-12 16:37:28;m: zero;level 25 crypt
2026-07-12 16:37:29;m: zero;level 25 crypt
2026-07-12 16:37:29;m: zero;level 25 crypt
2026-07-12 16:37:30;m: zero;level 25 crypt
2026-07-12 16:37:31;m: zero;level 25 crypt
2026-07-12 16:37:32;m: zero;level 25 crypt
2026-07-12 16:37:32;m: zero;level 25 crypt
2026-07-12 16:37:33;m: zero;level 25 crypt
2026-07-12 16:37:34;m: nikita;level 15 crypt
2026-07-12 16:37:35;m: zero;level 25 crypt
2026-07-12 16:37:35;m: nikita;level 15 crypt
2026-07-12 16:37:36;m: zero;level 25 epic crypt
2026-07-12 16:37:37;m: zero;level 25 epic crypt
2026-07-12 16:37:38;m: nikita;level 15 crypt
2026-07-12 16:37:38;m: nikita;arena
2026-07-12 16:37:39;m: zero;level 30 rare crypt
2026-07-12 16:37:40;m: zero;level 30 rare crypt
2026-07-12 16:37:41;m: zero;level 30 rare crypt
2026-07-12 16:37:41;m: eygenaní;level 25 rare crypt
2026-07-12 16:37:42;m: eygenaní;level 25 epic crypt
2026-07-12 16:37:43;m: eygenaní;level 15 epic crypt
2026-07-12 16:37:44;m: eygenaní;level 25 rare crypt
2026-07-12 16:37:44;m: eygenaní;level 25 rare crypt
2026-07-12 16:37:45;m: eygenaní;level 25 crypt
2026-07-12 16:37:46;m: eygenaní;level 25 crypt
2026-07-12 16:37:47;m: eygenaní;level 25 epic crypt
2026-07-12 16:37:47;m: eygenaní;level 25 crypt
2026-07-12 16:37:48;m: eygenaní;level 25 rare crypt
2026-07-12 16:37:49;m: eygenaní;level 25 crypt
2026-07-12 16:37:50;m: eygenaní;level 25 crypt
2026-07-12 16:37:50;m: eygenaní;level 25 crypt
2026-07-12 16:37:51;m: eygenaní;level 25 crypt
2026-07-12 16:37:52;m: eygenaní;level 25 crypt
2026-07-12 16:37:53;m: eygenaní;level 15 epic crypt
2026-07-12 16:37:53;m: eygenaní;level 25 crypt
2026-07-12 16:37:54;m: eygenaní;level 25 crypt
2026-07-12 16:37:55;m: eygenaní;level 25 crypt
2026-07-12 16:37:56;m: eygenaní;level 25 crypt
2026-07-12 16:37:56;m: eygenaní;level 25 crypt
2026-07-12 16:37:57;m: eygenaní;level 25 crypt
2026-07-12 16:37:58;m: eygenaní;level 25 crypt
2026-07-12 16:37:59;m: shahzeb khanzada;level 15 epic crypt
2026-07-12 16:37:59;m: eygenaní;level 25 crypt
2026-07-12 16:38:00;m: eygenaní;level 25 crypt
2026-07-12 16:38:01;m: shahzeb khanzada;level 20 crypt
2026-07-12 16:38:02;m: durga;level 25 crypt
2026-07-12 16:38:02;m: durga;level 25 rare crypt
2026-07-12 16:38:03;m: zero;level 5 crypt
2026-07-12 16:38:04;m: maakosky;level 20 crypt
2026-07-12 16:38:05;m: maakosky;level 20 crypt
2026-07-12 16:38:05;m: maakosky;level 20 crypt
2026-07-12 16:38:06;m: lan;level 25 crypt
2026-07-12 16:38:07;m: maakosky;level 20 crypt
2026-07-12 16:38:08;m: lan;level 25 crypt
2026-07-12 16:38:08;m: lan;level 25 epic crypt
2026-07-12 16:38:09;m: maakosky;level 20 rare crypt
2026-07-12 16:38:10;m: lan;level 25 crypt
2026-07-12 16:38:10;m: lan;level 25 rare crypt
2026-07-12 16:38:11;m: lan;level 25 rare crypt
2026-07-12 16:38:12;m: maakosky;level 20 rare crypt
2026-07-12 16:38:13;m: maakosky;level 20 rare crypt
2026-07-12 16:38:13;m: maakosky;level 20 rare crypt
2026-07-12 16:38:14;m: biin;level 25 citadel
2026-07-12 16:38:15;m: maakosky;level 20 epic crypt
2026-07-12 16:38:16;m: mathilda;level 15 crypt
2026-07-12 16:38:16;m: mathilda;level 20 crypt
2026-07-12 16:38:17;m: mathilda;level 20 crypt
2026-07-12 16:38:18;m: mathilda;level 20 epic crypt
2026-07-12 16:38:19;m: mathilda;level 20 crypt
2026-07-12 16:38:19;m: mathilda;level 15 crypt
2026-07-12 16:38:20;m: marg;level 20 crypt
2026-07-12 16:38:21;m: asturi;level 20 citadel
2026-07-12 16:38:22;m: marg;level 20 crypt
2026-07-12 16:38:22;m: mathilda;level 15 crypt
2026-07-12 16:38:23;m: mathilda;level 20 crypt
2026-07-12 16:38:24;m: marg;level 20 epic crypt
2026-07-12 16:38:25;m: marg;level 20 epic crypt
2026-07-12 16:38:25;m: mathilda;level 20 crypt
2026-07-12 16:38:26;m: francescaromana;level 15 crypt
2026-07-12 16:38:27;m: francescaromana;level 15 crypt
2026-07-12 16:38:28;m: marg;level 20 epic crypt
2026-07-12 16:38:28;m: francescaromana;level 15 crypt
2026-07-12 16:38:29;m: marg;level 20 epic crypt
2026-07-12 16:38:30;m: marg;level 20 epic crypt
2026-07-12 16:38:30;m: mathilda;level 20 crypt
2026-07-12 16:38:31;m: asturi;level 20 citadel
2026-07-12 16:38:32;m: marg;level 25 epic crypt
2026-07-12 16:38:33;m: marg;level 25 epic crypt
2026-07-12 16:38:33;m: marg;level 25 epic crypt
2026-07-12 16:38:34;m: francescaromana;level 20 citadel
2026-07-12 16:38:35;m: marg;level 25 epic crypt
2026-07-12 16:38:36;m: asturi;level 20 citadel
2026-07-12 16:38:36;m: marg;level 25 epic crypt
2026-07-12 16:38:37;m: marg;level 30 epic crypt
2026-07-12 16:38:38;m: francescaromana;level 15 crypt
2026-07-12 16:38:39;m: marg;level 30 epic crypt
2026-07-12 16:38:39;m: marg;level 30 epic crypt
2026-07-12 16:38:40;m: marg;level 30 epic crypt
2026-07-12 16:38:41;m: asturi;level 20 citadel
2026-07-12 16:38:42;m: marg;level 30 epic crypt
2026-07-12 16:38:42;m: marg;level 25 epic crypt
2026-07-12 16:38:43;m: the mighty lord;level 15 crypt
2026-07-12 16:38:44;m: the mighty lord;level 15 crypt
2026-07-12 16:38:45;m: marg;level 25 epic crypt
2026-07-12 16:38:45;m: the mighty lord;level 15 crypt
2026-07-12 16:38:46;m: marg;level 25 epic crypt
2026-07-12 16:38:47;m: asturi;level 20 citadel
2026-07-12 16:38:47;m: asturi;level 20 citadel
2026-07-12 16:38:48;m: ulises el floreros;level 20 crypt
2026-07-12 16:38:49;m: ulises el floreros;level 20 crypt
2026-07-12 16:38:50;m: asturi;level 20 citadel
2026-07-12 16:38:50;m: ulises el floreros;level 20 crypt
2026-07-12 16:38:51;m: nikita;level 25 epic crypt
2026-07-12 16:38:52;m: malorius;level 25 rare crypt
2026-07-12 16:38:53;m: malorius;level 25 rare crypt
2026-07-12 16:38:53;m: nikita;level 25 epic crypt
2026-07-12 16:38:54;m: malorius;level 25 rare crypt
2026-07-12 16:38:55;m: malorius;level 25 rare crypt
2026-07-12 16:38:56;m: nikita;level 25 epic crypt
2026-07-12 16:38:56;m: nemean;level 20 crypt
2026-07-12 16:38:57;m: nemean;level 20 crypt
2026-07-12 16:38:58;m: malorius;level 25 rare crypt
2026-07-12 16:38:59;m: ulises el floreros;level 20 citadel
2026-07-12 16:38:59;m: malorius;level 25 rare crypt
2026-07-12 16:39:00;m: nemean;level 20 crypt
2026-07-12 16:39:01;m: nikita;level 25 epic crypt
2026-07-12 16:39:02;m: malorius;level 25 rare crypt
2026-07-12 16:39:02;m: ulises el floreros;level 25 citadel
2026-07-12 16:39:03;m: nemean;level 20 crypt
2026-07-12 16:39:04;m: nikita;level 20 epic crypt
2026-07-12 16:39:05;m: nemean;level 20 crypt
2026-07-12 16:39:05;m: malorius;level 25 rare crypt
2026-07-12 16:39:06;m: nemean;level 20 crypt
2026-07-12 16:39:07;m: asturi;level 20 citadel
2026-07-12 16:39:07;m: nikita;level 20 epic crypt
2026-07-12 16:39:08;m: malorius;level 25 rare crypt
2026-07-12 16:39:09;m: nemean;level 20 crypt
2026-07-12 16:39:10;m: ulises el floreros;level 25 rare crypt
2026-07-12 16:39:10;m: malorius;level 25 rare crypt
2026-07-12 16:39:11;m: nikita;level 20 epic crypt
2026-07-12 16:39:12;m: nemean;level 20 crypt
2026-07-12 16:39:13;m: malorius;level 20 epic crypt
2026-07-12 16:39:13;m: nemean;level 20 crypt
2026-07-12 16:39:14;m: ulises el floreros;level 20 rare crypt
2026-07-12 16:39:15;m: nikita;level 20 epic crypt
2026-07-12 16:39:16;m: nemean;level 20 crypt
2026-07-12 16:39:16;m: malorius;level 20 epic crypt
2026-07-12 16:39:17;m: ulises el floreros;level 20 crypt
2026-07-12 16:39:18;m: nikita;level 20 epic crypt
2026-07-12 16:39:18;m: nemean;level 20 crypt
2026-07-12 16:39:19;m: ulises el floreros;level 20 crypt
2026-07-12 16:39:20;m: malorius;level 20 epic crypt
2026-07-12 16:39:21;m: nemean;level 20 crypt
2026-07-12 16:39:21;m: nikita;level 20 epic crypt
2026-07-12 16:39:22;m: ulises el floreros;level 20 crypt
2026-07-12 16:39:23;m: malorius;level 25 crypt
2026-07-12 16:39:24;m: ulises el floreros;level 20 crypt
2026-07-12 16:39:24;m: nikita;level 20 epic crypt
2026-07-12 16:39:25;m: asturi;level 20 citadel
2026-07-12 16:39:26;m: ulises el floreros;level 20 crypt
2026-07-12 16:39:27;m: nikita;level 25 epic crypt
2026-07-12 16:39:27;m: malorius;level 25 crypt
2026-07-12 16:39:28;m: nikita;level 25 epic crypt
2026-07-12 16:39:29;m: malorius;level 25 crypt
2026-07-12 16:39:30;m: malorius;level 25 crypt
2026-07-12 16:39:30;m: nikita;level 25 epic crypt
2026-07-12 16:39:31;m: nimona;level 20 crypt
2026-07-12 16:39:32;m: nikita;level 25 epic crypt
2026-07-12 16:39:33;m: nimona;level 20 crypt
2026-07-12 16:39:33;m: nikita;level 25 epic crypt
2026-07-12 16:39:34;m: asturi;level 15 citadel
2026-07-12 16:39:35;m: nikita;level 25 epic crypt
2026-07-12 16:39:35;m: nimona;level 20 crypt
2026-07-12 16:39:36;m: nimona;level 20 crypt
2026-07-12 16:39:37;m: nimona;level 20 crypt
2026-07-12 16:39:38;m: nimona;level 20 crypt
2026-07-12 16:39:38;m: nimona;level 20 crypt
2026-07-12 16:39:39;m: durga;clan wealth
2026-07-12 16:39:40;m: durga;clan wealth
2026-07-12 16:39:41;m: durga;clan wealth
2026-07-12 16:39:41;m: durga;clan wealth
2026-07-12 16:39:42;m: asturi;level 20 citadel
2026-07-12 16:39:43;m: nimona;level 20 crypt
2026-07-12 16:39:44;m: nimona;level 20 crypt
2026-07-12 16:39:44;m: nimona;level 20 crypt
2026-07-12 16:39:45;m: nimona;level 20 crypt
2026-07-12 16:39:46;m: nimona;level 20 crypt
2026-07-12 16:39:46;m: bialex;level 10 crypt
2026-07-12 16:39:47;m: asturi;level 20 citadel
2026-07-12 16:39:48;m: asturi;level 20 citadel
2026-07-12 16:39:49;m: asturi;level 20 citadel
2026-07-12 16:39:49;m: raskle;level 20 crypt
2026-07-12 16:39:50;m: bialex;level 25 crypt
2026-07-12 16:39:51;m: asturi;level 20 citadel
2026-07-12 16:39:52;m: raskle;level 15 epic crypt
2026-07-12 16:39:52;m: raskle;level 25 crypt
2026-07-12 16:39:53;m: bialex;level 25 crypt
2026-07-12 16:39:54;m: asturi;level 20 citadel
2026-07-12 16:39:55;m: nikita;level 25 epic crypt
2026-07-12 16:39:55;m: nikita;level 25 epic crypt
2026-07-12 16:39:56;m: rafail;level 20 crypt
2026-07-12 16:39:57;m: rafail;level 20 crypt
2026-07-12 16:39:58;m: rafail;level 25 crypt
2026-07-12 16:39:58;m: rafail;level 20 crypt
2026-07-12 16:39:59;m: rafail;level 20 crypt
2026-07-12 16:40:00;m: rafail;level 20 crypt
2026-07-12 16:40:00;m: rafail;level 20 crypt
2026-07-12 16:40:01;m: rafail;level 20 crypt
2026-07-12 16:40:02;m: alma;level 20 crypt
2026-07-12 16:40:03;m: nikita;level 25 citadel
2026-07-12 16:40:03;m: nikita;level 25 citadel
2026-07-12 16:40:04;m: nikita;level 25 citadel
2026-07-12 16:40:05;m: nikita;level 25 citadel
2026-07-12 16:40:06;m: nikita;level 25 rare crypt
2026-07-12 16:40:06;m: burilen;level 15 crypt
2026-07-12 16:40:07;m: nikita;level 25 rare crypt
2026-07-12 16:40:08;m: nikita;level 25 rare crypt
2026-07-12 16:40:09;m: burilen;level 15 crypt
2026-07-12 16:40:09;m: burilen;level 25 crypt
2026-07-12 16:40:10;m: adorazius;level 25 crypt
2026-07-12 16:40:11;m: sath;level 20 crypt
2026-07-12 16:40:12;m: sath;level 20 crypt
2026-07-12 16:40:12;m: boy name;level 25 crypt
2026-07-12 16:40:13;m: boy name;level 25 crypt
2026-07-12 16:40:14;m: boy name;level 25 crypt
2026-07-12 16:40:14;m: murod;level 20 crypt
2026-07-12 16:40:15;m: boy name;level 20 crypt
2026-07-12 16:40:16;m: murod;level 15 epic crypt
2026-07-12 16:40:17;m: boy name;level 15 rare crypt
2026-07-12 16:40:17;m: murod;level 15 epic crypt
2026-07-12 16:40:18;m: murod;level 20 crypt
2026-07-12 16:40:19;m: boy name;level 15 rare crypt
2026-07-12 16:40:20;m: murod;level 20 crypt
2026-07-12 16:40:20;m: boy name;level 15 crypt
2026-07-12 16:40:21;m: boy name;level 15 crypt
2026-07-12 16:40:22;m: manuelhh;level 10 crypt
2026-07-12 16:40:22;m: manuelhh;level 15 crypt
2026-07-12 16:40:23;m: murod;level 20 crypt
2026-07-12 16:40:24;m: murod;level 20 crypt
2026-07-12 16:40:25;m: murod;level 20 crypt
2026-07-12 16:40:25;m: murod;level 20 crypt
2026-07-12 16:40:26;m: murod;level 20 crypt
2026-07-12 16:40:27;m: murod;level 20 crypt
2026-07-12 16:40:28;m: adorazius;level 25 rare crypt
2026-07-12 16:40:28;m: nikita;level 20 crypt
2026-07-12 16:40:29;m: nikita;level 20 crypt
2026-07-12 16:40:30;m: nikita;level 20 crypt
2026-07-12 16:40:31;m: nikita;level 20 crypt
2026-07-12 16:40:31;m: nikita;level 25 crypt
2026-07-12 16:40:32;m: nikita;level 15 crypt
2026-07-12 16:40:33;m: jodotodo;level 20 epic crypt
2026-07-12 16:40:33;m: jodotodo;level 10 crypt
2026-07-12 16:40:34;m: jodotodo;level 25 crypt
2026-07-12 16:40:35;m: rafail;level 20 crypt
2026-07-12 16:40:36;m: jodotodo;level 25 crypt
2026-07-12 16:40:36;m: rafail;level 20 crypt
2026-07-12 16:40:37;m: jodotodo;level 25 crypt
2026-07-12 16:40:38;m: jodotodo;level 25 crypt
2026-07-12 16:40:39;m: jodotodo;level 25 crypt
2026-07-12 16:40:39;m: jodotodo;level 10 crypt
2026-07-12 16:40:40;m: jodotodo;level 20 epic crypt
2026-07-12 16:40:41;m: jodotodo;level 20 epic crypt
2026-07-12 16:40:42;m: jodotodo;level 10 rare crypt
2026-07-12 16:40:42;m: jodotodo;level 10 crypt
2026-07-12 16:40:43;m: jodotodo;level 20 crypt
2026-07-12 16:40:44;m: keradred;level 20 crypt
2026-07-12 16:40:44;m: ladywolf;union of triumph personal reward
2026-07-12 16:40:45;m: ladywolf;union of triumph personal reward
2026-07-12 16:40:46;m: ladywolf;union of triumph personal reward
2026-07-12 16:40:47;m: keradred;level 20 crypt
2026-07-12 16:40:47;m: keradred;level 20 crypt
2026-07-12 16:40:48;m: saberflame;level 25 crypt
2026-07-12 16:40:49;m: saberflame;level 25 crypt
2026-07-12 16:40:50;m: saberflame;level 25 crypt
2026-07-12 16:40:50;m: findanel;level 15 crypt
2026-07-12 16:40:51;m: findanel;level 15 crypt
2026-07-12 16:40:52;m: findanel;level 15 crypt
2026-07-12 16:40:52;m: ladywolf;level 15 crypt
2026-07-12 16:40:53;m: ladywolf;level 25 rare crypt
2026-07-12 16:40:54;m: ladywolf;level 20 crypt
2026-07-12 16:40:55;m: ladywolf;level 10 crypt
2026-07-12 16:40:55;m: devildog;level 20 crypt
2026-07-12 16:40:56;m: ladywolf;level 10 crypt
2026-07-12 16:40:57;m: turbiybiczu;level 15 crypt
2026-07-12 16:40:58;m: turbiybiczu;level 10 crypt
2026-07-12 16:40:58;m: turbiybiczu;level 20 crypt
2026-07-12 16:40:59;m: turbiybiczu;level 15 crypt
2026-07-12 16:41:00;m: turbiybiczu;level 15 crypt
2026-07-12 16:41:01;m: turbiybiczu;level 15 crypt
2026-07-12 16:41:01;m: turbiybiczu;level 10 crypt
2026-07-12 16:41:02;m: turbiybiczu;level 15 epic crypt
2026-07-12 16:41:03;m: rufean;level 10 citadel
2026-07-12 16:41:04;m: turbiybiczu;level 15 crypt
2026-07-12 16:41:04;m: rufean 11;level 10 crypt
2026-07-12 16:41:05;m: sath;level 25 crypt
2026-07-12 16:41:06;m: biin;level 10 crypt
2026-07-12 16:41:06;m: lorven;level 20 crypt
2026-07-12 16:41:07;m: ganían wala;level 25 crypt
2026-07-12 16:41:08;m: eygenaní;level 5 crypt
2026-07-12 16:41:09;m: maakosky;level 20 crypt
2026-07-12 16:41:09;m: eygenaní;level 10 crypt
2026-07-12 16:41:10;m: biin;level 10 crypt
2026-07-12 16:41:11;m: lorven;level 20 crypt
2026-07-12 16:41:12;m: malvalito cai;level 10 citadel
2026-07-12 16:41:12;m: maakosky;level 20 crypt
2026-07-12 16:41:13;m: lorven;level 20 crypt
2026-07-12 16:41:14;m: malvalito cai;level 20 citadel
2026-07-12 16:41:14;m: durdy 7777;level 15 crypt
2026-07-12 16:41:15;m: biin;level 10 crypt
2026-07-12 16:41:16;m: ganían wala;level 25 crypt
2026-07-12 16:41:17;m: ganían wala;level 25 crypt
2026-07-12 16:41:17;m: malvalito cai;level 20 citadel
2026-07-12 16:41:18;m: mauro;clan wealth
2026-07-12 16:41:19;m: mauro;clan wealth
2026-07-12 16:41:20;m: mauro;clan wealth
2026-07-12 16:41:20;m: mauro;clan wealth
2026-07-12 16:41:21;m: maakosky;level 20 crypt
2026-07-12 16:41:22;m: asturi;arena
2026-07-12 16:41:22;m: durdy 7777;level 20 rare crypt
2026-07-12 16:41:23;m: mauro;level 10 crypt
2026-07-12 16:41:24;m: durdy 7777;level 15 crypt
2026-07-12 16:41:25;m: durdy 7777;level 15 crypt
2026-07-12 16:41:25;m: mauro;level 10 crypt
2026-07-12 16:41:26;m: mauro;level 10 crypt
2026-07-12 16:41:27;m: sisu;level 25 crypt
2026-07-12 16:41:28;m: mauro;level 15 rare crypt
2026-07-12 16:41:28;m: mauro;level 25 crypt
2026-07-12 16:41:29;m: turbiybiczu;level 15 crypt
2026-07-12 16:41:30;m: mauro;level 10 crypt
2026-07-12 16:41:31;m: mauro;level 10 crypt
2026-07-12 16:41:31;m: mauro;level 15 crypt
2026-07-12 16:41:32;m: turbiybiczu;level 15 crypt
2026-07-12 16:41:33;m: ganían wala;level 30-34 vault of the ancients
2026-07-12 16:41:34;m: durdy 7777;level 15 crypt
2026-07-12 16:41:34;m: marg;level 25 citadel
2026-07-12 16:41:35;m: turbiybiczu;level 10 crypt
2026-07-12 16:41:36;m: mauro;level 10 crypt
2026-07-12 16:41:37;m: mauro;level 15 crypt
2026-07-12 16:41:37;m: mauro;level 15 crypt
2026-07-12 16:41:38;m: ganían wala;level 35-39 vault of the ancients
2026-07-12 16:41:39;m: mauro;level 10 crypt
2026-07-12 16:41:40;m: mauro;level 15 crypt
2026-07-12 16:41:40;m: colis;level 15 crypt
2026-07-12 16:41:41;m: marg;level 25 citadel
2026-07-12 16:41:42;m: durdy 7777;level 15 crypt
2026-07-12 16:41:43;m: colis;level 15 crypt
2026-07-12 16:41:43;m: durdy 7777;level 15 crypt
2026-07-12 16:41:44;m: colis;level 15 crypt
2026-07-12 16:41:45;m: durdy 7777;level 20 rare crypt
2026-07-12 16:41:46;m: mauro;level 30-34 vault of the ancients
2026-07-12 16:41:46;m: durdy 7777;level 15 crypt
2026-07-12 16:41:47;m: marg;level 25 citadel
2026-07-12 16:41:48;m: biin;level 25 crypt
2026-07-12 16:41:49;m: marg;level 25 citadel
2026-07-12 16:41:49;m: milanooo;level 25 crypt
2026-07-12 16:41:50;m: durdy 7777;level 15 crypt
2026-07-12 16:41:51;m: milanooo;level 25 crypt
2026-07-12 16:41:52;m: mauro;level 25 citadel
2026-07-12 16:41:52;m: durdy 7777;level 25 crypt
2026-07-12 16:41:53;m: ulises el floreros;level 20 crypt
2026-07-12 16:41:54;m: biin;level 16 heroic monster
2026-07-12 16:41:54;m: milanooo;level 25 crypt
2026-07-12 16:41:55;m: durdy 7777;level 25 crypt
2026-07-12 16:41:56;m: ulises el floreros;level 20 crypt
2026-07-12 16:41:57;m: milanooo;level 25 crypt
2026-07-12 16:41:57;m: durdy 7777;level 15 crypt
2026-07-12 16:41:58;m: marg;level 25 citadel
2026-07-12 16:41:59;m: ulises el floreros;level 20 crypt
2026-07-12 16:42:00;"m: yime ""y";level 25 crypt
2026-07-12 16:42:00;m: mauro;level 30 citadel
2026-07-12 16:42:01;m: durdy 7777;level 20 crypt
2026-07-12 16:42:02;"m: yime ""y";level 25 crypt
2026-07-12 16:42:02;m: ulises el floreros;level 15 epic crypt
2026-07-12 16:42:03;"m: yime ""y";level 25 crypt
2026-07-12 16:42:04;m: milanooo;level 25 crypt
2026-07-12 16:42:05;"m: yime ""y";level 25 crypt
2026-07-12 16:42:05;m: benxander;level 20 crypt
2026-07-12 16:42:06;m: murod;level 20 crypt
2026-07-12 16:42:07;m: biin;level 26 heroic monster
2026-07-12 16:42:08;m: murod;arena
2026-07-12 16:42:08;m: murod;level 20 crypt
2026-07-12 16:42:09;m: murod;level 20 crypt
2026-07-12 16:42:10;m: trella;level 10 crypt
2026-07-12 16:42:11;m: marg;level 25 citadel
2026-07-12 16:42:11;m: trella;level 20 rare crypt
2026-07-12 16:42:12;m: turbiybiczu;level 10 crypt
2026-07-12 16:42:13;"m: yime ""y";level 25 crypt
2026-07-12 16:42:14;m: malorius;level 15 crypt
2026-07-12 16:42:14;m: trella;level 15 crypt
2026-07-12 16:42:15;m: trella;level 15 crypt
2026-07-12 16:42:16;m: ulises el floreros;level 25 citadel
2026-07-12 16:42:17;m: milanooo;level 35-39 vault of the ancients
2026-07-12 16:42:17;"m: yime ""y";level 25 rare crypt
2026-07-12 16:42:18;m: trella;level 20 rare crypt
2026-07-12 16:42:19;m: malorius;level 15 crypt
2026-07-12 16:42:20;m: marg;level 25 citadel
2026-07-12 16:42:20;m: malorius;level 15 crypt
2026-07-12 16:42:21;m: murod;level 20 rare crypt
2026-07-12 16:42:22;m: ulises el floreros;level 25 citadel
2026-07-12 16:42:22;m: milanooo;level 30 citadel
2026-07-12 16:42:23;"m: yime ""y";level 25 rare crypt
2026-07-12 16:42:24;m: trella;level 15 crypt
2026-07-12 16:42:25;"m: yime ""y";level 25 rare crypt
2026-07-12 16:42:25;"m: yime ""y";level 30 rare crypt
2026-07-12 16:42:26;m: asturi;level 20 epic crypt
2026-07-12 16:42:27;"m: yime ""y";level 25 rare crypt
2026-07-12 16:42:28;m: marg;level 25 citadel
2026-07-12 16:42:28;"m: yime ""y";level 30 epic crypt
2026-07-12 16:42:29;m: ulises el floreros;level 15 citadel
2026-07-12 16:42:30;"m: yime ""y";level 25 rare crypt
2026-07-12 16:42:31;"m: yime ""y";level 25 rare crypt
2026-07-12 16:42:31;m: trella;level 25 epic crypt
2026-07-12 16:42:32;"m: yime ""y";level 25 rare crypt
2026-07-12 16:42:33;"m: yime ""y";level 25 rare crypt
2026-07-12 16:42:34;m: marg;level 25 citadel
2026-07-12 16:42:34;m: asturi;level 20 crypt
2026-07-12 16:42:35;m: trella;level 20 rare crypt
2026-07-12 16:42:36;m: trella;level 25 rare crypt
2026-07-12 16:42:36;m: asturi;level 20 crypt
2026-07-12 16:42:37;m: trella;level 25 rare crypt
2026-07-12 16:42:38;m: dardaen;level 20 rare crypt
2026-07-12 16:42:39;"m: yime ""y";level 35-39 vault of the ancients
2026-07-12 16:42:39;m: dardaen;level 20 rare crypt
2026-07-12 16:42:40;m: trella;level 25 rare crypt
2026-07-12 16:42:41;m: dardaen;level 20 rare crypt
2026-07-12 16:42:42;m: dardaen;level 20 rare crypt
2026-07-12 16:42:42;m: dardaen;level 15 crypt
2026-07-12 16:42:43;m: dardaen;level 15 rare crypt
2026-07-12 16:42:44;"m: yime ""y";level 30-34 vault of the ancients
2026-07-12 16:42:45;m: dardaen;level 15 crypt
2026-07-12 16:42:45;m: asturi;level 20 epic crypt
2026-07-12 16:42:46;m: dardaen;level 15 crypt
2026-07-12 16:42:47;m: mauro;level 35-39 vault of the ancients
2026-07-12 16:42:48;m: dardaen;level 20 crypt
2026-07-12 16:42:48;m: asturi;level 20 crypt
2026-07-12 16:42:49;m: dardaen;level 15 crypt
2026-07-12 16:42:50;m: dardaen;level 15 crypt
2026-07-12 16:42:51;m: murod;level 20 rare crypt
2026-07-12 16:42:51;m: dardaen;level 15 crypt
2026-07-12 16:42:52;m: milanooo;level 30-34 vault of the ancients
2026-07-12 16:42:53;m: dardaen;level 20 crypt
2026-07-12 16:42:53;m: trella;level 20 citadel
2026-07-12 16:42:54;m: dardaen;level 15 crypt
2026-07-12 16:42:55;m: dardaen;level 20 crypt
2026-07-12 16:42:56;m: marg;level 25 citadel
2026-07-12 16:42:56;m: ulises el floreros;level 30-34 vault of the ancients
2026-07-12 16:42:57;m: dardaen;level 20 rare crypt
2026-07-12 16:42:58;"m: yime ""y";level 25 rare crypt
2026-07-12 16:42:59;"m: yime ""y";level 25 rare crypt
2026-07-12 16:42:59;m: dardaen;level 20 rare crypt
2026-07-12 16:43:00;"m: yime ""y";level 25 rare crypt
2026-07-12 16:43:01;m: dardaen;level 20 rare crypt
2026-07-12 16:43:02;"m: yime ""y";level 25 rare crypt
2026-07-12 16:43:02;m: dardaen;level 20 rare crypt
2026-07-12 16:43:03;m: turbiybiczu;level 10 crypt
2026-07-12 16:43:04;m: dardaen;level 20 rare crypt
2026-07-12 16:43:05;m: marg;level 25 rare crypt
2026-07-12 16:43:05;m: eygenaní;level 35-39 vault of the ancients
2026-07-12 16:43:06;m: marg;level 25 rare crypt
2026-07-12 16:43:07;m: milanooo;level 25 citadel
2026-07-12 16:43:08;m: ulises el floreros;level 30-34 vault of the ancients
2026-07-12 16:43:08;m: astralsito;level 20 crypt
2026-07-12 16:43:09;m: astralsito;level 15 crypt
2026-07-12 16:43:10;m: astralsito;level 15 crypt
2026-07-12 16:43:11;m: astralsito;level 15 crypt
2026-07-12 16:43:11;m: astralsito;level 15 crypt
2026-07-12 16:43:12;m: eygenaní;level 35-39 vault of the ancients
2026-07-12 16:43:13;m: astralsito;level 15 crypt
2026-07-12 16:43:14;m: astralsito;level 15 crypt
2026-07-12 16:43:14;m: astralsito;level 15 crypt
2026-07-12 16:43:15;m: astralsito;level 15 crypt
2026-07-12 16:43:16;m: ulises el floreros;level 15 rare crypt
2026-07-12 16:43:16;m: astralsito;level 20 crypt
2026-07-12 16:43:17;m: marg;level 25 rare crypt
2026-07-12 16:43:18;m: marg;level 25 rare crypt
2026-07-12 16:43:19;m: marg;level 25 rare crypt
2026-07-12 16:43:19;m: asteria;level 25 epic crypt
2026-07-12 16:43:20;m: marg;level 25 rare crypt
2026-07-12 16:43:21;m: marg;level 25 rare crypt
2026-07-12 16:43:22;m: milanooo;level 30-34 vault of the ancients
2026-07-12 16:43:22;m: malvina;level 20 epic crypt
2026-07-12 16:43:23;m: eygenaní;level 40-44 vault of the ancients
2026-07-12 16:43:24;m: malvina;level 15 crypt
2026-07-12 16:43:25;m: meginan;level 20 crypt
2026-07-12 16:43:25;m: mauro;level 30-34 vault of the ancients
2026-07-12 16:43:26;m: marg;level 25 rare crypt
2026-07-12 16:43:27;m: marg;level 25 rare crypt
2026-07-12 16:43:27;m: ulises el floreros;level 25 rare crypt
2026-07-12 16:43:28;m: meginan;level 20 crypt
2026-07-12 16:43:29;m: marg;level 25 rare crypt
2026-07-12 16:43:30;m: ulises el floreros;level 20 crypt
2026-07-12 16:43:30;m: malorius;level 25 crypt
2026-07-12 16:43:31;m: adorazius;level 15 crypt
2026-07-12 16:43:32;m: ulises el floreros;level 19 heroic monster
2026-07-12 16:43:33;m: eygenaní;level 35-39 vault of the ancients
2026-07-12 16:43:33;m: adorazius;level 25 epic crypt
2026-07-12 16:43:34;m: asteria;level 15 epic crypt
2026-07-12 16:43:35;m: turbiybiczu;level 10 crypt
2026-07-12 16:43:36;m: asteria;level 25 crypt
2026-07-12 16:43:36;m: marg;level 20 crypt
2026-07-12 16:43:37;m: ulises el floreros;level 24 heroic monster
2026-07-12 16:43:38;m: meginan;level 20 epic crypt
2026-07-12 16:43:39;m: marg;level 15 crypt
2026-07-12 16:43:39;m: soule1970;level 25 crypt
2026-07-12 16:43:40;m: asteria;level 25 crypt
2026-07-12 16:43:41;m: meginan;level 20 epic crypt
2026-07-12 16:43:41;m: ulises el floreros;level 17 heroic monster
2026-07-12 16:43:42;m: asteria;level 25 crypt
2026-07-12 16:43:43;m: ulises el floreros;level 19 heroic monster
2026-07-12 16:43:44;m: soule1970;level 25 crypt
2026-07-12 16:43:44;m: malvina;level 20 crypt
2026-07-12 16:43:45;m: boy name;level 25 crypt
2026-07-12 16:43:46;m: eygenaní;level 35-39 vault of the ancients
2026-07-12 16:43:47;m: malvina;level 15 crypt
2026-07-12 16:43:47;m: meginan;level 20 crypt
2026-07-12 16:43:48;m: ulises el floreros;level 20 citadel
2026-07-12 16:43:49;m: malorius;level 25 crypt
2026-07-12 16:43:50;m: asteria;level 25 crypt
2026-07-12 16:43:50;m: boy name;level 25 crypt
2026-07-12 16:43:51;m: eygenaní;level 30-34 vault of the ancients
2026-07-12 16:43:52;m: boy name;arena
2026-07-12 16:43:52;m: boy name;level 25 crypt
2026-07-12 16:43:53;m: ulises el floreros;level 20 citadel
2026-07-12 16:43:54;m: eygenaní;level 25-29 vault of the ancients
2026-07-12 16:43:55;m: boy name;level 25 crypt
2026-07-12 16:43:55;m: biin;level 30-34 vault of the ancients
2026-07-12 16:43:56;m: asteria;level 25 crypt
2026-07-12 16:43:57;m: ulises el floreros;level 20 citadel
2026-07-12 16:43:58;m: the mighty lord;level 15 crypt
2026-07-12 16:43:58;m: ulises el floreros;level 25 citadel
2026-07-12 16:43:59;m: malorius;level 30 citadel
2026-07-12 16:44:00;m: asteria;level 25 crypt
2026-07-12 16:44:01;m: malorius;level 30 citadel
2026-07-12 16:44:01;m: malvina;level 15 rare crypt
2026-07-12 16:44:02;m: malvina;level 20 rare crypt
2026-07-12 16:44:03;m: jhanau kong;level 20 crypt
2026-07-12 16:44:03;m: biin;level 35-39 vault of the ancients
2026-07-12 16:44:04;m: asteria;level 25 crypt
2026-07-12 16:44:05;m: jhanau kong;level 20 crypt
2026-07-12 16:44:06;m: asteria;level 25 crypt
2026-07-12 16:44:06;m: ganían wala;level 30-34 vault of the ancients
2026-07-12 16:44:07;m: zero;level 20 crypt
2026-07-12 16:44:08;m: zero;level 20 crypt
2026-07-12 16:44:09;m: boy oh boy;level 10 crypt
2026-07-12 16:44:09;m: zero;level 20 crypt
2026-07-12 16:44:10;m: milanooo;level 30-34 vault of the ancients
2026-07-12 16:44:11;m: marg;level 15 crypt
2026-07-12 16:44:12;m: boy oh boy;level 20 crypt
2026-07-12 16:44:12;m: boy oh boy;level 10 crypt
2026-07-12 16:44:13;m: boy oh boy;level 5 crypt
2026-07-12 16:44:14;m: the mighty lord;level 15 crypt
2026-07-12 16:44:15;m: asteria;level 25 crypt
2026-07-12 16:44:15;m: malorius;level 30 rare crypt
2026-07-12 16:44:16;m: asteria;level 25 rare crypt
2026-07-12 16:44:17;m: malorius;level 35-39 vault of the ancients
2026-07-12 16:44:18;m: maakosky;level 30-34 vault of the ancients
2026-07-12 16:44:18;m: ares;level 25 crypt
2026-07-12 16:44:19;m: asteria;level 25 crypt
2026-07-12 16:44:20;m: malorius;level 35-39 vault of the ancients
2026-07-12 16:44:20;m: asteria;level 25 rare crypt
2026-07-12 16:44:21;m: the mighty lord;level 15 crypt
2026-07-12 16:44:22;m: asteria;level 25-29 vault of the ancients
2026-07-12 16:44:23;m: malvina;level 25 crypt
2026-07-12 16:44:23;m: sisu;level 25 crypt
2026-07-12 16:44:24;m: biin;level 30-34 vault of the ancients
2026-07-12 16:44:25;m: asteria;level 25 crypt
2026-07-12 16:44:26;m: sisu;level 20 crypt
2026-07-12 16:44:26;m: sisu;level 25 crypt
2026-07-12 16:44:27;m: sisu;level 25 crypt
2026-07-12 16:44:28;m: sisu;level 25 crypt
2026-07-12 16:44:28;m: sisu;level 25 rare crypt
2026-07-12 16:44:29;m: sisu;level 25 rare crypt
2026-07-12 16:44:30;m: sisu;level 20 epic crypt
2026-07-12 18:17:21;m: sisu;level 30-34 vault of the ancients
2026-07-12 18:17:22;m: ulises el floreros;level 20 citadel
2026-07-12 18:17:22;m: -jasmine»;level 25 crypt
2026-07-12 18:17:23;m: -jasmine»;level 25 crypt
2026-07-12 18:17:24;m: -jasmine»;level 25 crypt
2026-07-12 18:17:25;m: ulises el floreros;level 20 rare crypt
2026-07-12 18:17:25;m: ulises el floreros;level 25 rare crypt
2026-07-12 18:17:26;m: ulises el floreros;level 20 rare crypt
2026-07-12 18:17:27;m: ulises el floreros;level 20 rare crypt
2026-07-12 18:17:28;m: zololar;level 5 crypt
2026-07-12 18:17:28;m: zololar;level 10 crypt
2026-07-12 18:17:29;m: zololar;level 5 crypt
2026-07-12 18:17:30;m: ulises el floreros;level 20 rare crypt
2026-07-12 18:17:30;m: ulises el floreros;level 20 crypt
2026-07-12 18:17:31;m: marg;level 35-39 vault of the ancients
2026-07-12 18:17:32;m: sisu;level 35-39 vault of the ancients
2026-07-12 18:17:33;m: directhor;level 25 crypt
2026-07-12 18:17:33;m: turbiybiczu;level 15 epic crypt
2026-07-12 18:17:34;m: sisu;level 35-39 vault of the ancients
2026-07-12 18:17:35;m: turbiybiczu;level 10 crypt
2026-07-12 18:17:36;m: directhor;level 25 crypt
2026-07-12 18:17:36;m: directhor;level 25 crypt
2026-07-12 18:17:37;m: lordriel;level 25 crypt
2026-07-12 18:17:38;m: lordriel;level 25 crypt
2026-07-12 18:17:39;m: turbiybiczu;level 10 crypt
2026-07-12 18:17:39;m: lordriel;level 25 crypt
2026-07-12 18:17:40;m: turbiybiczu;level 15 crypt
2026-07-12 18:17:41;m: turbiybiczu;level 10 crypt
2026-07-12 18:17:42;m: sisusk;level 35-39 vault of the ancients
2026-07-12 18:17:42;m: sisusk;level 25 crypt
2026-07-12 18:17:43;m: turbiybiczu;level 10 crypt
2026-07-12 18:17:44;m: sisusk;level 20 crypt
2026-07-12 18:17:44;m: the mighty lord;level 23 heroic monster
2026-07-12 18:17:45;m: sisusk;level 25 crypt
2026-07-12 18:17:46;m: sisusk;level 20 crypt
2026-07-12 18:17:47;m: sisusk;level 25 crypt
2026-07-12 18:17:47;m: sisusk;level 25 crypt
2026-07-12 18:17:48;m: sisusk;level 25 rare crypt
2026-07-12 18:17:49;m: sisusk;level 25 rare crypt
2026-07-12 18:17:50;m: sisusk;level 25 rare crypt
2026-07-12 18:17:50;m: sisusk;level 25 rare crypt
2026-07-12 18:17:51;m: the lion;level 20 rare crypt
2026-07-12 18:17:52;m: the lion;level 20 crypt
2026-07-12 18:17:52;m: sisu;level 35-39 vault of the ancients
2026-07-12 18:17:53;m: the lion;level 20 crypt
2026-07-12 18:17:54;m: jhanau kong;level 15 crypt
2026-07-12 18:17:55;m: ladywolf;level 15 epic crypt
2026-07-12 18:17:55;m: ladywolf;level 15 epic crypt
2026-07-12 18:17:56;m: jhanau kong;level 15 crypt
2026-07-12 18:17:57;m: ladywolf;level 5 crypt
2026-07-12 18:17:58;m: ladywolf;level 5 crypt
2026-07-12 18:17:58;m: the lion;level 20 crypt
2026-07-12 18:17:59;m: ladywolf;level 30-34 vault of the ancients
2026-07-12 18:18:00;m: ladywolf;level 15 crypt
2026-07-12 18:18:01;m: ladywolf;level 20 crypt
2026-07-12 18:18:01;m: ladywolf;level 20 crypt
2026-07-12 18:18:02;m: berrygoblina;level 10 rare crypt
2026-07-12 18:18:03;m: gririm;level 15 crypt
2026-07-12 18:18:04;m: gririm;level 25 crypt
2026-07-12 18:18:04;m: gririm;level 20 crypt
2026-07-12 18:18:05;m: berrygoblina;level 30 epic crypt
2026-07-12 18:18:06;m: alma;level 20 crypt
2026-07-12 18:18:06;m: berrygoblina;level 25 crypt
2026-07-12 18:18:07;m: berrygoblina;arena
2026-07-12 18:18:08;m: berrygoblina;level 20 crypt
2026-07-12 18:18:09;m: berrygoblina;level 25 crypt
2026-07-12 18:18:09;m: jhanau kong;level 30-34 vault of the ancients
2026-07-12 18:18:10;m: jhanau kong;level 15 epic crypt
2026-07-12 18:18:11;m: alma;arena
2026-07-12 18:18:11;m: ladywolf;level 5 crypt
2026-07-12 18:18:12;m: jhanau kong;level 15 crypt
2026-07-12 18:18:13;m: milanooo;level 30-34 vault of the ancients
2026-07-12 18:18:14;m: jhanau kong;level 15 epic crypt
2026-07-12 18:18:14;m: jhanau kong;level 15 crypt
2026-07-12 18:18:15;m: marod;level 10 crypt
2026-07-12 18:18:16;m: marod;level 10 crypt
2026-07-12 18:18:17;m: marod;level 10 crypt
2026-07-12 18:18:17;m: gririm;level 20 citadel
2026-07-12 18:18:18;m: jhanau kong;level 15 epic crypt
2026-07-12 18:18:19;m: durga;level 25 crypt
2026-07-12 18:18:19;m: adorazius;level 30-34 vault of the ancients
2026-07-12 18:18:20;m: adorazius;level 25 rare crypt
2026-07-12 18:18:21;m: durga;level 25 crypt
2026-07-12 18:18:22;m: adorazius;level 25 rare crypt
2026-07-12 18:18:22;m: gririm;level 20 citadel
2026-07-12 18:18:23;m: jhanau kong;level 15 crypt
2026-07-12 18:18:24;m: adorazius;level 25 rare crypt
2026-07-12 18:18:25;m: adorazius;level 25 rare crypt
2026-07-12 18:18:25;m: adorazius;level 25 rare crypt
2026-07-12 18:18:26;m: devildog;level 20 crypt
2026-07-12 18:18:27;m: gririm;level 20 citadel
2026-07-12 18:18:28;m: jhanau kong;level 15 crypt
2026-07-12 18:18:28;m: durga;level 25 rare crypt
2026-07-12 18:18:29;m: jhanau kong;level 15 epic crypt
2026-07-12 18:18:30;m: milanooo;level 30-34 vault of the ancients
2026-07-12 18:18:31;m: gririm;level 20 citadel
2026-07-12 18:18:31;m: alma;level 20 crypt
2026-07-12 18:18:32;m: durga;level 25 epic crypt
2026-07-12 18:18:33;m: jhanau kong;level 15 epic crypt
2026-07-12 18:18:34;m: adorazius;level 25 rare crypt
2026-07-13 00:54:22;m: devildog;level 15 crypt
2026-07-13 00:54:22;m: gririm;level 20 citadel
2026-07-13 00:54:23;m: alma;level 20 crypt
2026-07-13 00:54:24;m: durga;level 25 epic crypt
2026-07-13 00:54:24;m: jhanau kong;level 15 epic crypt
2026-07-13 00:54:25;m: durga;level 25 crypt
2026-07-13 00:54:26;m: francescaromana;level 15 crypt
2026-07-13 00:54:27;m: gririm;level 20 citadel
2026-07-13 00:54:27;m: ladywolf;union of triumph personal reward
2026-07-13 00:54:28;m: ladywolf;union of triumph personal reward
2026-07-13 00:54:29;m: ladywolf;union of triumph personal reward
2026-07-13 00:54:30;m: ladywolf;union of triumph personal reward
2026-07-13 00:54:30;m: ladywolf;union of triumph personal reward
2026-07-13 00:54:31;m: francescaromana;level 20 crypt
2026-07-13 00:54:32;m: gririm;level 20 citadel
2026-07-13 00:54:33;m: daidal;level 20 crypt
2026-07-13 00:54:33;m: gririm;level 15 citadel
2026-07-13 00:54:34;m: devildog;level 20 crypt
2026-07-13 00:54:35;m: the lion;level 20 crypt
2026-07-13 00:54:35;m: luppii;level 10 crypt
2026-07-13 00:54:36;m: adorazius;level 25 rare crypt
2026-07-13 00:54:37;m: daidal;level 20 rare crypt
2026-07-13 00:54:38;m: adorazius;level 25 rare crypt
2026-07-13 00:54:38;m: daidal;level 20 rare crypt
2026-07-13 00:54:39;m: gririm;level 20 citadel
2026-07-13 00:54:40;m: daidal;level 20 epic crypt
2026-07-13 00:54:41;m: mon amour;level 30 rare crypt
2026-07-13 00:54:41;m: devildog;level 20 crypt
2026-07-13 00:54:42;m: mon amour;level 30 rare crypt
2026-07-13 00:54:43;m: daidal;level 20 crypt
2026-07-13 00:54:43;m: mon amour;level 30 rare crypt
2026-07-13 00:54:44;m: daidal;level 20 crypt
2026-07-13 00:54:45;m: gririm;level 20 citadel
2026-07-13 00:54:46;m: devildog;level 15 crypt
2026-07-13 00:54:46;m: daidal;level 20 epic crypt
2026-07-13 00:54:47;m: gririm;level 20 citadel
2026-07-13 00:54:48;m: devildog;level 20 crypt
2026-07-13 00:54:49;m: gririm;level 20 citadel
2026-07-13 00:54:49;m: sath;level 20 crypt
2026-07-13 00:54:50;m: mon amour;level 30-34 vault of the ancients
2026-07-13 00:54:51;m: gririm;level 20 citadel
2026-07-13 00:54:51;m: burilen;level 25 crypt
2026-07-13 00:54:52;m: asteria;level 25 crypt
2026-07-13 00:54:53;m: burilen;level 20 epic crypt
2026-07-13 00:54:54;m: asteria;level 25 crypt
2026-07-13 00:54:54;m: jhanau kong;level 20 crypt
2026-07-13 00:54:55;m: ladywolf;level 30-34 vault of the ancients
2026-07-13 00:54:56;m: daidal;level 20 epic crypt
2026-07-13 00:54:57;m: vasiliki;level 25 crypt
2026-07-13 00:54:57;m: vasiliki;level 25 crypt
2026-07-13 00:54:58;m: ladywolf;level 30-34 vault of the ancients
2026-07-13 00:54:59;m: vasiliki;level 25 crypt
2026-07-13 00:55:00;m: asteria;level 25 crypt
2026-07-13 00:55:00;m: jhanau kong;level 20 epic crypt
2026-07-13 00:55:01;m: jhanau kong;level 20 crypt
2026-07-13 00:55:02;m: asteria;level 25 crypt
2026-07-13 00:55:02;m: bialex;level 20 citadel
2026-07-13 00:55:03;m: asteria;level 30-34 vault of the ancients
2026-07-13 00:55:04;m: devildog;level 15 crypt
2026-07-13 00:55:05;m: gririm;level 15 epic crypt
2026-07-13 00:55:05;m: gririm;level 20 crypt
2026-07-13 00:55:06;m: devildog;level 15 crypt
2026-07-13 00:55:07;m: gririm;level 25 crypt
2026-07-13 00:55:08;m: gririm;level 15 epic crypt
2026-07-13 00:55:08;m: gririm;level 20 epic crypt
2026-07-13 00:55:09;m: gririm;level 15 epic crypt
2026-07-13 00:55:10;m: devildog;level 20 crypt
2026-07-13 00:55:10;m: gririm;level 15 rare crypt
2026-07-13 00:55:11;m: gririm;level 20 rare crypt
2026-07-13 00:55:12;m: asteria;level 25 crypt
2026-07-13 00:55:13;m: milanooo;level 30 citadel
2026-07-13 00:55:13;m: asteria;level 25 crypt
2026-07-13 00:55:14;m: ladyhawke;level 20 crypt
2026-07-13 00:55:15;m: milanooo;level 25 citadel
2026-07-13 00:55:15;m: asteria;level 25 rare crypt
2026-07-13 00:55:16;m: ladyhawke;level 20 crypt
2026-07-13 00:55:17;m: ladyhawke;level 20 crypt
2026-07-13 00:55:18;m: milanooo;level 30 rare crypt
2026-07-13 00:55:18;m: ladyhawke;level 25 crypt
2026-07-13 00:55:19;m: ladyhawke;level 25 crypt
2026-07-13 00:55:20;m: ladyhawke;level 25 crypt
2026-07-13 00:55:21;m: ladyhawke;level 25 crypt
2026-07-13 00:55:21;m: ladyhawke;level 25 crypt
2026-07-13 00:55:22;m: keradred;level 20 crypt
2026-07-13 00:55:23;m: keradred;level 20 crypt
2026-07-13 00:55:23;m: keradred;level 20 crypt
2026-07-13 00:55:24;m: lan;level 25 rare crypt
2026-07-13 00:55:25;m: lan;level 25 crypt
2026-07-13 00:55:26;m: lordriel;jórmungandr shop
2026-07-13 00:55:26;m: lordriel;jórmungandr shop
2026-07-13 00:55:27;m: lordriel;jórmungandr shop
2026-07-13 00:55:28;m: lordriel;jórmungandr shop
2026-07-13 00:55:29;m: lordriel;jórmungandr shop
2026-07-13 00:55:29;m: lan;level 25 crypt
2026-07-13 00:55:30;m: lan;level 25 crypt
2026-07-13 00:55:31;m: lordriel;level 20 crypt
2026-07-13 00:55:31;m: ladyhawke;level 25 crypt
2026-07-13 00:55:32;m: berrygoblina;level 30 rare crypt
2026-07-13 00:55:33;m: ladyhawke;level 15 epic crypt
2026-07-13 00:55:34;m: benxander;level 20 crypt
2026-07-13 00:55:34;m: luppii;level 10 crypt
2026-07-13 00:55:35;m: luppii;level 10 crypt
2026-07-13 00:55:36;m: benxander;level 20 crypt
2026-07-13 00:55:37;m: luppii;level 15 rare crypt
2026-07-13 00:55:37;m: marod;level 10 crypt
2026-07-13 00:55:38;m: benxander;level 20 crypt
2026-07-13 00:55:39;m: marod;level 25 crypt
2026-07-13 00:55:39;m: benxander;level 20 epic crypt
2026-07-13 00:55:40;m: marod;level 15 crypt
2026-07-13 00:55:41;m: marod;level 10 crypt
2026-07-13 00:55:42;m: lan;level 35-39 vault of the ancients
2026-07-13 00:55:42;m: marod;level 25 rare crypt
2026-07-13 00:55:43;m: marod;level 10 crypt
2026-07-13 00:55:44;m: marod;level 10 crypt
2026-07-13 00:55:45;m: berrygoblina;level 25 crypt
2026-07-13 00:55:45;m: ladyhawke;level 25 crypt
2026-07-13 00:55:46;m: berrygoblina;level 25 crypt
2026-07-13 00:55:47;m: berrygoblina;level 25 crypt
2026-07-13 00:55:47;m: ladyhawke;level 15 crypt
2026-07-13 00:55:48;m: berrygoblina;level 25 crypt
2026-07-13 00:55:49;m: berrygoblina;level 25 crypt
2026-07-13 00:55:50;m: ladyhawke;level 10 crypt
2026-07-13 00:55:50;m: berrygoblina;level 25 crypt
2026-07-13 00:55:51;m: berrygoblina;level 25 crypt
2026-07-13 00:55:52;m: ben xander;level 20 epic crypt
2026-07-13 00:55:52;m: berrygoblina;level 25 crypt
2026-07-13 00:55:53;m: devildog;level 20 crypt
2026-07-13 00:55:54;m: berrygoblina;level 25 crypt
2026-07-13 00:55:55;m: ben xander;level 20 crypt
2026-07-13 00:55:55;m: berrygoblina;level 25 crypt
2026-07-13 00:55:56;m: berrygoblina;level 25 crypt
2026-07-13 00:55:57;m: berrygoblina;level 25 crypt
2026-07-13 00:55:58;m: berrygoblina;level 25 crypt
2026-07-13 00:55:58;m: berrygoblina;level 20 crypt
2026-07-13 00:55:59;m: the mighty lord;level 25 crypt
2026-07-13 00:56:00;m: berrygoblina;level 20 crypt
2026-07-13 00:56:01;m: kari;level 15 crypt
2026-07-13 00:56:01;m: ben xander;level 20 crypt
2026-07-13 00:56:02;m: berrygoblina;level 15 crypt
2026-07-13 00:56:03;m: berrygoblina;level 15 crypt
2026-07-13 00:56:04;m: the mighty lord;level 15 epic crypt
2026-07-13 00:56:04;m: kari;level 20 crypt
2026-07-13 00:56:05;m: davatoloco;level 25 crypt
2026-07-13 00:56:06;m: ben xander;arena
2026-07-13 00:56:06;m: davatoloco;level 25 crypt
2026-07-13 00:56:07;m: kari;level 20 crypt
2026-07-13 00:56:08;m: ben xander;level 20 crypt
2026-07-13 00:56:09;m: davatoloco;level 25 crypt
2026-07-13 00:56:09;m: lan;level 20 crypt
2026-07-13 00:56:10;m: berrygoblina;clan wealth
2026-07-13 00:56:11;m: berrygoblina;clan wealth
2026-07-13 00:56:12;m: berrygoblina;clan wealth
2026-07-13 00:56:12;m: berrygoblina;clan wealth
2026-07-13 00:56:13;m: ben xander;level 20 crypt
2026-07-13 00:56:14;m: ben xander;level 20 crypt
2026-07-13 00:56:15;m: lan;level 20 crypt
2026-07-13 00:56:15;m: ben xander;level 20 crypt
2026-07-13 00:56:16;m: ben xander;level 20 rare crypt
2026-07-13 00:56:17;m: ben xander;level 20 rare crypt
2026-07-13 00:56:17;m: ben xander;level 20 crypt
2026-07-13 00:56:18;m: lan;level 20 crypt
2026-07-13 00:56:19;m: erreape;level 25 crypt
2026-07-13 00:56:20;m: lan;level 20 crypt
2026-07-13 00:56:20;m: erreape;level 25 epic crypt
2026-07-13 00:56:21;m: erreape;level 25 crypt
2026-07-13 00:56:22;m: erreape;level 25 crypt
2026-07-13 00:56:23;m: erreape;level 25 epic crypt
2026-07-13 00:56:23;m: ladyhawke;level 20 epic crypt
2026-07-13 00:56:24;m: ladyhawke;level 20 epic crypt
2026-07-13 00:56:25;m: devildog;level 15 crypt
2026-07-13 00:56:26;m: erreape;level 30-34 vault of the ancients
2026-07-13 00:56:26;m: kezuru es;level 10 crypt
2026-07-13 00:56:27;m: kezuru es;level 10 crypt
2026-07-13 00:56:28;m: kezuru es;level 10 crypt
2026-07-13 00:56:28;m: devildog;level 20 crypt
2026-07-13 00:56:29;m: ladyhawke;level 25-29 vault of the ancients
2026-07-13 00:56:30;m: erreape;level 35-39 vault of the ancients
2026-07-13 00:56:31;m: burilen;level 15 crypt
2026-07-13 00:56:31;m: burilen;level 15 crypt
2026-07-13 00:56:32;m: burilen;level 30-34 vault of the ancients
2026-07-13 00:56:33;m: caperucita roja;level 10 crypt
2026-07-13 00:56:34;m: erreape;level 35-39 vault of the ancients
2026-07-13 00:56:34;m: cenicienta;level 10 crypt
2026-07-13 00:56:35;m: cenicienta;arena
2026-07-13 00:56:36;m: cenicienta;level 5 crypt
2026-07-13 00:56:36;m: ladyhawke;level 20 epic crypt
2026-07-13 00:56:37;m: ladyhawke;level 20 epic crypt
2026-07-13 00:56:38;m: ladyhawke;level 30-34 vault of the ancients
2026-07-13 00:56:39;m: kari;level 25 crypt
2026-07-13 00:56:39;m: ladyhawke;level 25 crypt
2026-07-13 00:56:40;m: ladyhawke;level 25 crypt
2026-07-13 00:56:41;m: burilen;level 25 epic crypt
2026-07-13 00:56:42;m: milanooo;level 30 citadel
2026-07-13 00:56:42;m: tyeojind;level 5 crypt
2026-07-13 00:56:43;m: tyeojind;level 5 crypt
2026-07-13 00:56:44;m: milanooo;level 30 citadel
2026-07-13 00:56:44;m: milanooo;level 30 citadel
2026-07-13 00:56:45;m: milanooo;level 25 citadel
2026-07-13 00:56:46;m: milanooo;level 23 heroic monster
2026-07-13 00:56:47;m: sath;level 20 crypt
2026-07-13 00:56:47;m: sath;level 15 crypt
2026-07-13 00:56:48;m: murod;level 15 crypt
2026-07-13 00:56:49;m: murod;level 10 crypt
2026-07-13 00:56:50;m: murod;level 20 rare crypt
2026-07-13 00:56:50;m: murod;level 20 crypt
2026-07-13 00:56:51;m: murod;level 20 crypt
2026-07-13 00:56:52;m: murod;level 20 crypt
2026-07-13 00:56:53;m: lagar;level 25 crypt
2026-07-13 00:56:53;m: kishura;level 20 crypt
2026-07-13 00:56:54;m: lagar;level 25 crypt
2026-07-13 00:56:55;m: kishura;level 20 crypt
2026-07-13 00:56:56;m: lagar;level 25 crypt
2026-07-13 00:56:56;m: kishura;level 20 crypt
2026-07-13 00:56:57;m: kishura;level 20 crypt
2026-07-13 00:56:58;m: kishura;level 20 crypt
2026-07-13 00:56:59;m: kishura;level 20 crypt
2026-07-13 00:56:59;m: kishura;level 20 crypt
2026-07-13 00:57:00;m: kishura;level 20 crypt
2026-07-13 00:57:01;m: kishura;level 20 crypt
2026-07-13 00:57:01;m: kishura;level 20 crypt
2026-07-13 00:57:02;m: kishura;level 20 epic crypt
2026-07-13 00:57:03;m: kishura;level 20 epic crypt
2026-07-13 00:57:04;m: kishura;level 20 rare crypt
2026-07-13 00:57:04;m: kishura;level 20 rare crypt
2026-07-13 00:57:05;m: the lion;level 20 citadel
2026-07-13 17:14:02;m: marg;level 25 citadel
2026-07-13 17:14:03;m: marg;level 25 citadel
2026-07-13 17:14:03;m: marg;level 25 citadel
2026-07-13 17:14:04;m: marg;level 25 citadel
2026-07-13 17:14:05;m: alex1os;level 15 crypt
2026-07-13 17:14:06;m: alex1os;level 10 crypt
2026-07-13 17:14:06;m: shahzeb khanzada;level 20 crypt
2026-07-13 17:14:07;m: alex1os;level 20 crypt
2026-07-13 17:14:08;m: alex1os;level 10 crypt
2026-07-13 17:14:08;m: alex1os;level 15 crypt
2026-07-13 17:14:09;m: alex1os;level 25 rare crypt
2026-07-13 17:14:10;m: marg;level 25 rare crypt
2026-07-13 17:14:11;m: marg;level 25 rare crypt
2026-07-13 17:14:11;m: marg;level 25 rare crypt
2026-07-13 17:14:12;m: marg;level 25 rare crypt
2026-07-13 17:14:13;m: dardaen;level 25 epic crypt
2026-07-13 17:14:14;m: dardaen;level 20 epic crypt
2026-07-13 17:14:14;m: dardaen;level 20 epic crypt
2026-07-13 17:14:15;m: dardaen;level 20 epic crypt
2026-07-13 17:14:16;m: dardaen;level 25 epic crypt
2026-07-13 17:14:17;m: dardaen;level 25 epic crypt
2026-07-13 17:14:17;m: dardaen;level 20 epic crypt
2026-07-13 17:14:18;m: dardaen;level 20 epic crypt
2026-07-13 17:14:19;m: dardaen;level 25 epic crypt
2026-07-13 17:14:20;m: dardaen;level 20 epic crypt
2026-07-13 17:14:20;m: dardaen;level 20 epic crypt
2026-07-13 17:14:21;m: dardaen;level 25 epic crypt
2026-07-13 17:14:22;m: dardaen;level 25 epic crypt
2026-07-13 17:14:23;m: dardaen;level 20 epic crypt
2026-07-13 17:14:23;m: dardaen;level 20 epic crypt
2026-07-13 17:14:24;m: asturi;level 20 citadel
2026-07-13 17:14:25;m: dardaen;level 20 epic crypt
2026-07-13 17:14:25;m: dardaen;level 20 epic crypt
2026-07-13 17:14:26;m: dardaen;level 20 epic crypt
2026-07-13 17:14:27;m: dardaen;level 20 epic crypt
2026-07-13 17:14:28;m: dardaen;level 25 epic crypt
2026-07-13 17:14:28;m: asturi;level 20 citadel
2026-07-13 17:14:29;m: jodotodo;level 10 citadel
2026-07-13 17:14:30;m: jodotodo;level 20 crypt
2026-07-13 17:14:31;m: dardaen;level 25 epic crypt
2026-07-13 17:14:31;m: dardaen;level 20 epic crypt
2026-07-13 17:14:32;m: asturi;level 20 citadel
2026-07-13 17:14:33;m: asturi;level 20 citadel
2026-07-13 17:14:34;m: asturi;level 20 citadel
2026-07-13 17:14:34;m: nikita;level 15 crypt
2026-07-13 17:14:35;m: nikita;level 15 crypt
2026-07-13 17:14:36;m: nikita;level 15 crypt
2026-07-13 17:14:36;m: asturi;level 20 citadel
2026-07-13 17:14:37;m: nikita;level 20 crypt
2026-07-13 17:14:38;m: nikita;level 20 crypt
2026-07-13 17:14:39;m: asturi;level 20 citadel
2026-07-13 17:14:39;m: asturi;level 20 citadel
2026-07-13 17:14:40;m: nikita;level 25 citadel
2026-07-13 17:14:41;m: asturi;level 20 citadel
2026-07-13 17:14:42;"m: yime ""y";level 10 citadel
2026-07-13 17:14:42;m: nikita;level 25 citadel
2026-07-13 17:14:43;m: benxander;level 20 citadel
2026-07-13 17:14:44;m: benxander;level 20 citadel
2026-07-13 17:14:44;m: nikita;level 25 citadel
2026-07-13 17:14:45;m: zero;level 25 crypt
2026-07-13 17:14:46;m: zero;level 25 crypt
2026-07-13 17:14:47;m: nikita;level 25 citadel
2026-07-13 17:14:47;m: lan;level 25 rare crypt
2026-07-13 17:14:48;m: zero;level 25 crypt
2026-07-13 17:14:49;m: zero;level 25 crypt
2026-07-13 17:14:50;m: lan;level 25 rare crypt
2026-07-13 17:14:50;m: lan;level 25 rare crypt
2026-07-13 17:14:51;m: zero;level 25 crypt
2026-07-13 17:14:52;m: lan;level 25 rare crypt
2026-07-13 17:14:52;m: zero;level 25 crypt
2026-07-13 17:14:53;m: benxander;level 20 citadel
2026-07-13 17:14:54;m: zero;level 25 crypt
2026-07-13 17:14:55;m: zero;level 25 crypt
2026-07-13 17:14:55;m: lan;level 25 rare crypt
2026-07-13 17:14:56;"m: yime ""y";level 25 rare crypt
2026-07-13 17:14:57;m: zero;level 25 crypt
2026-07-13 17:14:58;"m: yime ""y";level 25 rare crypt
2026-07-13 17:14:58;m: zero;level 25 crypt
2026-07-13 17:14:59;m: lan;level 25 rare crypt
2026-07-13 17:15:00;m: lan;level 25 rare crypt
2026-07-13 17:15:00;m: nikita;level 25 citadel
2026-07-13 17:15:01;m: zero;level 30 rare crypt
2026-07-13 17:15:02;m: zero;level 30 rare crypt
2026-07-13 17:15:03;m: lan;level 25 rare crypt
2026-07-13 17:15:03;m: zero;level 30 rare crypt
2026-07-13 17:15:04;m: lan;level 25 rare crypt
2026-07-13 17:15:05;m: zero;level 25 epic crypt
2026-07-13 17:15:06;m: benxander;level 20 citadel
2026-07-13 17:15:06;m: eznudel;level 20 crypt
2026-07-13 17:15:07;m: eznudel;level 10 crypt
2026-07-13 17:15:08;m: eznudel;level 10 crypt
2026-07-13 17:15:08;m: eznudel;level 20 crypt
2026-07-13 17:15:09;m: lan;level 25 rare crypt
2026-07-13 17:15:10;m: eznudel;level 10 crypt
2026-07-13 17:15:11;m: eznudel;level 20 crypt
2026-07-13 17:15:11;m: lan;level 25 rare crypt
2026-07-13 17:15:12;m: eznudel;level 10 crypt
2026-07-13 17:15:13;m: lan;level 25 rare crypt
2026-07-13 17:15:14;m: shahzeb khanzada;level 25 rare crypt
2026-07-13 17:15:14;m: eznudel;arena
2026-07-13 17:15:15;m: benxander;level 20 citadel
2026-07-13 17:15:16;m: eznudel;level 10 crypt
2026-07-13 17:15:16;m: eznudel;level 10 crypt
2026-07-13 17:15:17;m: eznudel;level 10 crypt
2026-07-13 17:15:18;m: lan;level 25 rare crypt
2026-07-13 17:15:19;m: nikita;level 25 citadel
2026-07-13 17:15:19;m: eznudel;level 30 epic crypt
2026-07-13 17:15:20;m: eznudel;level 10 crypt
2026-07-13 17:15:21;m: lan;level 25 rare crypt
2026-07-13 17:15:22;m: eznudel;level 10 crypt
2026-07-13 17:15:22;m: eznudel;level 15 crypt
2026-07-13 17:15:23;m: lan;level 25 citadel
2026-07-13 17:15:24;m: benxander;level 20 citadel
2026-07-13 17:15:24;m: nikita;level 25 citadel
2026-07-13 17:15:25;m: benxander;level 20 citadel
2026-07-13 17:15:26;m: nikita;level 25 citadel
2026-07-13 17:15:27;m: maakosky;level 20 crypt
2026-07-13 17:15:27;m: maakosky;level 20 crypt
2026-07-13 17:15:28;m: benxander;level 20 citadel
2026-07-13 17:15:29;m: nikita;level 25 citadel
2026-07-13 17:15:30;m: maakosky;level 20 crypt
2026-07-13 17:15:30;m: lan;level 25 citadel
2026-07-13 17:15:31;m: benxander;level 20 citadel
2026-07-13 17:15:32;m: maakosky;level 20 crypt
2026-07-13 17:15:32;m: benxander;level 20 citadel
2026-07-13 17:15:33;m: nikita;level 25 citadel
2026-07-13 17:15:34;m: colis;level 15 crypt
2026-07-13 17:15:35;m: colis;level 15 crypt
2026-07-13 17:15:35;m: colis;level 15 crypt
2026-07-13 17:15:36;m: colis;level 15 crypt
2026-07-13 17:15:37;m: lan;level 25 citadel
2026-07-13 17:15:38;m: colis;level 15 crypt
2026-07-13 17:15:38;m: colis;level 15 crypt
2026-07-13 17:15:39;m: nikita;level 25 rare crypt
2026-07-13 17:15:40;m: ben xander;level 20 citadel
2026-07-13 17:15:40;m: nikita;level 25 rare crypt
2026-07-13 17:15:41;m: nikita;level 25 rare crypt
2026-07-13 17:15:42;m: nikita;level 25 rare crypt
2026-07-13 17:15:43;m: ben xander;level 20 citadel
2026-07-13 17:15:43;m: nikita;level 25 rare crypt
2026-07-13 17:15:44;m: nikita;level 25 rare crypt
2026-07-13 17:15:45;m: nikita;level 25 rare crypt
2026-07-13 17:15:46;m: nikita;level 25 rare crypt
2026-07-13 17:15:46;m: nikita;level 25 rare crypt
2026-07-13 17:15:47;m: nikita;level 25 rare crypt
2026-07-13 17:15:48;m: durga;clan wealth
2026-07-13 17:15:48;m: durga;clan wealth
2026-07-13 17:15:49;m: durga;clan wealth
2026-07-13 17:15:50;m: durga;clan wealth
2026-07-13 17:15:51;m: nimona;level 20 crypt
2026-07-13 17:15:51;m: nimona;level 20 crypt
2026-07-13 17:15:52;m: marrar;level 25 crypt
2026-07-13 17:15:53;m: nimona;level 20 crypt
2026-07-13 17:15:54;m: marrar;level 25 crypt
2026-07-13 17:15:54;m: nimona;level 20 crypt
2026-07-13 17:15:55;m: nimona;level 20 crypt
2026-07-13 17:15:56;m: nimona;level 20 crypt
2026-07-13 17:15:56;m: asturi;level 20 citadel
2026-07-13 17:15:57;m: marrar;level 20 crypt
2026-07-13 17:15:58;m: marrar;level 20 crypt
2026-07-13 17:15:59;m: nimona;level 20 crypt
2026-07-13 17:15:59;m: asturi;level 20 citadel
2026-07-13 17:16:00;m: nimona;level 20 crypt
2026-07-13 17:16:01;m: nimona;level 20 crypt
2026-07-13 17:16:02;m: marrar;level 30 rare crypt
2026-07-13 17:16:02;m: nimona;level 20 crypt
2026-07-13 17:16:03;m: malorius;level 30 citadel
2026-07-13 17:16:04;m: marrar;level 20 crypt
2026-07-13 17:16:04;m: nimona;level 20 epic crypt
2026-07-13 17:16:05;m: marrar;level 20 crypt
2026-07-13 17:16:06;m: nimona;level 20 epic crypt
2026-07-13 17:16:07;m: asturi;level 20 citadel
2026-07-13 17:16:07;m: nimona;level 20 epic crypt
2026-07-13 17:16:08;m: marrar;level 20 crypt
2026-07-13 17:16:09;m: nimona;level 20 epic crypt
2026-07-13 17:16:10;m: nimona;level 20 epic crypt
2026-07-13 17:16:10;m: marrar;level 20 crypt
2026-07-13 17:16:11;m: marrar;level 20 crypt
2026-07-13 17:16:12;m: malorius;level 25 citadel
2026-07-13 17:16:12;m: marrar;level 20 crypt
2026-07-13 17:16:13;m: marrar;level 20 crypt
2026-07-13 17:16:14;m: marrar;level 20 crypt
2026-07-13 17:16:15;m: marrar;level 20 crypt
2026-07-13 17:16:15;m: asturi;level 20 citadel
2026-07-13 17:16:16;m: marrar;level 20 crypt
2026-07-13 17:16:17;m: marrar;level 20 crypt
2026-07-13 17:16:17;m: marrar;level 20 crypt
2026-07-13 17:16:18;m: marrar;level 20 crypt
2026-07-13 17:16:19;m: marrar;level 20 crypt
2026-07-13 17:16:20;m: marrar;level 20 crypt
2026-07-13 17:16:20;m: nimona;level 20 citadel
2026-07-13 17:16:21;m: nimona;level 20 citadel
2026-07-13 17:16:22;m: mathilda;level 20 crypt
2026-07-13 17:16:23;m: mathilda;level 15 crypt
2026-07-13 17:16:23;m: mathilda;level 15 crypt
2026-07-13 17:16:24;m: nemean;level 20 crypt
2026-07-13 17:16:25;m: nemean;level 20 crypt
2026-07-13 17:16:25;m: nemean;level 20 crypt
2026-07-13 17:16:26;m: nemean;level 20 crypt
2026-07-13 17:16:27;m: rufean 11;level 10 crypt
2026-07-13 17:16:28;m: nemean;level 20 crypt
2026-07-13 17:16:28;m: nemean;level 20 crypt
2026-07-13 17:16:29;m: nemean;level 20 crypt
2026-07-13 17:16:30;m: nemean;level 20 crypt
2026-07-13 17:16:31;m: nemean;level 20 crypt
2026-07-13 17:16:31;m: nemean;level 20 crypt
2026-07-13 17:16:32;m: nemean;level 20 epic crypt
2026-07-13 17:16:33;m: nemean;level 20 epic crypt
2026-07-13 17:16:33;m: nemean;level 20 epic crypt
2026-07-13 17:16:34;m: rufean;level 10 crypt
2026-07-13 17:16:35;m: nemean;level 20 epic crypt
2026-07-13 17:16:36;m: nemean;level 20 epic crypt
2026-07-13 17:16:36;m: mathilda;level 15 crypt
2026-07-13 17:16:37;m: mathilda;level 15 epic crypt
2026-07-13 17:16:38;m: mathilda;level 15 crypt
2026-07-13 17:16:39;m: mathilda;level 20 crypt
2026-07-13 17:16:39;m: mathilda;level 15 crypt
2026-07-13 17:16:40;m: mathilda;level 15 crypt
2026-07-13 17:16:41;m: kili;level 5 crypt
2026-07-13 17:16:41;m: kili;level 5 crypt
2026-07-13 17:16:42;m: shahzeb khanzada;level 10 crypt
2026-07-13 17:16:43;m: rufean 11;level 30-34 vault of the ancients
2026-07-13 17:16:44;m: alma;level 25 crypt
2026-07-13 17:16:44;m: alma;level 25 crypt
2026-07-13 17:16:45;m: alma;level 25 crypt
2026-07-13 17:16:46;m: cheska;level 20 crypt
2026-07-13 17:16:47;m: cheska;level 20 crypt
2026-07-13 17:16:47;m: cheska;level 20 crypt
2026-07-13 17:16:48;m: cheska;level 20 crypt
2026-07-13 17:16:49;m: malorius;level 30 rare crypt
2026-07-13 17:16:49;m: cheska;level 20 crypt
2026-07-13 17:16:50;m: malorius;level 30 rare crypt
2026-07-13 17:16:51;m: cheska;level 20 crypt
2026-07-13 17:16:52;m: malorius;level 25 rare crypt
2026-07-13 17:16:52;m: cheska;level 20 crypt
2026-07-13 17:16:53;m: malorius;level 25 rare crypt
2026-07-13 17:16:54;m: cheska;level 20 crypt
2026-07-13 17:16:55;m: malorius;level 25 rare crypt
2026-07-13 17:16:55;m: malorius;level 25 rare crypt
2026-07-13 17:16:56;m: cheska;level 20 crypt
2026-07-13 17:16:57;m: malorius;level 25 rare crypt
2026-07-13 17:16:58;m: malorius;level 25 rare crypt
2026-07-13 17:16:58;m: malorius;level 25 rare crypt
2026-07-13 17:16:59;m: murod;level 15 citadel
2026-07-13 17:17:00;m: malorius;level 25 rare crypt
2026-07-13 17:17:00;m: cheska;level 20 crypt
2026-07-13 17:17:01;m: malorius;level 25 rare crypt
2026-07-13 17:17:02;m: murod;level 20 citadel
2026-07-13 17:17:03;m: malorius;level 25 rare crypt
2026-07-13 17:17:03;m: murod;level 25 citadel
2026-07-13 17:17:04;m: malorius;level 25 rare crypt
2026-07-13 17:17:05;m: malorius;level 25 rare crypt
2026-07-13 17:17:05;m: malorius;level 25 rare crypt
2026-07-13 17:17:06;m: murod;level 20 epic crypt
2026-07-13 17:17:07;m: cheska;level 25 citadel
2026-07-13 17:17:08;m: murod;level 20 epic crypt
2026-07-13 17:17:08;m: the mighty lord;level 30 citadel
2026-07-13 17:17:09;m: murod;level 20 epic crypt
2026-07-13 17:17:10;m: malorius;level 25 rare crypt
2026-07-13 17:17:11;m: murod;level 20 epic crypt
2026-07-13 17:17:11;m: murod;level 20 epic crypt
2026-07-13 17:17:12;m: malorius;level 25 crypt
2026-07-13 17:17:13;m: murod;level 20 epic crypt
2026-07-13 17:17:13;m: cheska;level 25 citadel
2026-07-13 17:17:14;m: murod;level 20 rare crypt
2026-07-13 17:17:15;m: malorius;level 20 crypt
2026-07-13 17:17:16;m: murod;level 20 rare crypt
2026-07-13 17:17:16;m: murod;level 20 rare crypt
2026-07-13 17:17:17;m: murod;level 20 rare crypt
2026-07-13 17:17:18;m: cheska;level 25 citadel
2026-07-13 17:17:19;m: cheska;level 25 citadel
2026-07-13 17:17:19;m: shahzeb khanzada;level 25 rare crypt
2026-07-13 17:17:20;m: cheska;level 25 citadel
2026-07-13 17:17:21;m: cheska;level 25 citadel
2026-07-13 17:17:22;m: eygenaní;level 35-39 vault of the ancients
2026-07-13 17:17:22;m: sisusk;level 35-39 vault of the ancients
2026-07-13 17:17:23;m: the mighty lord;level 15 citadel
2026-07-13 17:17:24;m: the mighty lord;level 25 citadel
2026-07-13 17:17:24;m: bialex;level 15 crypt
2026-07-13 17:17:25;m: bialex;level 25 crypt
2026-07-13 17:17:26;m: malvalito cai;level 10 crypt
2026-07-13 17:17:27;m: malvalito cai;level 15 crypt
2026-07-13 17:17:27;m: ladyhawke;level 25 crypt
2026-07-13 17:17:28;m: ladyhawke;level 10 crypt
2026-07-13 17:17:29;m: ganían wala;level 20 epic crypt
2026-07-13 17:17:30;m: ladyhawke;level 10 crypt
2026-07-13 17:17:30;m: ganían wala;level 20 crypt
2026-07-13 17:17:31;m: ganían wala;level 30-34 vault of the ancients
2026-07-13 17:17:32;m: ganían wala;level 25 crypt
2026-07-13 17:17:32;m: biin;level 30-34 vault of the ancients
2026-07-13 17:17:33;m: francescaromana;level 15 crypt
2026-07-13 17:17:34;m: francescaromana;level 15 crypt
2026-07-13 17:17:35;m: alex1os;level 25 crypt
2026-07-13 17:17:36;m: biin;arena
2026-07-13 17:17:36;m: francescaromana;level 15 crypt
2026-07-13 17:17:37;m: francescaromana;level 15 crypt
2026-07-13 17:17:38;m: francescaromana;level 15 crypt
2026-07-13 17:17:38;m: ladyhawke;level 30 citadel
2026-07-13 17:17:39;m: ladyhawke;level 30 citadel
2026-07-13 17:17:40;m: ladyhawke;level 30 citadel
2026-07-13 17:17:41;m: ladyhawke;level 30 citadel
2026-07-13 17:17:41;m: nimona;level 20 citadel
2026-07-13 17:17:42;m: nimona;level 20 citadel
2026-07-13 17:17:43;m: nimona;level 20 citadel
2026-07-13 17:17:44;m: nimona;level 18 heroic monster
2026-07-13 17:17:44;m: nimona;level 19 heroic monster
2026-07-13 17:17:45;m: nimona;level 16 heroic monster
2026-07-13 17:17:46;m: nimona;level 17 heroic monster
2026-07-13 17:17:46;m: nimona;level 18 heroic monster
2026-07-13 17:17:47;m: marod;level 25 crypt
2026-07-13 17:17:48;m: marod;level 10 crypt
2026-07-13 17:17:49;m: marod;level 20 crypt
2026-07-13 17:17:49;m: findanel;level 15 crypt
2026-07-13 17:17:50;m: findanel;level 15 crypt
2026-07-13 17:17:51;m: findanel;level 15 crypt
2026-07-13 17:17:52;m: devildog;level 20 crypt
2026-07-13 17:17:52;m: devildog;level 20 crypt
2026-07-13 17:17:53;m: francescaromana;level 15 crypt
2026-07-13 17:17:54;m: francescaromana;level 15 crypt
2026-07-13 17:17:55;m: manuelhh;level 25 crypt
2026-07-13 17:17:55;m: ganían wala;level 30-34 vault of the ancients
2026-07-13 17:17:56;m: manuelhh;level 16 heroic monster
2026-07-13 17:17:57;m: rufean 11;level 40-44 vault of the ancients
2026-07-13 17:17:58;m: rufean;level 40-44 vault of the ancients
2026-07-13 17:17:58;m: asteria;level 30-34 vault of the ancients
2026-07-13 17:17:59;m: davatoloco;level 30-34 vault of the ancients
2026-07-13 17:18:00;m: marg;level 30-34 vault of the ancients
2026-07-13 17:18:00;m: francescaromana;level 15 crypt
2026-07-13 17:18:01;m: davatoloco;level 25-29 vault of the ancients
2026-07-13 17:18:02;m: mauro;level 20-24 vault of the ancients
2026-07-13 17:18:03;m: marg;level 35-39 vault of the ancients
2026-07-13 17:18:03;m: el loco murdock;level 10 crypt
2026-07-13 17:18:04;m: el loco murdock;level 10 crypt
2026-07-13 17:18:05;m: lagar;level 30-34 vault of the ancients
2026-07-13 17:18:06;m: el loco murdock;level 10 crypt
2026-07-13 17:18:06;m: el loco murdock;level 10 crypt
2026-07-13 17:18:07;m: mauro;level 25-29 vault of the ancients
2026-07-13 17:18:08;m: erreape;level 25-29 vault of the ancients
2026-07-13 17:18:09;m: marg;level 35-39 vault of the ancients
2026-07-13 17:18:09;m: erreape;level 35-39 vault of the ancients
2026-07-13 17:18:10;m: mauro;level 25-29 vault of the ancients
2026-07-13 17:18:11;m: marg;level 30-34 vault of the ancients
2026-07-13 17:18:11;m: mauro;level 25-29 vault of the ancients
2026-07-13 17:18:12;m: murod;level 25 rare crypt
2026-07-13 17:18:13;m: marg;level 35-39 vault of the ancients
2026-07-13 17:18:14;m: erreape;level 40-44 vault of the ancients
2026-07-13 17:18:14;m: lagar;level 40-44 vault of the ancients
2026-07-13 17:18:15;m: cheska;level 30-34 vault of the ancients
2026-07-13 17:18:16;m: davatoloco;level 25 epic crypt
2026-07-13 17:18:17;m: carp;level 25 crypt
2026-07-13 17:18:17;m: carp;level 10 crypt
2026-07-13 17:18:18;m: ganían wala;level 25-29 vault of the ancients
2026-07-13 17:18:19;m: carp;level 25 crypt
2026-07-13 17:18:20;m: marod;level 10 crypt
2026-07-13 17:18:20;m: marod;level 10 crypt
2026-07-13 17:18:21;m: rufean 11;level 30 citadel
2026-07-13 17:18:22;m: marod;level 15 epic crypt
2026-07-13 17:18:23;m: marg;level 30-34 vault of the ancients
2026-07-13 17:18:23;m: murod;level 25 rare crypt
2026-07-13 17:18:24;m: kezuru es;level 45 vault of the ancients
2026-07-13 17:18:25;m: murod;level 15 rare crypt
2026-07-13 17:18:25;m: murod;level 20 rare crypt
2026-07-13 17:18:26;m: murod;level 20 rare crypt
2026-07-13 17:18:27;m: eygenaní;level 35-39 vault of the ancients
2026-07-13 17:18:28;m: saberflame;level 25 citadel
2026-07-13 17:18:28;m: erreape;clan wealth
2026-07-13 17:18:29;m: erreape;clan wealth
2026-07-13 17:18:30;m: erreape;clan wealth
2026-07-13 17:18:31;m: erreape;clan wealth
2026-07-13 17:18:31;m: saberflame;level 25 crypt
2026-07-13 17:18:32;m: alma;level 25 crypt
2026-07-13 17:18:33;m: saberflame;level 25 crypt
2026-07-13 17:18:33;m: saberflame;level 25 crypt
2026-07-13 17:18:34;m: saberflame;level 35-39 vault of the ancients
2026-07-13 17:18:35;m: saberflame;level 40-44 vault of the ancients
2026-07-13 17:18:36;m: carp;level 25 crypt
2026-07-13 17:18:36;m: carp;level 25 crypt
2026-07-13 17:18:37;m: marod;level 15 crypt
2026-07-13 17:18:38;m: marod;level 20 crypt
2026-07-13 17:18:39;m: zero;level 15 crypt
2026-07-13 17:18:39;m: marod;level 10 crypt
2026-07-13 17:18:40;m: marod;level 15 crypt
2026-07-13 17:18:41;m: marod;level 15 crypt
2026-07-13 17:18:41;m: marod;level 20 crypt
2026-07-13 17:18:42;m: carp;level 19 heroic monster
2026-07-13 17:18:43;m: cheska;level 25 citadel
2026-07-13 17:18:44;m: durga;level 25 citadel
2026-07-13 17:18:44;m: cheska;level 25 citadel
2026-07-13 17:18:45;m: durga;level 20 citadel
2026-07-13 17:18:46;m: cheska;level 25 citadel
2026-07-13 17:18:47;m: marod;level 15 epic crypt
2026-07-13 17:18:47;m: durga;arena
2026-07-13 17:18:48;m: soule1970;level 15 crypt
2026-07-13 17:18:49;m: soule1970;level 5 crypt
2026-07-13 17:18:50;m: marod;level 20 rare crypt
2026-07-13 17:18:50;m: marod;level 10 crypt
2026-07-13 17:18:51;m: soule1970;level 25 crypt
2026-07-13 17:18:52;m: soule1970;level 20 crypt
2026-07-13 17:18:52;m: marod;level 15 crypt
2026-07-13 17:18:53;m: soule1970;level 5 crypt
2026-07-13 17:18:54;m: soule1970;level 5 crypt
2026-07-13 17:18:55;m: marod;level 15 crypt
2026-07-13 17:18:55;m: soule1970;level 5 crypt
2026-07-13 17:18:56;m: marod;level 10 crypt
2026-07-13 17:18:57;m: soule1970;level 25 crypt
2026-07-13 17:18:58;m: soule1970;level 25 crypt
2026-07-13 17:18:58;m: soule1970;level 5 crypt
2026-07-13 17:18:59;m: marod;level 15 crypt
2026-07-13 17:19:00;m: marod;level 10 crypt
2026-07-13 17:19:00;m: soule1970;level 10 crypt
2026-07-13 17:19:01;m: asturi;level 20 crypt
2026-07-13 17:19:02;m: soule1970;level 10 crypt
2026-07-13 17:19:03;m: soule1970;level 5 crypt
2026-07-13 17:19:03;m: soule1970;level 15 crypt
2026-07-13 17:19:04;m: soule1970;level 5 crypt
2026-07-13 17:19:05;m: soule1970;level 5 crypt
2026-07-13 17:19:06;m: soule1970;level 5 crypt
2026-07-13 17:19:06;m: soule1970;level 10 crypt
2026-07-13 17:19:07;m: soule1970;level 10 crypt
2026-07-13 17:19:08;m: durdy 7777;level 20 crypt
2026-07-13 17:19:09;m: durdy 7777;level 20 crypt
2026-07-13 17:19:09;m: soule1970;level 10 crypt
2026-07-13 17:19:10;m: durdy 7777;level 15 crypt
2026-07-13 17:19:11;m: mauro;level 20 crypt
2026-07-13 17:19:11;m: soule1970;level 10 crypt
2026-07-13 17:19:12;m: mauro;level 20 crypt
2026-07-13 17:19:13;m: soule1970;level 15 crypt
2026-07-13 17:19:14;m: durdy 7777;level 15 crypt
2026-07-13 17:19:14;m: mauro;level 20 crypt
2026-07-13 17:19:15;m: soule1970;level 25 crypt
2026-07-13 17:19:16;m: durdy 7777;level 15 crypt
2026-07-13 17:19:17;m: mauro;level 30 epic crypt
2026-07-13 17:19:17;m: soule1970;level 5 crypt
2026-07-13 17:19:18;m: durdy 7777;level 15 crypt
2026-07-13 17:19:19;m: soule1970;level 15 crypt
2026-07-13 17:19:19;m: mauro;level 15 crypt
2026-07-13 17:19:20;m: soule1970;level 10 crypt
2026-07-13 17:19:21;m: mauro;level 15 crypt
2026-07-13 17:19:22;m: soule1970;level 10 crypt
2026-07-13 17:19:22;m: mauro;level 10 crypt
2026-07-13 17:19:23;m: mauro;level 25 epic crypt
2026-07-13 17:19:24;m: mauro;level 15 epic crypt
2026-07-13 17:19:25;m: marg;level 25 crypt
2026-07-13 17:19:25;m: mauro;level 25 crypt
2026-07-13 17:19:26;m: malorius;level 20 crypt
2026-07-13 17:19:27;m: malorius;level 15 crypt
2026-07-13 17:19:27;m: malorius;level 10 crypt
2026-07-13 17:19:28;m: malorius;level 15 citadel
2026-07-13 17:19:29;m: ganían wala;level 25 crypt
2026-07-13 17:19:30;m: ganían wala;level 25 crypt
2026-07-13 17:19:30;m: turbiybiczu;level 10 crypt
2026-07-13 17:19:31;m: ganían wala;level 25 crypt
2026-07-13 17:19:32;m: ganían wala;arena
2026-07-13 17:19:33;m: turbiybiczu;level 10 crypt
2026-07-13 17:19:34;m: ganían wala;level 25 crypt
2026-07-13 17:19:34;m: turbiybiczu;level 15 crypt
2026-07-13 17:19:35;m: colis;level 15 crypt
2026-07-13 17:19:36;m: turbiybiczu;level 15 crypt
2026-07-13 17:19:37;m: turbiybiczu;level 10 crypt
2026-07-13 17:19:37;m: colis;level 15 crypt
2026-07-13 17:19:38;m: turbiybiczu;level 15 crypt
2026-07-13 17:19:39;m: turbiybiczu;level 10 crypt
2026-07-13 17:19:40;m: manuelhh;level 17 heroic monster
2026-07-13 17:19:40;m: manuelhh;level 15 crypt
2026-07-13 17:19:41;m: colis;level 15 crypt
2026-07-13 17:19:42;m: manuelhh;level 20 crypt
2026-07-13 17:19:43;m: colis;level 15 crypt
2026-07-13 17:19:43;m: colis;level 15 crypt
2026-07-13 17:19:44;m: lorven;level 25 crypt
2026-07-13 17:19:45;m: murod;level 10 crypt
2026-07-13 17:19:46;m: cheska;level 20 crypt
2026-07-13 17:19:46;m: murod;level 10 crypt
2026-07-13 17:19:47;m: murod;level 10 crypt
2026-07-13 17:19:48;m: lorven;level 25 crypt
2026-07-13 17:19:49;m: cheska;level 20 crypt
2026-07-13 17:19:49;m: lorven;level 25 crypt
2026-07-13 17:19:50;m: cheska;level 20 crypt
2026-07-13 17:19:51;m: rafail;level 20 crypt
2026-07-13 17:19:52;m: rafail;level 20 crypt
2026-07-13 17:19:52;m: cheska;level 20 crypt
2026-07-13 17:19:53;m: rafail;level 20 crypt
2026-07-13 17:19:54;m: rafail;level 20 crypt
2026-07-13 17:19:55;m: lorven;level 25 crypt
2026-07-13 17:19:55;m: cheska;level 20 crypt
2026-07-13 17:19:56;m: rafail;level 20 crypt
2026-07-13 17:19:57;m: jhanau kong;arena
2026-07-13 17:19:57;m: rafail;level 20 crypt
2026-07-13 17:19:58;m: rafail;level 20 crypt
2026-07-13 17:19:59;m: manuelhh;level 15 crypt
2026-07-13 17:20:00;m: maakosky;level 20 crypt
2026-07-13 17:20:00;m: rafail;level 20 crypt
2026-07-13 17:20:01;m: rafail;level 20 crypt
2026-07-13 17:20:02;m: rafail;level 20 crypt
2026-07-13 17:20:03;m: maakosky;level 20 crypt
2026-07-13 17:20:03;m: asturi;level 20 epic crypt
2026-07-13 17:20:04;m: maakosky;level 20 epic crypt
2026-07-13 17:20:05;m: asturi;level 20 crypt
2026-07-13 17:20:06;m: asturi;level 20 epic crypt
2026-07-13 17:20:06;m: jhanau kong;level 15 epic crypt
2026-07-13 17:20:07;m: jhanau kong;level 20 crypt
2026-07-13 17:20:08;m: asturi;level 20 crypt
2026-07-13 17:20:08;m: asturi;level 20 crypt
2026-07-13 17:20:09;m: jhanau kong;level 20 crypt
2026-07-13 17:20:10;m: asturi;level 20 crypt
2026-07-13 17:20:11;m: maakosky;level 20 epic crypt
2026-07-13 17:20:11;m: jhanau kong;level 20 crypt
2026-07-13 17:20:12;m: jhanau kong;level 20 epic crypt
2026-07-13 17:20:13;m: jhanau kong;level 20 rare crypt
2026-07-13 17:20:14;m: jhanau kong;level 20 crypt
2026-07-13 17:20:14;m: jhanau kong;level 20 crypt
2026-07-13 17:20:15;m: cheska;level 20 crypt
2026-07-13 17:20:16;m: devildog;level 15 crypt
2026-07-13 17:20:16;m: ganían wala;level 30 rare crypt
2026-07-13 17:20:17;m: biin;level 10 crypt
2026-07-13 17:20:18;m: daidal;level 25 crypt
2026-07-13 17:20:19;m: daidal;level 25 crypt
2026-07-13 17:20:19;m: biin;level 10 crypt
2026-07-13 17:20:20;m: daidal;level 25 crypt
2026-07-13 17:20:21;m: daidal;level 15 epic crypt
2026-07-13 17:20:22;m: biin;level 10 crypt
2026-07-13 17:20:22;m: devildog;level 15 crypt
2026-07-13 17:20:23;m: sisu;level 25 crypt
2026-07-13 17:20:24;m: sisu;level 25 crypt
2026-07-13 17:20:25;m: sisu;level 20 crypt
2026-07-13 17:20:25;m: sisu;level 25 crypt
2026-07-13 17:20:26;m: devildog;level 15 crypt
2026-07-13 17:20:27;m: sisu;level 25 crypt
2026-07-13 17:20:28;m: biin;level 10 crypt
2026-07-13 17:20:28;m: sisu;level 25 crypt
2026-07-13 17:20:29;m: sisu;level 25 rare crypt
2026-07-13 17:20:30;m: daidal;level 15 citadel
2026-07-13 17:20:31;m: sisu;level 25 rare crypt
2026-07-13 17:20:32;m: sisu;level 25 epic crypt
2026-07-13 17:20:32;m: sisu;level 25 epic crypt
2026-07-13 17:20:33;m: biin;level 10 crypt
2026-07-13 17:20:34;m: devildog;level 15 crypt
2026-07-13 17:20:34;m: sisu;level 25 epic crypt
2026-07-13 17:20:35;m: daidal;level 20 epic crypt
2026-07-13 17:20:36;m: devildog;level 15 crypt
2026-07-13 17:20:37;m: biin;level 5 crypt
2026-07-13 17:20:37;m: ganían wala;level 25 rare crypt
2026-07-13 17:20:38;m: biin;level 20 crypt
2026-07-13 17:20:39;m: devildog;level 15 rare crypt
2026-07-13 17:20:40;m: ganían wala;level 25 rare crypt
2026-07-13 17:20:40;m: devildog;level 15 crypt
2026-07-13 17:20:41;m: ben xander;level 20 crypt
2026-07-13 17:20:42;m: sisu;level 25 crypt
2026-07-13 17:20:43;m: sisu;level 25 crypt
2026-07-13 17:20:43;m: ben xander;level 20 crypt
2026-07-13 17:20:44;m: ben xander;level 20 crypt
2026-07-13 17:20:45;m: ben xander;arena
2026-07-13 17:20:46;m: colis;level 15 crypt
2026-07-13 17:20:46;m: ben xander;level 20 rare crypt
2026-07-13 17:20:47;m: devildog;level 15 epic crypt
2026-07-13 17:20:48;m: devildog;level 20 crypt
2026-07-13 17:20:49;m: sisusk;level 20 crypt
2026-07-13 17:20:49;m: benxander;level 20 crypt
2026-07-13 17:20:50;m: sisusk;level 25 crypt
2026-07-13 17:20:51;m: sisusk;level 25 crypt
2026-07-13 17:20:52;m: sisusk;level 25 crypt
2026-07-13 17:20:52;m: sisusk;level 25 crypt
2026-07-13 17:20:53;m: sisusk;level 20 crypt
2026-07-13 17:20:54;m: sisusk;level 25 rare crypt
2026-07-13 17:20:54;m: marod;level 10 crypt
2026-07-13 17:20:55;m: sisusk;level 25 rare crypt
2026-07-13 17:20:56;m: marod;level 10 crypt
2026-07-13 17:20:57;m: sisusk;level 25 rare crypt
2026-07-13 17:20:57;m: sisusk;level 25 epic crypt
2026-07-13 17:20:58;m: sisusk;level 25 epic crypt
2026-07-13 17:20:59;m: sisusk;level 25 epic crypt
2026-07-13 17:20:59;m: sisusk;level 25 epic crypt
2026-07-13 17:21:00;m: marod;level 10 crypt
2026-07-13 17:21:01;m: rufean 11;level 10 crypt
2026-07-13 17:21:02;m: marod;level 20 rare crypt
2026-07-13 18:23:04;m: nikita;level 15 crypt
2026-07-13 18:23:05;m: nikita;level 15 crypt
2026-07-13 18:23:05;m: marod;level 10 crypt
2026-07-13 18:23:06;m: marod;level 15 crypt
2026-07-13 18:23:07;m: burilen;level 25 crypt
2026-07-13 18:23:08;m: marod;level 10 crypt
2026-07-13 18:23:08;m: sath;level 15 crypt
2026-07-13 18:23:09;m: jodotodo;level 20 epic crypt
2026-07-13 18:23:10;m: jodotodo;level 20 epic crypt
2026-07-13 18:23:10;m: jodotodo;level 25 crypt
2026-07-13 18:23:11;m: jodotodo;level 20 crypt
2026-07-13 18:23:12;m: jodotodo;level 25 crypt
2026-07-13 18:23:13;m: trella;level 20 crypt
2026-07-13 18:23:13;m: jodotodo;level 20 crypt
2026-07-13 18:23:14;m: trella;level 15 crypt
2026-07-13 18:23:15;m: trella;level 15 crypt
2026-07-13 18:23:16;m: trella;level 20 rare crypt
2026-07-13 18:23:16;m: meginan;level 20 crypt
2026-07-13 18:23:17;m: trella;level 15 crypt
2026-07-13 18:23:18;m: trella;level 15 crypt
2026-07-13 18:23:19;m: trella;level 15 crypt
2026-07-13 18:23:19;m: trella;level 15 crypt
2026-07-13 18:23:20;m: meginan;level 20 crypt
2026-07-13 18:23:21;m: vasiliki;level 25 rare crypt
2026-07-13 18:23:22;m: meginan;level 20 crypt
2026-07-13 18:23:22;m: sisu;rise of the ancients event
2026-07-13 18:23:23;m: sisu;rise of the ancients event
2026-07-13 18:23:24;m: sisu;rise of the ancients event
2026-07-13 18:23:24;m: sisu;rise of the ancients event
2026-07-13 18:23:25;m: sisu;rise of the ancients event
2026-07-13 18:23:26;m: milanooo;rise of the ancients event
2026-07-13 18:23:27;m: milanooo;rise of the ancients event
2026-07-13 18:23:27;m: milanooo;rise of the ancients event
2026-07-13 18:23:28;m: milanooo;rise of the ancients event
2026-07-13 18:23:29;m: ben xander;rise of the ancients event
2026-07-13 18:23:30;m: ben xander;rise of the ancients event
2026-07-13 18:23:30;m: ben xander;rise of the ancients event
2026-07-13 18:23:31;m: ben xander;rise of the ancients event
2026-07-13 18:23:32;m: ben xander;rise of the ancients event
2026-07-13 18:23:33;m: ben xander;rise of the ancients event
2026-07-13 18:23:33;m: ben xander;rise of the ancients event
2026-07-13 18:23:34;m: ben xander;rise of the ancients event
2026-07-13 18:23:35;m: ben xander;rise of the ancients event
2026-07-13 18:23:35;m: ben xander;rise of the ancients event
2026-07-13 18:23:36;m: ben xander;rise of the ancients event
2026-07-13 18:23:37;m: ben xander;rise of the ancients event
2026-07-13 18:23:38;m: ben xander;rise of the ancients event
2026-07-13 18:23:38;m: devildog;rise of the ancients event
2026-07-13 18:23:39;m: devildog;rise of the ancients event
2026-07-13 18:23:40;m: devildog;rise of the ancients event
2026-07-13 18:23:41;m: devildog;rise of the ancients event
2026-07-13 18:23:41;m: sisusk;rise of the ancients event
2026-07-13 18:23:42;m: sisusk;rise of the ancients event
2026-07-13 18:23:43;m: sisusk;rise of the ancients event
2026-07-13 18:23:44;m: sisusk;rise of the ancients event
2026-07-13 18:23:44;m: mauro;rise of the ancients event
2026-07-13 18:23:45;m: mauro;rise of the ancients event
2026-07-13 18:23:46;m: mauro;rise of the ancients event
2026-07-13 18:23:46;m: mauro;rise of the ancients event
2026-07-13 18:23:47;m: milanooo;rise of the ancients event
2026-07-13 18:23:48;m: vasiliki;rise of the ancients event
2026-07-13 18:23:49;m: vasiliki;rise of the ancients event
2026-07-13 18:23:49;m: vasiliki;rise of the ancients event
2026-07-13 18:23:50;m: vasiliki;rise of the ancients event
2026-07-13 18:23:51;m: marrar;rise of the ancients event
2026-07-13 18:23:52;m: marrar;rise of the ancients event
2026-07-13 18:23:52;m: marrar;rise of the ancients event
2026-07-13 18:23:53;m: marrar;rise of the ancients event
2026-07-13 18:23:54;m: devildog;rise of the ancients event
2026-07-13 18:23:54;m: marrar;rise of the ancients event
2026-07-13 18:23:55;m: sisusk;rise of the ancients event
2026-07-13 18:23:56;m: sisusk;rise of the ancients event
2026-07-13 18:23:57;m: sisusk;rise of the ancients event
2026-07-13 18:23:57;m: sisusk;rise of the ancients event
2026-07-13 18:23:58;m: sisusk;rise of the ancients event
2026-07-13 18:23:59;m: sisusk;rise of the ancients event
2026-07-13 18:24:00;m: sisusk;rise of the ancients event
2026-07-13 18:24:00;m: sisusk;rise of the ancients event
2026-07-13 18:24:01;m: sisusk;rise of the ancients event
2026-07-13 18:24:02;m: dardaen;rise of the ancients event
2026-07-13 18:24:02;m: dardaen;rise of the ancients event
2026-07-13 18:24:03;m: dardaen;rise of the ancients event
2026-07-13 18:24:04;m: dardaen;rise of the ancients event
2026-07-13 18:24:05;m: dardaen;rise of the ancients event
2026-07-13 18:24:05;m: dardaen;rise of the ancients event
2026-07-13 18:24:06;m: dardaen;rise of the ancients event
2026-07-13 18:24:07;m: dardaen;rise of the ancients event
2026-07-13 18:24:08;m: dardaen;rise of the ancients event
2026-07-13 18:24:08;m: dardaen;rise of the ancients event
2026-07-13 18:24:09;m: dardaen;rise of the ancients event
2026-07-13 18:24:10;m: dardaen;rise of the ancients event
2026-07-13 18:24:11;m: dardaen;rise of the ancients event
2026-07-13 18:24:11;m: marg;rise of the ancients event
2026-07-13 18:24:12;m: marg;rise of the ancients event
2026-07-13 18:24:13;m: marg;rise of the ancients event
2026-07-13 18:24:13;m: marg;rise of the ancients event
2026-07-13 18:24:14;m: marg;rise of the ancients event
2026-07-13 18:24:15;m: vasiliki;rise of the ancients event
2026-07-13 18:24:16;m: mauro;rise of the ancients event
2026-07-13 18:24:16;m: gririm;rise of the ancients event
2026-07-13 18:24:17;m: gririm;rise of the ancients event
2026-07-13 18:24:18;m: gririm;rise of the ancients event
2026-07-13 18:24:19;m: gririm;rise of the ancients event
2026-07-13 18:24:19;m: gririm;rise of the ancients event
2026-07-13 18:24:20;m: trella;rise of the ancients event
2026-07-13 18:24:21;m: trella;rise of the ancients event
2026-07-13 18:24:21;m: trella;rise of the ancients event
2026-07-13 18:24:22;m: trella;rise of the ancients event
2026-07-13 18:24:23;m: trella;rise of the ancients event
2026-07-13 18:24:24;m: adorazius;rise of the ancients event
2026-07-13 18:24:24;m: adorazius;rise of the ancients event
2026-07-13 18:24:25;m: adorazius;rise of the ancients event
2026-07-13 18:24:26;m: adorazius;rise of the ancients event
2026-07-13 18:24:27;m: berrygoblina;rise of the ancients event
2026-07-13 18:24:27;m: berrygoblina;rise of the ancients event
2026-07-13 18:24:28;m: berrygoblina;rise of the ancients event
2026-07-13 18:24:29;m: berrygoblina;rise of the ancients event
2026-07-13 18:24:29;m: berrygoblina;rise of the ancients event
2026-07-13 18:24:30;m: berrygoblina;rise of the ancients event
2026-07-13 18:24:31;m: berrygoblina;rise of the ancients event
2026-07-13 18:24:32;m: berrygoblina;rise of the ancients event
2026-07-13 18:24:32;m: berrygoblina;rise of the ancients event
2026-07-13 18:24:33;m: berrygoblina;rise of the ancients event
2026-07-13 18:24:34;m: berrygoblina;rise of the ancients event
2026-07-13 18:24:35;m: berrygoblina;rise of the ancients event
2026-07-13 18:24:35;m: berrygoblina;rise of the ancients event
2026-07-13 18:24:36;m: keradred;rise of the ancients event
2026-07-13 18:24:37;m: keradred;rise of the ancients event
2026-07-13 18:24:38;m: keradred;rise of the ancients event
2026-07-13 18:24:38;m: keradred;rise of the ancients event
2026-07-13 18:24:39;m: keradred;rise of the ancients event
2026-07-13 18:24:40;m: keradred;rise of the ancients event
2026-07-13 18:24:40;m: keradred;rise of the ancients event
2026-07-13 18:24:41;m: keradred;rise of the ancients event
2026-07-13 18:24:42;m: keradred;rise of the ancients event
2026-07-13 18:24:43;m: keradred;rise of the ancients event
2026-07-13 18:24:43;m: keradred;rise of the ancients event
2026-07-13 18:24:44;m: keradred;rise of the ancients event
2026-07-13 18:24:45;m: keradred;rise of the ancients event
2026-07-13 18:24:46;m: durga;rise of the ancients event
2026-07-13 18:24:46;m: durga;rise of the ancients event
2026-07-13 18:24:47;m: durga;rise of the ancients event
2026-07-13 18:24:48;m: durga;rise of the ancients event
2026-07-13 18:24:48;m: trella;rise of the ancients event
2026-07-13 18:24:49;m: trella;rise of the ancients event
2026-07-13 18:24:50;m: trella;rise of the ancients event
2026-07-13 18:24:51;m: trella;rise of the ancients event
2026-07-13 18:24:51;m: trella;rise of the ancients event
2026-07-13 18:24:52;m: trella;rise of the ancients event
2026-07-13 18:24:53;m: trella;rise of the ancients event
2026-07-13 18:24:54;m: trella;rise of the ancients event
2026-07-13 18:24:54;m: devildog;rise of the ancients event
2026-07-13 18:24:55;m: devildog;rise of the ancients event
2026-07-13 18:24:56;m: devildog;rise of the ancients event
2026-07-13 18:24:57;m: devildog;rise of the ancients event
2026-07-13 18:24:57;m: devildog;rise of the ancients event
2026-07-13 18:24:58;m: devildog;rise of the ancients event
2026-07-13 18:24:59;m: devildog;rise of the ancients event
2026-07-13 18:25:00;m: devildog;rise of the ancients event
2026-07-13 18:25:00;m: rufean 11;rise of the ancients event
2026-07-13 18:25:01;m: rufean 11;rise of the ancients event
2026-07-13 18:25:02;m: rufean 11;rise of the ancients event
2026-07-13 18:25:02;m: rufean 11;rise of the ancients event
2026-07-13 18:25:03;m: marrar;rise of the ancients event
2026-07-13 18:25:04;m: marrar;rise of the ancients event
2026-07-13 18:25:05;m: marrar;rise of the ancients event
2026-07-13 18:25:05;m: marrar;rise of the ancients event
2026-07-13 18:25:06;m: marrar;rise of the ancients event
2026-07-13 18:25:07;m: marrar;rise of the ancients event
2026-07-13 18:25:08;m: marrar;rise of the ancients event
2026-07-13 18:25:08;m: marrar;rise of the ancients event
2026-07-13 18:25:09;m: -jasmine»;rise of the ancients event
2026-07-13 18:25:10;m: -jasmine»;rise of the ancients event
2026-07-13 18:25:11;m: -jasmine»;rise of the ancients event
2026-07-13 18:25:11;m: -jasmine»;rise of the ancients event
2026-07-13 18:25:12;m: -jasmine»;rise of the ancients event
2026-07-13 18:25:13;m: -jasmine»;rise of the ancients event
2026-07-13 18:25:13;m: -jasmine»;rise of the ancients event
2026-07-13 18:25:14;m: -jasmine»;rise of the ancients event
2026-07-13 18:25:15;m: -jasmine»;rise of the ancients event
2026-07-13 18:25:16;m: -jasmine»;rise of the ancients event
2026-07-13 18:25:16;m: -jasmine»;rise of the ancients event
2026-07-13 18:25:17;m: -jasmine»;rise of the ancients event
2026-07-13 18:25:18;m: -jasmine»;rise of the ancients event
2026-07-13 18:25:19;m: vasiliki;rise of the ancients event
2026-07-13 18:25:19;m: vasiliki;rise of the ancients event
2026-07-13 18:25:20;m: vasiliki;rise of the ancients event
2026-07-13 18:25:21;m: vasiliki;rise of the ancients event
2026-07-13 18:25:21;m: vasiliki;rise of the ancients event
2026-07-13 18:25:22;m: vasiliki;rise of the ancients event
2026-07-13 18:25:23;m: vasiliki;rise of the ancients event
2026-07-13 18:25:24;m: vasiliki;rise of the ancients event
2026-07-13 18:25:24;m: rufean 11;rise of the ancients event
2026-07-13 18:25:25;m: maakosky;rise of the ancients event
2026-07-13 18:25:26;m: maakosky;rise of the ancients event
2026-07-13 18:25:27;m: maakosky;rise of the ancients event
2026-07-13 18:25:27;m: maakosky;rise of the ancients event
2026-07-13 18:25:28;m: benxander;rise of the ancients event
2026-07-13 18:25:29;m: benxander;rise of the ancients event
2026-07-13 18:25:30;m: benxander;rise of the ancients event
2026-07-13 18:25:30;m: benxander;rise of the ancients event
2026-07-13 18:25:31;m: astralsito;rise of the ancients event
2026-07-13 18:25:32;m: astralsito;rise of the ancients event
2026-07-13 18:25:33;m: astralsito;rise of the ancients event
2026-07-13 18:25:33;m: astralsito;rise of the ancients event
2026-07-13 18:25:34;m: durga;rise of the ancients event
2026-07-13 18:25:35;m: francescaromana;level 15 crypt
2026-07-13 18:25:35;m: maakosky;rise of the ancients event
2026-07-13 18:25:36;m: marg;rise of the ancients event
2026-07-13 18:25:37;m: marg;rise of the ancients event
2026-07-13 18:25:38;m: marg;rise of the ancients event
2026-07-13 18:25:38;m: marg;rise of the ancients event
2026-07-13 18:25:39;m: marg;rise of the ancients event
2026-07-13 18:25:40;m: marg;rise of the ancients event
2026-07-13 18:25:40;m: marg;rise of the ancients event
2026-07-13 18:25:41;m: marg;rise of the ancients event
2026-07-13 18:25:42;m: francescaromana;level 15 crypt
2026-07-13 18:25:43;m: benxander;rise of the ancients event
2026-07-13 18:25:43;m: jodotodo;rise of the ancients event
2026-07-13 18:25:44;m: jodotodo;rise of the ancients event
2026-07-13 18:25:45;m: jodotodo;rise of the ancients event
2026-07-13 18:25:46;m: jodotodo;rise of the ancients event
2026-07-13 18:25:46;m: rufean 11;rise of the ancients event
2026-07-13 18:25:47;m: rufean 11;rise of the ancients event
2026-07-13 18:25:48;m: rufean 11;rise of the ancients event
2026-07-13 18:25:48;m: rufean 11;rise of the ancients event
2026-07-13 18:25:49;m: rufean 11;rise of the ancients event
2026-07-13 18:25:50;m: rufean 11;rise of the ancients event
2026-07-13 18:25:51;m: rufean 11;rise of the ancients event
2026-07-13 18:25:51;m: rufean 11;rise of the ancients event
2026-07-13 18:25:52;m: biin;rise of the ancients event
2026-07-13 18:25:53;m: biin;rise of the ancients event
2026-07-13 18:25:54;m: biin;rise of the ancients event
2026-07-13 18:25:54;m: biin;rise of the ancients event
2026-07-13 18:25:55;m: francescaromana;level 15 crypt
2026-07-13 18:25:56;m: kezuru es;epic ancient squad
2026-07-13 18:25:57;m: kezuru es;epic ancient squad
2026-07-13 18:25:57;m: kezuru es;epic ancient squad
2026-07-13 18:25:58;m: kezuru es;epic ancient squad
2026-07-13 18:25:59;m: kezuru es;epic ancient squad
2026-07-13 18:25:59;m: kezuru es;epic ancient squad
2026-07-13 18:26:00;m: kezuru es;epic ancient squad
2026-07-13 18:26:01;m: kezuru es;epic ancient squad
2026-07-13 18:26:02;m: kezuru es;epic ancient squad
2026-07-13 18:26:02;m: kezuru es;epic ancient squad
2026-07-13 18:26:03;m: kezuru es;epic ancient squad
2026-07-13 18:26:04;m: kezuru es;epic ancient squad
2026-07-13 18:26:05;m: kezuru es;epic ancient squad
2026-07-13 18:26:05;m: kezuru es;epic ancient squad
2026-07-13 18:26:06;m: kezuru es;epic ancient squad
2026-07-13 18:26:07;m: kezuru es;epic ancient squad
2026-07-13 18:26:07;m: kezuru es;epic ancient squad
2026-07-13 18:26:08;m: kezuru es;epic ancient squad
2026-07-13 18:26:09;m: kezuru es;epic ancient squad
2026-07-13 18:26:10;m: kezuru es;epic ancient squad
2026-07-13 18:26:10;m: kezuru es;epic ancient squad
2026-07-13 18:26:11;m: kezuru es;epic ancient squad
2026-07-13 18:26:12;m: kezuru es;epic ancient squad
2026-07-13 18:26:13;m: kezuru es;epic ancient squad
2026-07-13 18:26:13;m: kezuru es;epic ancient squad
2026-07-13 18:26:14;m: kezuru es;epic ancient squad
2026-07-13 18:26:15;m: kezuru es;epic ancient squad
2026-07-13 18:26:16;m: kezuru es;epic ancient squad
2026-07-13 18:26:16;m: kezuru es;epic ancient squad
2026-07-13 18:26:17;m: kezuru es;epic ancient squad
2026-07-13 18:26:18;m: kezuru es;epic ancient squad
2026-07-13 18:26:18;m: kezuru es;epic ancient squad
2026-07-13 18:26:19;m: kezuru es;epic ancient squad
2026-07-13 18:26:20;m: kezuru es;epic ancient squad
2026-07-13 18:26:21;m: kezuru es;epic ancient squad
2026-07-13 18:26:21;m: kezuru es;epic ancient squad
2026-07-13 18:26:22;m: kezuru es;epic ancient squad
2026-07-13 18:26:23;m: kezuru es;epic ancient squad
2026-07-13 18:26:24;m: kezuru es;epic ancient squad
2026-07-13 18:26:24;m: kezuru es;epic ancient squad
2026-07-13 18:26:25;m: kezuru es;epic ancient squad
2026-07-13 18:26:26;m: kezuru es;epic ancient squad
2026-07-13 18:26:27;m: kezuru es;epic ancient squad
2026-07-13 18:26:27;m: kezuru es;epic ancient squad
2026-07-13 18:26:28;m: kezuru es;epic ancient squad
2026-07-13 18:26:29;m: kezuru es;epic ancient squad
2026-07-13 18:26:29;m: kezuru es;epic ancient squad
2026-07-13 18:26:30;m: kezuru es;epic ancient squad
2026-07-13 18:26:31;m: kezuru es;epic ancient squad
2026-07-13 18:26:32;m: kezuru es;epic ancient squad
2026-07-13 18:26:32;m: kezuru es;epic ancient squad
2026-07-13 18:26:33;m: kezuru es;epic ancient squad
2026-07-13 18:26:34;m: kezuru es;epic ancient squad
2026-07-13 18:26:35;m: kezuru es;epic ancient squad
2026-07-13 18:26:35;m: kezuru es;epic ancient squad
2026-07-13 18:26:36;m: kezuru es;epic ancient squad
2026-07-13 18:26:37;m: kezuru es;epic ancient squad
2026-07-13 18:26:37;m: kezuru es;epic ancient squad
2026-07-13 18:26:38;m: kezuru es;epic ancient squad
2026-07-13 18:26:39;m: kezuru es;epic ancient squad
2026-07-13 18:26:40;m: kezuru es;epic ancient squad
2026-07-13 18:26:40;m: kezuru es;epic ancient squad
2026-07-13 18:26:41;m: kezuru es;epic ancient squad
2026-07-13 18:26:42;m: kezuru es;epic ancient squad
2026-07-13 18:26:43;m: kezuru es;epic ancient squad
2026-07-13 18:26:43;m: kezuru es;epic ancient squad
2026-07-13 18:26:44;m: kezuru es;epic ancient squad
2026-07-13 18:26:45;m: kezuru es;epic ancient squad
2026-07-13 18:26:46;m: kezuru es;epic ancient squad
2026-07-13 18:26:46;m: kezuru es;epic ancient squad
2026-07-13 18:26:47;m: kezuru es;epic ancient squad
2026-07-13 18:26:48;m: kezuru es;epic ancient squad
2026-07-13 18:26:49;m: kezuru es;epic ancient squad
2026-07-13 18:26:49;m: kezuru es;epic ancient squad
2026-07-13 18:26:50;m: kezuru es;epic ancient squad
2026-07-13 18:26:51;m: kezuru es;epic ancient squad
2026-07-13 18:26:51;m: kezuru es;epic ancient squad
2026-07-13 18:26:52;m: kezuru es;epic ancient squad
2026-07-13 18:26:53;m: kezuru es;epic ancient squad
2026-07-13 18:26:54;m: kezuru es;epic ancient squad
2026-07-13 18:26:54;m: kezuru es;epic ancient squad
2026-07-13 18:26:55;m: kezuru es;epic ancient squad
2026-07-13 18:26:56;m: kezuru es;epic ancient squad
2026-07-13 18:26:57;m: kezuru es;epic ancient squad
2026-07-13 18:26:57;m: kezuru es;epic ancient squad
2026-07-13 18:26:58;m: kezuru es;epic ancient squad
2026-07-13 18:26:59;m: kezuru es;epic ancient squad
2026-07-13 18:27:00;m: kezuru es;epic ancient squad
2026-07-13 18:27:00;m: kezuru es;epic ancient squad
2026-07-13 18:27:01;m: kezuru es;epic ancient squad
2026-07-13 18:27:02;m: kezuru es;epic ancient squad
2026-07-13 18:27:02;m: kezuru es;epic ancient squad
2026-07-13 18:27:03;m: kezuru es;epic ancient squad
2026-07-13 18:27:04;m: kezuru es;epic ancient squad
2026-07-13 18:27:05;m: kezuru es;epic ancient squad
2026-07-13 18:27:05;m: kezuru es;epic ancient squad
2026-07-13 18:27:06;m: kezuru es;epic ancient squad
2026-07-13 18:27:07;m: kezuru es;epic ancient squad
2026-07-13 18:27:08;m: kezuru es;epic ancient squad
2026-07-13 18:27:08;m: kezuru es;epic ancient squad
2026-07-13 18:27:09;m: kezuru es;epic ancient squad
2026-07-13 18:27:10;m: kezuru es;epic ancient squad
2026-07-13 18:27:10;m: kezuru es;epic ancient squad
2026-07-13 18:27:11;m: kezuru es;epic ancient squad
2026-07-13 18:27:12;m: kezuru es;epic ancient squad
2026-07-13 18:27:13;m: kezuru es;epic ancient squad
2026-07-13 18:27:13;m: kezuru es;epic ancient squad
2026-07-13 18:27:14;m: kezuru es;epic ancient squad
2026-07-13 18:27:15;m: kezuru es;epic ancient squad
2026-07-13 18:27:16;m: kezuru es;epic ancient squad
2026-07-13 18:27:16;m: kezuru es;epic ancient squad
2026-07-13 18:27:17;m: kezuru es;epic ancient squad
2026-07-13 18:27:18;m: kezuru es;epic ancient squad
2026-07-13 18:27:19;m: kezuru es;epic ancient squad
2026-07-13 18:27:19;m: kezuru es;epic ancient squad
2026-07-13 18:27:20;m: kezuru es;epic ancient squad
2026-07-13 18:27:21;m: kezuru es;epic ancient squad
2026-07-13 18:27:21;m: kezuru es;epic ancient squad
2026-07-13 18:27:22;m: kezuru es;epic ancient squad
2026-07-13 18:27:23;m: kezuru es;epic ancient squad
2026-07-13 18:27:24;m: kezuru es;epic ancient squad
2026-07-13 18:27:24;m: kezuru es;epic ancient squad
2026-07-13 18:27:25;m: kezuru es;epic ancient squad
2026-07-13 18:27:26;m: kezuru es;epic ancient squad
2026-07-13 18:27:27;m: kezuru es;epic ancient squad
2026-07-13 18:27:27;m: kezuru es;epic ancient squad
2026-07-13 18:27:28;m: kezuru es;epic ancient squad
2026-07-13 18:27:29;m: kezuru es;epic ancient squad
2026-07-13 18:27:30;m: kezuru es;epic ancient squad
2026-07-13 18:27:30;m: kezuru es;epic ancient squad
2026-07-13 18:27:31;m: kezuru es;epic ancient squad
2026-07-13 18:27:32;m: kezuru es;epic ancient squad
2026-07-13 18:27:32;m: kezuru es;epic ancient squad
2026-07-13 18:27:33;m: kezuru es;epic ancient squad
2026-07-13 18:27:34;m: kezuru es;epic ancient squad
2026-07-13 18:27:35;m: kezuru es;epic ancient squad
2026-07-13 18:27:35;m: kezuru es;epic ancient squad
2026-07-13 18:27:36;m: kezuru es;epic ancient squad
2026-07-13 18:27:37;m: kezuru es;epic ancient squad
2026-07-13 18:27:38;m: kezuru es;epic ancient squad
2026-07-13 18:27:38;m: kezuru es;epic ancient squad
2026-07-13 18:27:39;m: kezuru es;epic ancient squad
2026-07-13 18:27:40;m: kezuru es;epic ancient squad
2026-07-13 18:27:41;m: kezuru es;epic ancient squad
2026-07-13 18:27:41;m: kezuru es;epic ancient squad
2026-07-13 18:27:42;m: kezuru es;epic ancient squad
2026-07-13 18:27:43;m: kezuru es;epic ancient squad
2026-07-13 18:27:44;m: kezuru es;epic ancient squad
2026-07-13 18:27:44;m: kezuru es;epic ancient squad
2026-07-13 18:27:45;m: kezuru es;epic ancient squad
2026-07-13 18:27:46;m: kezuru es;epic ancient squad
2026-07-13 18:27:47;m: kezuru es;epic ancient squad
2026-07-13 18:27:47;m: kezuru es;epic ancient squad
2026-07-13 18:27:48;m: kezuru es;epic ancient squad
2026-07-13 18:27:49;m: kezuru es;epic ancient squad
2026-07-13 18:27:49;m: kezuru es;epic ancient squad
2026-07-13 18:27:50;m: kezuru es;epic ancient squad
2026-07-13 18:27:51;m: kezuru es;epic ancient squad
2026-07-13 18:27:52;m: kezuru es;epic ancient squad
2026-07-13 18:27:52;m: kezuru es;epic ancient squad
2026-07-13 18:27:53;m: kezuru es;epic ancient squad
2026-07-13 18:27:54;m: kezuru es;epic ancient squad
2026-07-13 18:27:55;m: kezuru es;epic ancient squad
2026-07-13 18:27:55;m: kezuru es;epic ancient squad
2026-07-13 18:27:56;m: kezuru es;epic ancient squad
2026-07-13 18:27:57;m: kezuru es;epic ancient squad
2026-07-13 18:27:58;m: kezuru es;epic ancient squad
2026-07-13 18:27:58;m: kezuru es;epic ancient squad
2026-07-13 18:27:59;m: kezuru es;epic ancient squad
2026-07-13 18:28:00;m: kezuru es;epic ancient squad
2026-07-13 18:28:00;m: kezuru es;epic ancient squad
2026-07-13 18:28:01;m: kezuru es;epic ancient squad
2026-07-13 18:28:02;m: kezuru es;epic ancient squad
2026-07-13 18:28:03;m: kezuru es;epic ancient squad
2026-07-13 18:28:03;m: kezuru es;epic ancient squad
2026-07-13 18:28:04;m: kezuru es;epic ancient squad
2026-07-13 18:28:05;m: kezuru es;epic ancient squad
2026-07-13 18:28:06;m: kezuru es;epic ancient squad
2026-07-13 18:28:06;m: kezuru es;epic ancient squad
2026-07-13 18:28:07;m: kezuru es;epic ancient squad
2026-07-13 18:28:08;m: kezuru es;epic ancient squad
2026-07-13 18:28:08;m: kezuru es;epic ancient squad
2026-07-13 18:28:09;m: kezuru es;epic ancient squad
2026-07-13 18:28:10;m: kezuru es;epic ancient squad
2026-07-13 18:28:11;m: kezuru es;epic ancient squad
2026-07-13 18:28:11;m: kezuru es;epic ancient squad
2026-07-13 18:28:12;m: kezuru es;epic ancient squad
2026-07-13 18:28:13;m: kezuru es;epic ancient squad
2026-07-13 18:28:14;m: kezuru es;epic ancient squad
2026-07-13 18:28:14;m: kezuru es;epic ancient squad
2026-07-13 18:28:15;m: kezuru es;epic ancient squad
2026-07-13 18:28:16;m: kezuru es;epic ancient squad
2026-07-13 18:28:17;m: kezuru es;epic ancient squad
2026-07-13 18:28:17;m: kezuru es;epic ancient squad
2026-07-13 18:28:18;m: kezuru es;epic ancient squad
2026-07-13 18:28:19;m: kezuru es;epic ancient squad
2026-07-13 18:28:20;m: kezuru es;epic ancient squad
2026-07-13 18:28:20;m: kezuru es;epic ancient squad
2026-07-13 18:28:21;m: kezuru es;epic ancient squad
2026-07-13 18:28:22;m: kezuru es;epic ancient squad
2026-07-13 18:28:23;m: kezuru es;epic ancient squad
2026-07-13 18:28:23;m: kezuru es;epic ancient squad
2026-07-13 18:28:24;m: kezuru es;epic ancient squad
2026-07-13 18:28:25;m: kezuru es;epic ancient squad
2026-07-13 18:28:26;m: kezuru es;epic ancient squad
2026-07-13 18:28:26;m: kezuru es;epic ancient squad
2026-07-13 18:28:27;m: kezuru es;epic ancient squad
2026-07-13 18:28:28;m: kezuru es;epic ancient squad
2026-07-13 18:28:28;m: kezuru es;epic ancient squad
2026-07-13 18:28:29;m: kezuru es;epic ancient squad
2026-07-13 18:28:30;m: kezuru es;epic ancient squad
2026-07-13 18:28:31;m: kezuru es;epic ancient squad
2026-07-13 18:28:31;m: kezuru es;epic ancient squad
2026-07-13 18:28:32;m: kezuru es;epic ancient squad
2026-07-13 18:28:33;m: kezuru es;epic ancient squad
2026-07-13 18:28:34;m: kezuru es;epic ancient squad
2026-07-13 18:28:34;m: kezuru es;epic ancient squad
2026-07-13 18:28:35;m: kezuru es;epic ancient squad
2026-07-13 18:28:36;m: kezuru es;epic ancient squad
2026-07-13 18:28:37;m: kezuru es;epic ancient squad
2026-07-13 18:28:37;m: kezuru es;epic ancient squad
2026-07-13 18:28:38;m: kezuru es;epic ancient squad
2026-07-13 18:28:39;m: kezuru es;epic ancient squad
2026-07-13 18:28:39;m: kezuru es;epic ancient squad
2026-07-13 18:28:40;m: kezuru es;epic ancient squad
2026-07-13 18:28:41;m: kezuru es;epic ancient squad
2026-07-13 18:28:42;m: kezuru es;epic ancient squad
2026-07-13 18:28:42;m: kezuru es;epic ancient squad
2026-07-13 18:28:43;m: kezuru es;epic ancient squad
2026-07-13 18:28:44;m: kezuru es;epic ancient squad
2026-07-13 18:28:45;m: kezuru es;epic ancient squad
2026-07-13 18:28:45;m: kezuru es;epic ancient squad
2026-07-13 18:28:46;m: kezuru es;epic ancient squad
2026-07-13 18:28:47;m: kezuru es;epic ancient squad
2026-07-13 18:28:47;m: kezuru es;epic ancient squad
2026-07-13 18:28:48;m: kezuru es;epic ancient squad
2026-07-13 18:28:49;m: kezuru es;epic ancient squad
2026-07-13 18:28:50;m: kezuru es;epic ancient squad
2026-07-13 18:28:50;m: kezuru es;epic ancient squad
2026-07-13 18:28:51;m: kezuru es;epic ancient squad
2026-07-13 18:28:52;m: kezuru es;epic ancient squad
2026-07-13 18:28:53;m: kezuru es;epic ancient squad
2026-07-13 18:28:53;m: kezuru es;epic ancient squad
2026-07-13 18:28:54;m: kezuru es;epic ancient squad
2026-07-13 18:28:55;m: kezuru es;epic ancient squad
2026-07-13 18:28:56;m: kezuru es;epic ancient squad
2026-07-13 18:28:56;m: kezuru es;epic ancient squad
2026-07-13 18:28:57;m: kezuru es;epic ancient squad
2026-07-13 18:28:58;m: kezuru es;epic ancient squad
2026-07-13 18:28:59;m: kezuru es;epic ancient squad
2026-07-13 18:28:59;m: kezuru es;epic ancient squad
2026-07-13 18:29:00;m: kezuru es;epic ancient squad
2026-07-13 18:29:01;m: kezuru es;epic ancient squad
2026-07-13 18:29:01;m: kezuru es;epic ancient squad
2026-07-13 18:29:02;m: kezuru es;epic ancient squad
2026-07-13 18:29:03;m: kezuru es;epic ancient squad
2026-07-13 18:29:04;m: kezuru es;epic ancient squad
2026-07-13 18:29:04;m: kezuru es;epic ancient squad
2026-07-13 18:29:05;m: kezuru es;epic ancient squad
2026-07-13 18:29:06;m: kezuru es;epic ancient squad
2026-07-13 18:29:07;m: kezuru es;epic ancient squad
2026-07-13 18:29:07;m: kezuru es;epic ancient squad
2026-07-13 18:29:08;m: kezuru es;epic ancient squad
2026-07-13 18:29:09;m: kezuru es;epic ancient squad
2026-07-13 18:29:09;m: kezuru es;epic ancient squad
2026-07-13 18:29:10;m: kezuru es;epic ancient squad
2026-07-13 18:29:11;m: kezuru es;epic ancient squad
2026-07-13 18:29:12;m: kezuru es;epic ancient squad
2026-07-13 18:29:12;m: kezuru es;epic ancient squad
2026-07-13 18:29:13;m: kezuru es;epic ancient squad
2026-07-13 18:29:14;m: kezuru es;epic ancient squad
2026-07-13 18:29:15;m: kezuru es;epic ancient squad
2026-07-13 18:29:15;m: kezuru es;epic ancient squad
2026-07-13 18:29:16;m: kezuru es;epic ancient squad
2026-07-13 18:29:17;m: kezuru es;epic ancient squad
2026-07-13 18:29:18;m: kezuru es;epic ancient squad
2026-07-13 18:29:18;m: kezuru es;epic ancient squad
2026-07-13 18:29:19;m: kezuru es;epic ancient squad
2026-07-13 18:29:20;m: kezuru es;epic ancient squad
2026-07-13 18:29:20;m: kezuru es;epic ancient squad
2026-07-13 18:29:21;m: kezuru es;epic ancient squad
2026-07-13 18:29:22;m: kezuru es;epic ancient squad
2026-07-13 18:29:23;m: kezuru es;epic ancient squad
2026-07-13 18:29:23;m: kezuru es;epic ancient squad
2026-07-13 18:29:24;m: kezuru es;epic ancient squad
2026-07-13 18:29:25;m: kezuru es;epic ancient squad
2026-07-13 18:29:26;m: kezuru es;epic ancient squad
2026-07-13 18:29:26;m: kezuru es;epic ancient squad
2026-07-13 18:29:27;m: kezuru es;epic ancient squad
2026-07-13 18:29:28;m: kezuru es;epic ancient squad
2026-07-13 18:29:29;m: kezuru es;epic ancient squad
2026-07-13 18:29:29;m: kezuru es;epic ancient squad
2026-07-13 18:29:30;m: kezuru es;epic ancient squad
2026-07-13 18:29:31;m: kezuru es;epic ancient squad
2026-07-13 18:29:31;m: kezuru es;epic ancient squad
2026-07-13 18:29:32;m: kezuru es;epic ancient squad
2026-07-13 18:29:33;m: kezuru es;epic ancient squad
2026-07-13 18:29:34;m: kezuru es;epic ancient squad
2026-07-13 18:29:34;m: kezuru es;epic ancient squad
2026-07-13 18:29:35;m: kezuru es;epic ancient squad
2026-07-13 18:29:36;m: kezuru es;epic ancient squad
2026-07-13 18:29:37;m: kezuru es;epic ancient squad
2026-07-13 18:29:37;m: kezuru es;epic ancient squad
2026-07-13 18:29:38;m: kezuru es;epic ancient squad
2026-07-13 18:29:39;m: kezuru es;epic ancient squad
2026-07-13 18:29:39;m: kezuru es;epic ancient squad
2026-07-13 18:29:40;m: kezuru es;epic ancient squad
2026-07-13 18:29:41;m: kezuru es;epic ancient squad
2026-07-13 18:29:42;m: kezuru es;epic ancient squad
2026-07-13 18:29:42;m: kezuru es;epic ancient squad
2026-07-13 18:29:43;m: kezuru es;epic ancient squad
2026-07-13 18:29:44;m: kezuru es;epic ancient squad
2026-07-13 18:29:45;m: kezuru es;epic ancient squad
2026-07-13 18:29:45;m: kezuru es;epic ancient squad
2026-07-13 18:29:46;m: kezuru es;epic ancient squad
2026-07-13 18:29:47;m: kezuru es;epic ancient squad
2026-07-13 18:29:48;m: kezuru es;epic ancient squad
2026-07-13 18:29:48;m: kezuru es;epic ancient squad
2026-07-13 18:29:49;m: kezuru es;epic ancient squad
2026-07-13 18:29:50;m: kezuru es;epic ancient squad
2026-07-13 18:29:51;m: kezuru es;epic ancient squad
2026-07-13 18:29:51;m: kezuru es;epic ancient squad
2026-07-13 18:29:52;m: kezuru es;epic ancient squad
2026-07-13 18:29:53;m: kezuru es;epic ancient squad
2026-07-13 18:29:54;m: kezuru es;epic ancient squad
2026-07-13 18:29:54;m: kezuru es;epic ancient squad
2026-07-13 18:29:55;m: kezuru es;epic ancient squad
2026-07-13 18:29:56;m: kezuru es;epic ancient squad
2026-07-13 18:29:57;m: kezuru es;epic ancient squad
2026-07-13 18:29:57;m: kezuru es;epic ancient squad
2026-07-13 18:29:58;m: kezuru es;epic ancient squad
2026-07-13 18:29:59;m: kezuru es;epic ancient squad
2026-07-13 18:29:59;m: kezuru es;epic ancient squad
2026-07-13 18:30:00;m: kezuru es;epic ancient squad
2026-07-13 18:30:01;m: kezuru es;epic ancient squad
2026-07-13 18:30:02;m: kezuru es;epic ancient squad
2026-07-13 18:30:02;m: kezuru es;epic ancient squad
2026-07-13 18:30:03;m: kezuru es;epic ancient squad
2026-07-13 18:30:04;m: kezuru es;epic ancient squad
2026-07-13 18:30:05;m: kezuru es;epic ancient squad
2026-07-13 18:30:05;m: kezuru es;epic ancient squad
2026-07-13 18:30:06;m: kezuru es;epic ancient squad
2026-07-13 18:30:07;m: kezuru es;epic ancient squad
2026-07-13 18:30:08;m: kezuru es;epic ancient squad
2026-07-13 18:30:08;m: kezuru es;epic ancient squad
2026-07-13 18:30:09;m: kezuru es;epic ancient squad
2026-07-13 18:30:10;m: kezuru es;epic ancient squad
2026-07-13 18:30:10;m: kezuru es;epic ancient squad
2026-07-13 18:30:11;m: kezuru es;epic ancient squad
2026-07-13 18:30:12;m: kezuru es;epic ancient squad
2026-07-13 18:30:13;m: kezuru es;epic ancient squad
2026-07-13 18:30:13;m: kezuru es;epic ancient squad
2026-07-13 18:30:14;m: kezuru es;epic ancient squad
2026-07-13 18:30:15;m: kezuru es;epic ancient squad
2026-07-13 18:30:16;m: kezuru es;epic ancient squad
2026-07-13 18:30:16;m: kezuru es;epic ancient squad
2026-07-13 18:30:17;m: kezuru es;epic ancient squad
2026-07-13 18:30:18;m: kezuru es;epic ancient squad
2026-07-13 18:30:19;m: kezuru es;epic ancient squad
2026-07-13 18:30:19;m: kezuru es;epic ancient squad
2026-07-13 18:30:20;m: kezuru es;epic ancient squad
2026-07-13 18:30:21;m: kezuru es;epic ancient squad
2026-07-13 18:30:22;m: kezuru es;epic ancient squad
2026-07-13 18:30:22;m: kezuru es;epic ancient squad
2026-07-13 18:30:23;m: kezuru es;epic ancient squad
2026-07-13 18:30:24;m: kezuru es;epic ancient squad
2026-07-13 18:30:25;m: kezuru es;epic ancient squad
2026-07-13 18:30:25;m: kezuru es;epic ancient squad
2026-07-13 18:30:26;m: kezuru es;epic ancient squad
2026-07-13 18:30:27;m: kezuru es;epic ancient squad
2026-07-13 18:30:27;m: kezuru es;epic ancient squad
2026-07-13 18:30:28;m: kezuru es;epic ancient squad
2026-07-13 18:30:29;m: kezuru es;epic ancient squad
2026-07-13 18:30:30;m: kezuru es;epic ancient squad
2026-07-13 18:30:30;m: kezuru es;epic ancient squad
2026-07-13 18:30:31;m: kezuru es;epic ancient squad
2026-07-13 18:30:32;m: kezuru es;epic ancient squad
2026-07-13 18:30:33;m: kezuru es;epic ancient squad
2026-07-13 18:30:33;m: kezuru es;epic ancient squad
2026-07-13 18:30:34;m: kezuru es;epic ancient squad
2026-07-13 18:30:35;m: kezuru es;epic ancient squad
2026-07-13 18:30:36;m: kezuru es;epic ancient squad
2026-07-13 18:30:36;m: kezuru es;epic ancient squad
2026-07-13 18:30:37;m: kezuru es;epic ancient squad
2026-07-13 18:30:38;m: kezuru es;epic ancient squad
2026-07-13 18:30:38;m: kezuru es;epic ancient squad
2026-07-13 18:30:39;m: kezuru es;epic ancient squad
2026-07-13 18:30:40;m: kezuru es;epic ancient squad
2026-07-13 18:30:41;m: kezuru es;epic ancient squad
2026-07-13 18:30:41;m: kezuru es;epic ancient squad
2026-07-13 18:30:42;m: kezuru es;epic ancient squad
2026-07-13 18:30:43;m: kezuru es;epic ancient squad
2026-07-13 18:30:44;m: kezuru es;epic ancient squad
2026-07-13 18:30:44;m: kezuru es;epic ancient squad
2026-07-13 18:30:45;m: kezuru es;epic ancient squad
2026-07-13 18:30:46;m: kezuru es;epic ancient squad
2026-07-13 18:30:47;m: kezuru es;epic ancient squad
2026-07-13 18:30:47;m: kezuru es;epic ancient squad
2026-07-13 18:30:48;m: kezuru es;epic ancient squad
2026-07-13 18:30:49;m: kezuru es;epic ancient squad
2026-07-13 18:30:49;m: kezuru es;epic ancient squad
2026-07-13 18:30:50;m: kezuru es;epic ancient squad
2026-07-13 18:30:51;m: kezuru es;epic ancient squad
2026-07-13 18:30:52;m: kezuru es;epic ancient squad
2026-07-13 18:30:52;m: kezuru es;epic ancient squad
2026-07-13 18:30:53;m: kezuru es;epic ancient squad
2026-07-13 18:30:54;m: kezuru es;epic ancient squad
2026-07-13 18:30:55;m: kezuru es;epic ancient squad
2026-07-13 18:30:55;m: kezuru es;epic ancient squad
2026-07-13 18:30:56;m: kezuru es;epic ancient squad
2026-07-13 18:30:57;m: kezuru es;epic ancient squad
2026-07-13 18:30:57;m: kezuru es;epic ancient squad
2026-07-13 18:30:58;m: kezuru es;epic ancient squad
2026-07-13 18:30:59;m: kezuru es;epic ancient squad
2026-07-13 18:31:00;m: kezuru es;epic ancient squad
2026-07-13 18:31:00;m: kezuru es;epic ancient squad
2026-07-13 18:31:01;m: kezuru es;epic ancient squad
2026-07-13 18:31:02;m: kezuru es;epic ancient squad
2026-07-13 18:31:03;m: kezuru es;epic ancient squad
2026-07-13 18:31:03;m: kezuru es;epic ancient squad
2026-07-13 18:31:04;m: kezuru es;epic ancient squad
2026-07-13 18:31:05;m: kezuru es;epic ancient squad
2026-07-13 18:31:05;m: kezuru es;epic ancient squad
2026-07-13 18:31:06;m: kezuru es;epic ancient squad
2026-07-13 18:31:07;m: kezuru es;epic ancient squad
2026-07-13 18:31:08;m: kezuru es;epic ancient squad
2026-07-13 18:31:08;m: kezuru es;epic ancient squad o
2026-07-13 18:32:49;m: kezuru es;epic ancient squad
2026-07-13 18:32:49;m: kezuru es;epic ancient squad
2026-07-13 18:32:50;m: kezuru es;epic ancient squad
2026-07-13 18:32:51;m: kezuru es;epic ancient squad
2026-07-13 18:32:52;m: kezuru es;epic ancient squad
2026-07-13 18:32:52;m: kezuru es;epic ancient squad
2026-07-13 18:32:53;m: kezuru es;epic ancient squad
2026-07-13 18:32:54;m: kezuru es;epic ancient squad
2026-07-13 18:32:55;m: kezuru es;epic ancient squad
2026-07-13 18:32:55;m: kezuru es;epic ancient squad
2026-07-13 18:32:56;m: kezuru es;epic ancient squad
2026-07-13 18:32:57;m: kezuru es;epic ancient squad
2026-07-13 18:32:57;m: kezuru es;epic ancient squad
2026-07-13 18:32:58;m: kezuru es;epic ancient squad
2026-07-13 18:32:59;m: kezuru es;epic ancient squad
2026-07-13 18:33:00;m: kezuru es;epic ancient squad
2026-07-13 18:33:00;m: kezuru es;epic ancient squad
2026-07-13 18:33:01;m: kezuru es;epic ancient squad
2026-07-13 18:33:02;m: kezuru es;epic ancient squad
2026-07-13 18:33:02;m: kezuru es;epic ancient squad
2026-07-13 18:33:03;m: kezuru es;epic ancient squad
2026-07-13 18:33:04;m: kezuru es;epic ancient squad
2026-07-13 18:33:05;m: kezuru es;epic ancient squad
2026-07-13 18:33:05;m: kezuru es;epic ancient squad
2026-07-13 18:33:06;m: kezuru es;epic ancient squad
2026-07-13 18:33:07;m: kezuru es;epic ancient squad
2026-07-13 18:33:07;m: kezuru es;epic ancient squad
2026-07-13 18:33:08;m: kezuru es;epic ancient squad
2026-07-13 18:33:09;m: kezuru es;epic ancient squad
2026-07-13 18:33:10;m: kezuru es;epic ancient squad
2026-07-13 18:33:10;m: kezuru es;epic ancient squad
2026-07-13 18:33:11;m: kezuru es;epic ancient squad
2026-07-13 18:33:12;m: kezuru es;epic ancient squad
2026-07-13 18:33:13;m: kezuru es;epic ancient squad
2026-07-13 18:33:13;m: kezuru es;epic ancient squad
2026-07-13 18:33:14;m: kezuru es;epic ancient squad
2026-07-13 18:33:15;m: kezuru es;epic ancient squad
2026-07-13 18:33:16;m: kezuru es;epic ancient squad
2026-07-13 18:33:16;m: kezuru es;epic ancient squad
2026-07-13 18:33:17;m: kezuru es;epic ancient squad
2026-07-13 18:33:18;m: kezuru es;epic ancient squad
2026-07-13 18:33:18;m: kezuru es;epic ancient squad
2026-07-13 18:33:19;m: kezuru es;epic ancient squad
2026-07-13 18:33:20;m: kezuru es;epic ancient squad
2026-07-13 18:33:21;m: kezuru es;epic ancient squad
2026-07-13 18:33:21;m: kezuru es;epic ancient squad
2026-07-13 18:33:22;m: kezuru es;epic ancient squad
2026-07-13 18:33:23;m: kezuru es;epic ancient squad
2026-07-13 18:33:24;m: kezuru es;epic ancient squad
2026-07-13 18:33:24;m: kezuru es;epic ancient squad
2026-07-13 18:33:25;m: kezuru es;epic ancient squad
2026-07-13 18:33:26;m: kezuru es;epic ancient squad
2026-07-13 18:33:26;m: kezuru es;epic ancient squad
2026-07-13 18:33:27;m: kezuru es;epic ancient squad
2026-07-13 18:33:28;m: kezuru es;epic ancient squad
2026-07-13 18:33:29;m: kezuru es;epic ancient squad
2026-07-13 18:33:29;m: kezuru es;epic ancient squad
2026-07-13 18:33:30;m: kezuru es;epic ancient squad
2026-07-13 18:33:31;m: kezuru es;epic ancient squad
2026-07-13 18:33:32;m: kezuru es;epic ancient squad
2026-07-13 18:33:32;m: kezuru es;epic ancient squad
2026-07-13 18:33:33;m: kezuru es;epic ancient squad
2026-07-13 18:33:34;m: kezuru es;epic ancient squad
2026-07-13 18:33:34;m: kezuru es;epic ancient squad
2026-07-13 18:33:35;m: kezuru es;epic ancient squad
2026-07-13 18:33:36;m: kezuru es;epic ancient squad
2026-07-13 18:33:37;m: kezuru es;epic ancient squad
2026-07-13 18:33:37;m: kezuru es;epic ancient squad
2026-07-13 18:33:38;m: kezuru es;epic ancient squad
2026-07-13 18:33:39;m: kezuru es;epic ancient squad
2026-07-13 18:33:40;m: kezuru es;epic ancient squad
2026-07-13 18:33:40;m: kezuru es;epic ancient squad
2026-07-13 18:33:41;m: kezuru es;epic ancient squad
2026-07-13 18:33:42;m: kezuru es;epic ancient squad
2026-07-13 18:33:43;m: kezuru es;epic ancient squad
2026-07-13 18:33:43;m: kezuru es;epic ancient squad
2026-07-13 18:33:44;m: kezuru es;epic ancient squad
2026-07-13 18:33:45;m: kezuru es;epic ancient squad
2026-07-13 18:33:45;m: kezuru es;epic ancient squad
2026-07-13 18:33:46;m: kezuru es;epic ancient squad
2026-07-13 18:33:47;m: kezuru es;epic ancient squad
2026-07-13 18:33:48;m: kezuru es;epic ancient squad
2026-07-13 18:33:48;m: kezuru es;epic ancient squad
2026-07-13 18:33:49;m: kezuru es;epic ancient squad
2026-07-13 18:33:50;m: kezuru es;epic ancient squad
2026-07-13 18:33:51;m: kezuru es;epic ancient squad
2026-07-13 18:33:51;m: kezuru es;epic ancient squad
2026-07-13 18:33:52;m: kezuru es;epic ancient squad
2026-07-13 18:33:53;m: kezuru es;epic ancient squad
2026-07-13 18:33:53;m: kezuru es;epic ancient squad
2026-07-13 18:33:54;m: kezuru es;epic ancient squad
2026-07-13 18:33:55;m: kezuru es;epic ancient squad
2026-07-13 18:33:56;m: kezuru es;epic ancient squad
2026-07-13 18:33:56;m: kezuru es;epic ancient squad
2026-07-13 18:33:57;m: kezuru es;epic ancient squad
2026-07-13 18:33:58;m: kezuru es;epic ancient squad
2026-07-13 18:33:59;m: kezuru es;epic ancient squad
2026-07-13 18:33:59;m: kezuru es;epic ancient squad
2026-07-13 18:34:00;m: kezuru es;epic ancient squad
2026-07-13 18:34:01;m: kezuru es;epic ancient squad
2026-07-13 18:34:01;m: kezuru es;epic ancient squad
2026-07-13 18:34:02;m: kezuru es;epic ancient squad
2026-07-13 18:34:03;m: kezuru es;epic ancient squad
2026-07-13 18:34:04;m: kezuru es;epic ancient squad
2026-07-13 18:34:04;m: kezuru es;epic ancient squad
2026-07-13 18:34:05;m: kezuru es;epic ancient squad
2026-07-13 18:34:06;m: kezuru es;epic ancient squad
2026-07-13 18:34:07;m: kezuru es;epic ancient squad
2026-07-13 18:34:07;m: kezuru es;epic ancient squad
2026-07-13 18:34:08;m: kezuru es;epic ancient squad
2026-07-13 18:34:09;m: kezuru es;epic ancient squad
2026-07-13 18:34:10;m: kezuru es;epic ancient squad
2026-07-13 18:34:10;m: kezuru es;epic ancient squad
2026-07-13 18:34:11;m: kezuru es;epic ancient squad
2026-07-13 18:34:12;m: kezuru es;epic ancient squad
2026-07-13 18:34:12;m: kezuru es;epic ancient squad
2026-07-13 18:34:13;m: kezuru es;epic ancient squad
2026-07-13 18:34:14;m: kezuru es;epic ancient squad
2026-07-13 18:34:15;m: kezuru es;epic ancient squad
2026-07-13 18:34:15;m: kezuru es;epic ancient squad
2026-07-13 18:34:16;m: kezuru es;epic ancient squad
2026-07-13 18:34:17;m: kezuru es;epic ancient squad
2026-07-13 18:34:18;m: kezuru es;epic ancient squad
2026-07-13 18:34:18;m: kezuru es;epic ancient squad
2026-07-13 18:34:19;m: kezuru es;epic ancient squad
2026-07-13 18:34:20;m: kezuru es;epic ancient squad
2026-07-13 18:34:20;m: kezuru es;epic ancient squad
2026-07-13 18:34:21;m: kezuru es;epic ancient squad
2026-07-13 18:34:22;m: kezuru es;epic ancient squad
2026-07-13 18:34:23;m: kezuru es;epic ancient squad
2026-07-13 18:34:23;m: kezuru es;epic ancient squad
2026-07-13 18:34:24;m: kezuru es;epic ancient squad
2026-07-13 18:34:25;m: kezuru es;epic ancient squad
2026-07-13 18:34:26;m: kezuru es;epic ancient squad
2026-07-13 18:34:26;m: kezuru es;epic ancient squad
2026-07-13 18:34:27;m: kezuru es;epic ancient squad
2026-07-13 18:34:28;m: kezuru es;epic ancient squad
2026-07-13 18:34:28;m: kezuru es;epic ancient squad
2026-07-13 18:34:29;m: kezuru es;epic ancient squad
2026-07-13 18:34:30;m: kezuru es;epic ancient squad
2026-07-13 18:34:31;m: kezuru es;epic ancient squad
2026-07-13 18:34:31;m: kezuru es;epic ancient squad
2026-07-13 18:34:32;m: kezuru es;epic ancient squad
2026-07-13 18:34:33;m: kezuru es;epic ancient squad
2026-07-13 18:34:34;m: kezuru es;epic ancient squad
2026-07-13 18:34:34;m: kezuru es;epic ancient squad
2026-07-13 18:34:35;m: kezuru es;epic ancient squad
2026-07-13 18:34:36;m: kezuru es;epic ancient squad
2026-07-13 18:34:36;m: kezuru es;epic ancient squad
2026-07-13 18:34:37;m: kezuru es;epic ancient squad
2026-07-13 18:34:38;m: kezuru es;epic ancient squad
2026-07-13 18:34:39;m: kezuru es;epic ancient squad
2026-07-13 18:34:39;m: kezuru es;epic ancient squad
2026-07-13 18:34:40;m: kezuru es;epic ancient squad
2026-07-13 18:34:41;m: kezuru es;epic ancient squad
2026-07-13 18:34:42;m: kezuru es;epic ancient squad
2026-07-13 18:34:42;m: kezuru es;epic ancient squad
2026-07-13 18:34:43;m: kezuru es;epic ancient squad
2026-07-13 18:34:44;m: kezuru es;epic ancient squad
2026-07-13 18:34:44;m: kezuru es;epic ancient squad
2026-07-13 18:34:45;m: kezuru es;epic ancient squad
2026-07-13 18:34:46;m: kezuru es;epic ancient squad
2026-07-13 18:34:47;m: kezuru es;epic ancient squad
2026-07-13 18:34:47;m: kezuru es;epic ancient squad
2026-07-13 18:34:48;m: kezuru es;epic ancient squad
2026-07-13 18:34:49;m: kezuru es;epic ancient squad
2026-07-13 18:34:50;m: kezuru es;epic ancient squad
2026-07-13 18:34:50;m: kezuru es;epic ancient squad
2026-07-13 18:34:51;m: kezuru es;epic ancient squad
2026-07-13 18:34:52;m: kezuru es;epic ancient squad
2026-07-13 18:34:52;m: kezuru es;epic ancient squad
2026-07-13 18:34:53;m: kezuru es;epic ancient squad
2026-07-13 18:34:54;m: kezuru es;epic ancient squad
2026-07-13 18:34:55;m: rufean;rise of the ancients event
2026-07-13 18:34:55;m: rufean;rise of the ancients event
2026-07-13 18:34:56;m: rufean;rise of the ancients event
2026-07-13 18:34:57;m: rufean;rise of the ancients event
2026-07-13 18:34:58;m: maakosky;rise of the ancients event
2026-07-13 18:34:58;m: maakosky;rise of the ancients event
2026-07-13 18:34:59;m: maakosky;rise of the ancients event
2026-07-13 18:35:00;m: maakosky;rise of the ancients event
2026-07-13 18:35:00;m: maakosky;rise of the ancients event
2026-07-13 18:35:01;m: maakosky;rise of the ancients event
2026-07-13 18:35:02;m: maakosky;rise of the ancients event
2026-07-13 18:35:03;m: maakosky;rise of the ancients event
2026-07-13 18:35:03;m: jodotodo;level 25 crypt
2026-07-13 18:35:04;m: jodotodo;level 25 crypt
2026-07-13 18:35:05;m: jodotodo;level 25 crypt
2026-07-13 18:35:06;m: jodotodo;level 20 crypt
2026-07-13 18:35:06;m: meginan;level 20 crypt
